chapter#,verse#,verse,chapter,cluster
1,1,بسم الله الرحمٰن الرحيم,سورة الفاتحة,10
1,2,الحمد لله رب العٰلمين,سورة الفاتحة,16
1,3,الرحمٰن الرحيم,سورة الفاتحة,10
1,4,مٰلك يوم الدين,سورة الفاتحة,56
1,5,اياك نعبد واياك نستعين,سورة الفاتحة,0
1,6,اهدنا الصرٰط المستقيم,سورة الفاتحة,0
1,7,صرٰط الذين انعمت عليهم غير المغضوب عليهم ولا الضالين,سورة الفاتحة,44
2,0,سورة البقرة,سورة البقرة,6
2,0,بسم الله الرحمٰن الرحيم,سورة البقرة,10
2,1,الم,سورة البقرة,55
2,2,ذٰلك الكتٰب لا ريب فيه هدى للمتقين,سورة البقرة,21
2,3,الذين يؤمنون بالغيب ويقيمون الصلوٰة ومما رزقنٰهم ينفقون,سورة البقرة,48
2,4,والذين يؤمنون بما انزل اليك وما انزل من قبلك وبالاخرة هم يوقنون,سورة البقرة,68
2,5,اولٰئك علىٰ هدى من ربهم واولٰئك هم المفلحون,سورة البقرة,63
2,6,ان الذين كفروا سواء عليهم ءانذرتهم ام لم تنذرهم لا يؤمنون,سورة البقرة,60
2,7,ختم الله علىٰ قلوبهم وعلىٰ سمعهم وعلىٰ ابصٰرهم غشٰوة ولهم عذاب عظيم,سورة البقرة,43
2,8,ومن الناس من يقول ءامنا بالله وباليوم الاخر وما هم بمؤمنين,سورة البقرة,29
2,9,يخٰدعون الله والذين ءامنوا وما يخدعون الا انفسهم وما يشعرون,سورة البقرة,29
2,10,في قلوبهم مرض فزادهم الله مرضا ولهم عذاب اليم بما كانوا يكذبون,سورة البقرة,27
2,11,واذا قيل لهم لا تفسدوا في الارض قالوا انما نحن مصلحون,سورة البقرة,54
2,12,الا انهم هم المفسدون ولٰكن لا يشعرون,سورة البقرة,46
2,13,واذا قيل لهم ءامنوا كما ءامن الناس قالوا انؤمن كما ءامن السفهاء الا انهم هم السفهاء ولٰكن لا يعلمون,سورة البقرة,46
2,14,واذا لقوا الذين ءامنوا قالوا ءامنا واذا خلوا الىٰ شيٰطينهم قالوا انا معكم انما نحن مستهزءون,سورة البقرة,54
2,15,الله يستهزئ بهم ويمدهم في طغيٰنهم يعمهون,سورة البقرة,8
2,16,اولٰئك الذين اشتروا الضلٰلة بالهدىٰ فما ربحت تجٰرتهم وما كانوا مهتدين,سورة البقرة,63
2,17,مثلهم كمثل الذي استوقد نارا فلما اضاءت ما حوله ذهب الله بنورهم وتركهم في ظلمٰت لا يبصرون,سورة البقرة,43
2,18,صم بكم عمي فهم لا يرجعون,سورة البقرة,43
2,19,او كصيب من السماء فيه ظلمٰت ورعد وبرق يجعلون اصٰبعهم في ءاذانهم من الصوٰعق حذر الموت والله محيط بالكٰفرين,سورة البقرة,59
2,20,يكاد البرق يخطف ابصٰرهم كلما اضاء لهم مشوا فيه واذا اظلم عليهم قاموا ولو شاء الله لذهب بسمعهم وابصٰرهم ان الله علىٰ كل شيء قدير,سورة البقرة,19
2,21,يٰايها الناس اعبدوا ربكم الذي خلقكم والذين من قبلكم لعلكم تتقون,سورة البقرة,50
2,22,الذي جعل لكم الارض فرٰشا والسماء بناء وانزل من السماء ماء فاخرج به من الثمرٰت رزقا لكم فلا تجعلوا لله اندادا وانتم تعلمون,سورة البقرة,14
2,23,وان كنتم في ريب مما نزلنا علىٰ عبدنا فاتوا بسورة من مثله وادعوا شهداءكم من دون الله ان كنتم صٰدقين,سورة البقرة,1
2,24,فان لم تفعلوا ولن تفعلوا فاتقوا النار التي وقودها الناس والحجارة اعدت للكٰفرين,سورة البقرة,7
2,25,وبشر الذين ءامنوا وعملوا الصٰلحٰت ان لهم جنٰت تجري من تحتها الانهٰر كلما رزقوا منها من ثمرة رزقا قالوا هٰذا الذي رزقنا من قبل واتوا به متشٰبها ولهم فيها ازوٰج مطهرة وهم فيها خٰلدون,سورة البقرة,2
2,26,ان الله لا يستحي ان يضرب مثلا ما بعوضة فما فوقها فاما الذين ءامنوا فيعلمون انه الحق من ربهم واما الذين كفروا فيقولون ماذا اراد الله بهٰذا مثلا يضل به كثيرا ويهدي به كثيرا وما يضل به الا الفٰسقين,سورة البقرة,41
2,27,الذين ينقضون عهد الله من بعد ميثٰقه ويقطعون ما امر الله به ان يوصل ويفسدون في الارض اولٰئك هم الخٰسرون,سورة البقرة,35
2,28,كيف تكفرون بالله وكنتم اموٰتا فاحيٰكم ثم يميتكم ثم يحييكم ثم اليه ترجعون,سورة البقرة,69
2,29,هو الذي خلق لكم ما في الارض جميعا ثم استوىٰ الى السماء فسوىٰهن سبع سمٰوٰت وهو بكل شيء عليم,سورة البقرة,5
2,30,واذ قال ربك للملٰئكة اني جاعل في الارض خليفة قالوا اتجعل فيها من يفسد فيها ويسفك الدماء ونحن نسبح بحمدك ونقدس لك قال اني اعلم ما لا تعلمون,سورة البقرة,12
2,31,وعلم ءادم الاسماء كلها ثم عرضهم على الملٰئكة فقال انبوني باسماء هٰؤلاء ان كنتم صٰدقين,سورة البقرة,1
2,32,قالوا سبحٰنك لا علم لنا الا ما علمتنا انك انت العليم الحكيم,سورة البقرة,31
2,33,قال يٰادم انبئهم باسمائهم فلما انباهم باسمائهم قال الم اقل لكم اني اعلم غيب السمٰوٰت والارض واعلم ما تبدون وما كنتم تكتمون,سورة البقرة,26
2,34,واذ قلنا للملٰئكة اسجدوا لادم فسجدوا الا ابليس ابىٰ واستكبر وكان من الكٰفرين,سورة البقرة,7
2,35,وقلنا يٰادم اسكن انت وزوجك الجنة وكلا منها رغدا حيث شئتما ولا تقربا هٰذه الشجرة فتكونا من الظٰلمين,سورة البقرة,64
2,36,فازلهما الشيطٰن عنها فاخرجهما مما كانا فيه وقلنا اهبطوا بعضكم لبعض عدو ولكم في الارض مستقر ومتٰع الىٰ حين,سورة البقرة,0
2,37,فتلقىٰ ءادم من ربه كلمٰت فتاب عليه انه هو التواب الرحيم,سورة البقرة,36
2,38,قلنا اهبطوا منها جميعا فاما ياتينكم مني هدى فمن تبع هداي فلا خوف عليهم ولا هم يحزنون,سورة البقرة,44
2,39,والذين كفروا وكذبوا بايٰتنا اولٰئك اصحٰب النار هم فيها خٰلدون,سورة البقرة,63
2,40,يٰبني اسرٰءيل اذكروا نعمتي التي انعمت عليكم واوفوا بعهدي اوف بعهدكم وايٰي فارهبون,سورة البقرة,0
2,41,وءامنوا بما انزلت مصدقا لما معكم ولا تكونوا اول كافر به ولا تشتروا بايٰتي ثمنا قليلا وايٰي فاتقون,سورة البقرة,44
2,42,ولا تلبسوا الحق بالبٰطل وتكتموا الحق وانتم تعلمون,سورة البقرة,14
2,43,واقيموا الصلوٰة وءاتوا الزكوٰة واركعوا مع الرٰكعين,سورة البقرة,48
2,44,اتامرون الناس بالبر وتنسون انفسكم وانتم تتلون الكتٰب افلا تعقلون,سورة البقرة,14
2,45,واستعينوا بالصبر والصلوٰة وانها لكبيرة الا على الخٰشعين,سورة البقرة,35
2,46,الذين يظنون انهم ملٰقوا ربهم وانهم اليه رٰجعون,سورة البقرة,25
2,47,يٰبني اسرٰءيل اذكروا نعمتي التي انعمت عليكم واني فضلتكم على العٰلمين,سورة البقرة,16
2,48,واتقوا يوما لا تجزي نفس عن نفس شيا ولا يقبل منها شفٰعة ولا يؤخذ منها عدل ولا هم ينصرون,سورة البقرة,44
2,49,واذ نجينٰكم من ءال فرعون يسومونكم سوء العذاب يذبحون ابناءكم ويستحيون نساءكم وفي ذٰلكم بلاء من ربكم عظيم,سورة البقرة,42
2,50,واذ فرقنا بكم البحر فانجينٰكم واغرقنا ءال فرعون وانتم تنظرون,سورة البقرة,42
2,51,واذ وٰعدنا موسىٰ اربعين ليلة ثم اتخذتم العجل من بعده وانتم ظٰلمون,سورة البقرة,14
2,52,ثم عفونا عنكم من بعد ذٰلك لعلكم تشكرون,سورة البقرة,69
2,53,واذ ءاتينا موسى الكتٰب والفرقان لعلكم تهتدون,سورة البقرة,0
2,54,واذ قال موسىٰ لقومه يٰقوم انكم ظلمتم انفسكم باتخاذكم العجل فتوبوا الىٰ بارئكم فاقتلوا انفسكم ذٰلكم خير لكم عند بارئكم فتاب عليكم انه هو التواب الرحيم,سورة البقرة,17
2,55,واذ قلتم يٰموسىٰ لن نؤمن لك حتىٰ نرى الله جهرة فاخذتكم الصٰعقة وانتم تنظرون,سورة البقرة,14
2,56,ثم بعثنٰكم من بعد موتكم لعلكم تشكرون,سورة البقرة,69
2,57,وظللنا عليكم الغمام وانزلنا عليكم المن والسلوىٰ كلوا من طيبٰت ما رزقنٰكم وما ظلمونا ولٰكن كانوا انفسهم يظلمون,سورة البقرة,46
2,58,واذ قلنا ادخلوا هٰذه القرية فكلوا منها حيث شئتم رغدا وادخلوا الباب سجدا وقولوا حطة نغفر لكم خطٰيٰكم وسنزيد المحسنين,سورة البقرة,64
2,59,فبدل الذين ظلموا قولا غير الذي قيل لهم فانزلنا على الذين ظلموا رجزا من السماء بما كانوا يفسقون,سورة البقرة,27
2,60,واذ استسقىٰ موسىٰ لقومه فقلنا اضرب بعصاك الحجر فانفجرت منه اثنتا عشرة عينا قد علم كل اناس مشربهم كلوا واشربوا من رزق الله ولا تعثوا في الارض مفسدين,سورة البقرة,8
2,61,واذ قلتم يٰموسىٰ لن نصبر علىٰ طعام وٰحد فادع لنا ربك يخرج لنا مما تنبت الارض من بقلها وقثائها وفومها وعدسها وبصلها قال اتستبدلون الذي هو ادنىٰ بالذي هو خير اهبطوا مصرا فان لكم ما سالتم وضربت عليهم الذلة والمسكنة وباءو بغضب من الله ذٰلك بانهم كانوا يكفرون بايٰت الله ويقتلون النبين بغير الحق ذٰلك بما عصوا وكانوا يعتدون,سورة البقرة,3
2,62,ان الذين ءامنوا والذين هادوا والنصٰرىٰ والصٰبين من ءامن بالله واليوم الاخر وعمل صٰلحا فلهم اجرهم عند ربهم ولا خوف عليهم ولا هم يحزنون,سورة البقرة,44
2,63,واذ اخذنا ميثٰقكم ورفعنا فوقكم الطور خذوا ما ءاتينٰكم بقوة واذكروا ما فيه لعلكم تتقون,سورة البقرة,45
2,64,ثم توليتم من بعد ذٰلك فلولا فضل الله عليكم ورحمته لكنتم من الخٰسرين,سورة البقرة,69
2,65,ولقد علمتم الذين اعتدوا منكم في السبت فقلنا لهم كونوا قردة خٰسين,سورة البقرة,0
2,66,فجعلنٰها نكٰلا لما بين يديها وما خلفها وموعظة للمتقين,سورة البقرة,23
2,67,واذ قال موسىٰ لقومه ان الله يامركم ان تذبحوا بقرة قالوا اتتخذنا هزوا قال اعوذ بالله ان اكون من الجٰهلين,سورة البقرة,26
2,68,قالوا ادع لنا ربك يبين لنا ما هي قال انه يقول انها بقرة لا فارض ولا بكر عوان بين ذٰلك فافعلوا ما تؤمرون,سورة البقرة,4
2,69,قالوا ادع لنا ربك يبين لنا ما لونها قال انه يقول انها بقرة صفراء فاقع لونها تسر النٰظرين,سورة البقرة,4
2,70,قالوا ادع لنا ربك يبين لنا ما هي ان البقر تشٰبه علينا وانا ان شاء الله لمهتدون,سورة البقرة,19
2,71,قال انه يقول انها بقرة لا ذلول تثير الارض ولا تسقي الحرث مسلمة لا شية فيها قالوا الٰن جئت بالحق فذبحوها وما كادوا يفعلون,سورة البقرة,38
2,72,واذ قتلتم نفسا فادٰرٰتم فيها والله مخرج ما كنتم تكتمون,سورة البقرة,38
2,73,فقلنا اضربوه ببعضها كذٰلك يحي الله الموتىٰ ويريكم ءايٰته لعلكم تعقلون,سورة البقرة,21
2,74,ثم قست قلوبكم من بعد ذٰلك فهي كالحجارة او اشد قسوة وان من الحجارة لما يتفجر منه الانهٰر وان منها لما يشقق فيخرج منه الماء وان منها لما يهبط من خشية الله وما الله بغٰفل عما تعملون,سورة البقرة,64
2,75,افتطمعون ان يؤمنوا لكم وقد كان فريق منهم يسمعون كلٰم الله ثم يحرفونه من بعد ما عقلوه وهم يعلمون,سورة البقرة,69
2,76,واذا لقوا الذين ءامنوا قالوا ءامنا واذا خلا بعضهم الىٰ بعض قالوا اتحدثونهم بما فتح الله عليكم ليحاجوكم به عند ربكم افلا تعقلون,سورة البقرة,54
2,77,اولا يعلمون ان الله يعلم ما يسرون وما يعلنون,سورة البقرة,29
2,78,ومنهم اميون لا يعلمون الكتٰب الا اماني وان هم الا يظنون,سورة البقرة,31
2,79,فويل للذين يكتبون الكتٰب بايديهم ثم يقولون هٰذا من عند الله ليشتروا به ثمنا قليلا فويل لهم مما كتبت ايديهم وويل لهم مما يكسبون,سورة البقرة,41
2,80,وقالوا لن تمسنا النار الا اياما معدودة قل اتخذتم عند الله عهدا فلن يخلف الله عهده ام تقولون على الله ما لا تعلمون,سورة البقرة,17
2,81,بلىٰ من كسب سيئة واحٰطت به خطيته فاولٰئك اصحٰب النار هم فيها خٰلدون,سورة البقرة,32
2,82,والذين ءامنوا وعملوا الصٰلحٰت اولٰئك اصحٰب الجنة هم فيها خٰلدون,سورة البقرة,2
2,83,واذ اخذنا ميثٰق بني اسرٰءيل لا تعبدون الا الله وبالوٰلدين احسانا وذي القربىٰ واليتٰمىٰ والمسٰكين وقولوا للناس حسنا واقيموا الصلوٰة وءاتوا الزكوٰة ثم توليتم الا قليلا منكم وانتم معرضون,سورة البقرة,31
2,84,واذ اخذنا ميثٰقكم لا تسفكون دماءكم ولا تخرجون انفسكم من ديٰركم ثم اقررتم وانتم تشهدون,سورة البقرة,14
2,85,ثم انتم هٰؤلاء تقتلون انفسكم وتخرجون فريقا منكم من ديٰرهم تظٰهرون عليهم بالاثم والعدوٰن وان ياتوكم اسٰرىٰ تفٰدوهم وهو محرم عليكم اخراجهم افتؤمنون ببعض الكتٰب وتكفرون ببعض فما جزاء من يفعل ذٰلك منكم الا خزي في الحيوٰة الدنيا ويوم القيٰمة يردون الىٰ اشد العذاب وما الله بغٰفل عما تعملون,سورة البقرة,40
2,86,اولٰئك الذين اشتروا الحيوٰة الدنيا بالاخرة فلا يخفف عنهم العذاب ولا هم ينصرون,سورة البقرة,63
2,87,ولقد ءاتينا موسى الكتٰب وقفينا من بعده بالرسل وءاتينا عيسى ابن مريم البينٰت وايدنٰه بروح القدس افكلما جاءكم رسول بما لا تهوىٰ انفسكم استكبرتم ففريقا كذبتم وفريقا تقتلون,سورة البقرة,0
2,88,وقالوا قلوبنا غلف بل لعنهم الله بكفرهم فقليلا ما يؤمنون,سورة البقرة,9
2,89,ولما جاءهم كتٰب من عند الله مصدق لما معهم وكانوا من قبل يستفتحون على الذين كفروا فلما جاءهم ما عرفوا كفروا به فلعنة الله على الكٰفرين,سورة البقرة,7
2,90,بئسما اشتروا به انفسهم ان يكفروا بما انزل الله بغيا ان ينزل الله من فضله علىٰ من يشاء من عباده فباءو بغضب علىٰ غضب وللكٰفرين عذاب مهين,سورة البقرة,53
2,91,واذا قيل لهم ءامنوا بما انزل الله قالوا نؤمن بما انزل علينا ويكفرون بما وراءه وهو الحق مصدقا لما معهم قل فلم تقتلون انبياء الله من قبل ان كنتم مؤمنين,سورة البقرة,27
2,92,ولقد جاءكم موسىٰ بالبينٰت ثم اتخذتم العجل من بعده وانتم ظٰلمون,سورة البقرة,14
2,93,واذ اخذنا ميثٰقكم ورفعنا فوقكم الطور خذوا ما ءاتينٰكم بقوة واسمعوا قالوا سمعنا وعصينا واشربوا في قلوبهم العجل بكفرهم قل بئسما يامركم به ايمٰنكم ان كنتم مؤمنين,سورة البقرة,35
2,94,قل ان كانت لكم الدار الاخرة عند الله خالصة من دون الناس فتمنوا الموت ان كنتم صٰدقين,سورة البقرة,1
2,95,ولن يتمنوه ابدا بما قدمت ايديهم والله عليم بالظٰلمين,سورة البقرة,5
2,96,ولتجدنهم احرص الناس علىٰ حيوٰة ومن الذين اشركوا يود احدهم لو يعمر الف سنة وما هو بمزحزحه من العذاب ان يعمر والله بصير بما يعملون,سورة البقرة,27
2,97,قل من كان عدوا لجبريل فانه نزله علىٰ قلبك باذن الله مصدقا لما بين يديه وهدى وبشرىٰ للمؤمنين,سورة البقرة,59
2,98,من كان عدوا لله وملٰئكته ورسله وجبريل وميكىٰل فان الله عدو للكٰفرين,سورة البقرة,7
2,99,ولقد انزلنا اليك ءايٰت بينٰت وما يكفر بها الا الفٰسقون,سورة البقرة,31
2,100,اوكلما عٰهدوا عهدا نبذه فريق منهم بل اكثرهم لا يؤمنون,سورة البقرة,43
2,101,ولما جاءهم رسول من عند الله مصدق لما معهم نبذ فريق من الذين اوتوا الكتٰب كتٰب الله وراء ظهورهم كانهم لا يعلمون,سورة البقرة,43
2,102,واتبعوا ما تتلوا الشيٰطين علىٰ ملك سليمٰن وما كفر سليمٰن ولٰكن الشيٰطين كفروا يعلمون الناس السحر وما انزل على الملكين ببابل هٰروت ومٰروت وما يعلمان من احد حتىٰ يقولا انما نحن فتنة فلا تكفر فيتعلمون منهما ما يفرقون به بين المرء وزوجه وما هم بضارين به من احد الا باذن الله ويتعلمون ما يضرهم ولا ينفعهم ولقد علموا لمن اشترىٰه ما له في الاخرة من خلٰق ولبئس ما شروا به انفسهم لو كانوا يعلمون,سورة البقرة,29
2,103,ولو انهم ءامنوا واتقوا لمثوبة من عند الله خير لو كانوا يعلمون,سورة البقرة,25
2,104,يٰايها الذين ءامنوا لا تقولوا رٰعنا وقولوا انظرنا واسمعوا وللكٰفرين عذاب اليم,سورة البقرة,62
2,105,ما يود الذين كفروا من اهل الكتٰب ولا المشركين ان ينزل عليكم من خير من ربكم والله يختص برحمته من يشاء والله ذو الفضل العظيم,سورة البقرة,59
2,106,ما ننسخ من ءاية او ننسها نات بخير منها او مثلها الم تعلم ان الله علىٰ كل شيء قدير,سورة البقرة,30
2,107,الم تعلم ان الله له ملك السمٰوٰت والارض وما لكم من دون الله من ولي ولا نصير,سورة البقرة,66
2,108,ام تريدون ان تسلوا رسولكم كما سئل موسىٰ من قبل ومن يتبدل الكفر بالايمٰن فقد ضل سواء السبيل,سورة البقرة,60
2,109,ود كثير من اهل الكتٰب لو يردونكم من بعد ايمٰنكم كفارا حسدا من عند انفسهم من بعد ما تبين لهم الحق فاعفوا واصفحوا حتىٰ ياتي الله بامره ان الله علىٰ كل شيء قدير,سورة البقرة,59
2,110,واقيموا الصلوٰة وءاتوا الزكوٰة وما تقدموا لانفسكم من خير تجدوه عند الله ان الله بما تعملون بصير,سورة البقرة,17
2,111,وقالوا لن يدخل الجنة الا من كان هودا او نصٰرىٰ تلك امانيهم قل هاتوا برهٰنكم ان كنتم صٰدقين,سورة البقرة,1
2,112,بلىٰ من اسلم وجهه لله وهو محسن فله اجره عند ربه ولا خوف عليهم ولا هم يحزنون,سورة البقرة,44
2,113,وقالت اليهود ليست النصٰرىٰ علىٰ شيء وقالت النصٰرىٰ ليست اليهود علىٰ شيء وهم يتلون الكتٰب كذٰلك قال الذين لا يعلمون مثل قولهم فالله يحكم بينهم يوم القيٰمة فيما كانوا فيه يختلفون,سورة البقرة,40
2,114,ومن اظلم ممن منع مسٰجد الله ان يذكر فيها اسمه وسعىٰ في خرابها اولٰئك ما كان لهم ان يدخلوها الا خائفين لهم في الدنيا خزي ولهم في الاخرة عذاب عظيم,سورة البقرة,8
2,115,ولله المشرق والمغرب فاينما تولوا فثم وجه الله ان الله وٰسع عليم,سورة البقرة,3
2,116,وقالوا اتخذ الله ولدا سبحٰنه بل له ما في السمٰوٰت والارض كل له قٰنتون,سورة البقرة,66
2,117,بديع السمٰوٰت والارض واذا قضىٰ امرا فانما يقول له كن فيكون,سورة البقرة,66
2,118,وقال الذين لا يعلمون لولا يكلمنا الله او تاتينا ءاية كذٰلك قال الذين من قبلهم مثل قولهم تشٰبهت قلوبهم قد بينا الايٰت لقوم يوقنون,سورة البقرة,43
2,119,انا ارسلنٰك بالحق بشيرا ونذيرا ولا تسل عن اصحٰب الجحيم,سورة البقرة,52
2,120,ولن ترضىٰ عنك اليهود ولا النصٰرىٰ حتىٰ تتبع ملتهم قل ان هدى الله هو الهدىٰ ولئن اتبعت اهواءهم بعد الذي جاءك من العلم ما لك من الله من ولي ولا نصير,سورة البقرة,44
2,121,الذين ءاتينٰهم الكتٰب يتلونه حق تلاوته اولٰئك يؤمنون به ومن يكفر به فاولٰئك هم الخٰسرون,سورة البقرة,35
2,122,يٰبني اسرٰءيل اذكروا نعمتي التي انعمت عليكم واني فضلتكم على العٰلمين,سورة البقرة,16
2,123,واتقوا يوما لا تجزي نفس عن نفس شيا ولا يقبل منها عدل ولا تنفعها شفٰعة ولا هم ينصرون,سورة البقرة,44
2,124,واذ ابتلىٰ ابرٰهم ربه بكلمٰت فاتمهن قال اني جاعلك للناس اماما قال ومن ذريتي قال لا ينال عهدي الظٰلمين,سورة البقرة,26
2,125,واذ جعلنا البيت مثابة للناس وامنا واتخذوا من مقام ابرٰهم مصلى وعهدنا الىٰ ابرٰهم واسمٰعيل ان طهرا بيتي للطائفين والعٰكفين والركع السجود,سورة البقرة,58
2,126,واذ قال ابرٰهم رب اجعل هٰذا بلدا ءامنا وارزق اهله من الثمرٰت من ءامن منهم بالله واليوم الاخر قال ومن كفر فامتعه قليلا ثم اضطره الىٰ عذاب النار وبئس المصير,سورة البقرة,26
2,127,واذ يرفع ابرٰهم القواعد من البيت واسمٰعيل ربنا تقبل منا انك انت السميع العليم,سورة البقرة,0
2,128,ربنا واجعلنا مسلمين لك ومن ذريتنا امة مسلمة لك وارنا مناسكنا وتب علينا انك انت التواب الرحيم,سورة البقرة,21
2,129,ربنا وابعث فيهم رسولا منهم يتلوا عليهم ءايٰتك ويعلمهم الكتٰب والحكمة ويزكيهم انك انت العزيز الحكيم,سورة البقرة,61
2,130,ومن يرغب عن ملة ابرٰهم الا من سفه نفسه ولقد اصطفينٰه في الدنيا وانه في الاخرة لمن الصٰلحين,سورة البقرة,8
2,131,اذ قال له ربه اسلم قال اسلمت لرب العٰلمين,سورة البقرة,26
2,132,ووصىٰ بها ابرٰهم بنيه ويعقوب يٰبني ان الله اصطفىٰ لكم الدين فلا تموتن الا وانتم مسلمون,سورة البقرة,14
2,133,ام كنتم شهداء اذ حضر يعقوب الموت اذ قال لبنيه ما تعبدون من بعدي قالوا نعبد الٰهك والٰه ءابائك ابرٰهم واسمٰعيل واسحٰق الٰها وٰحدا ونحن له مسلمون,سورة البقرة,26
2,134,تلك امة قد خلت لها ما كسبت ولكم ما كسبتم ولا تسلون عما كانوا يعملون,سورة البقرة,39
2,135,وقالوا كونوا هودا او نصٰرىٰ تهتدوا قل بل ملة ابرٰهم حنيفا وما كان من المشركين,سورة البقرة,68
2,136,قولوا ءامنا بالله وما انزل الينا وما انزل الىٰ ابرٰهم واسمٰعيل واسحٰق ويعقوب والاسباط وما اوتي موسىٰ وعيسىٰ وما اوتي النبيون من ربهم لا نفرق بين احد منهم ونحن له مسلمون,سورة البقرة,29
2,137,فان ءامنوا بمثل ما ءامنتم به فقد اهتدوا وان تولوا فانما هم في شقاق فسيكفيكهم الله وهو السميع العليم,سورة البقرة,49
2,138,صبغة الله ومن احسن من الله صبغة ونحن له عٰبدون,سورة البقرة,3
2,139,قل اتحاجوننا في الله وهو ربنا وربكم ولنا اعمٰلنا ولكم اعمٰلكم ونحن له مخلصون,سورة البقرة,49
2,140,ام تقولون ان ابرٰهم واسمٰعيل واسحٰق ويعقوب والاسباط كانوا هودا او نصٰرىٰ قل ءانتم اعلم ام الله ومن اظلم ممن كتم شهٰدة عنده من الله وما الله بغٰفل عما تعملون,سورة البقرة,60
2,141,تلك امة قد خلت لها ما كسبت ولكم ما كسبتم ولا تسلون عما كانوا يعملون,سورة البقرة,39
2,142,سيقول السفهاء من الناس ما ولىٰهم عن قبلتهم التي كانوا عليها قل لله المشرق والمغرب يهدي من يشاء الىٰ صرٰط مستقيم,سورة البقرة,59
2,143,وكذٰلك جعلنٰكم امة وسطا لتكونوا شهداء على الناس ويكون الرسول عليكم شهيدا وما جعلنا القبلة التي كنت عليها الا لنعلم من يتبع الرسول ممن ينقلب علىٰ عقبيه وان كانت لكبيرة الا على الذين هدى الله وما كان الله ليضيع ايمٰنكم ان الله بالناس لرءوف رحيم,سورة البقرة,53
2,144,قد نرىٰ تقلب وجهك في السماء فلنولينك قبلة ترضىٰها فول وجهك شطر المسجد الحرام وحيث ما كنتم فولوا وجوهكم شطره وان الذين اوتوا الكتٰب ليعلمون انه الحق من ربهم وما الله بغٰفل عما يعملون,سورة البقرة,29
2,145,ولئن اتيت الذين اوتوا الكتٰب بكل ءاية ما تبعوا قبلتك وما انت بتابع قبلتهم وما بعضهم بتابع قبلة بعض ولئن اتبعت اهواءهم من بعد ما جاءك من العلم انك اذا لمن الظٰلمين,سورة البقرة,29
2,146,الذين ءاتينٰهم الكتٰب يعرفونه كما يعرفون ابناءهم وان فريقا منهم ليكتمون الحق وهم يعلمون,سورة البقرة,43
2,147,الحق من ربك فلا تكونن من الممترين,سورة البقرة,14
2,148,ولكل وجهة هو موليها فاستبقوا الخيرٰت اين ما تكونوا يات بكم الله جميعا ان الله علىٰ كل شيء قدير,سورة البقرة,53
2,149,ومن حيث خرجت فول وجهك شطر المسجد الحرام وانه للحق من ربك وما الله بغٰفل عما تعملون,سورة البقرة,65
2,150,ومن حيث خرجت فول وجهك شطر المسجد الحرام وحيث ما كنتم فولوا وجوهكم شطره لئلا يكون للناس عليكم حجة الا الذين ظلموا منهم فلا تخشوهم واخشوني ولاتم نعمتي عليكم ولعلكم تهتدون,سورة البقرة,0
2,151,كما ارسلنا فيكم رسولا منكم يتلوا عليكم ءايٰتنا ويزكيكم ويعلمكم الكتٰب والحكمة ويعلمكم ما لم تكونوا تعلمون,سورة البقرة,28
2,152,فاذكروني اذكركم واشكروا لي ولا تكفرون,سورة البقرة,44
2,153,يٰايها الذين ءامنوا استعينوا بالصبر والصلوٰة ان الله مع الصٰبرين,سورة البقرة,62
2,154,ولا تقولوا لمن يقتل في سبيل الله اموٰت بل احياء ولٰكن لا تشعرون,سورة البقرة,46
2,155,ولنبلونكم بشيء من الخوف والجوع ونقص من الاموٰل والانفس والثمرٰت وبشر الصٰبرين,سورة البقرة,59
2,156,الذين اذا اصٰبتهم مصيبة قالوا انا لله وانا اليه رٰجعون,سورة البقرة,37
2,157,اولٰئك عليهم صلوٰت من ربهم ورحمة واولٰئك هم المهتدون,سورة البقرة,63
2,158,ان الصفا والمروة من شعائر الله فمن حج البيت او اعتمر فلا جناح عليه ان يطوف بهما ومن تطوع خيرا فان الله شاكر عليم,سورة البقرة,3
2,159,ان الذين يكتمون ما انزلنا من البينٰت والهدىٰ من بعد ما بينٰه للناس في الكتٰب اولٰئك يلعنهم الله ويلعنهم اللٰعنون,سورة البقرة,35
2,160,الا الذين تابوا واصلحوا وبينوا فاولٰئك اتوب عليهم وانا التواب الرحيم,سورة البقرة,32
2,161,ان الذين كفروا وماتوا وهم كفار اولٰئك عليهم لعنة الله والملٰئكة والناس اجمعين,سورة البقرة,63
2,162,خٰلدين فيها لا يخفف عنهم العذاب ولا هم ينظرون,سورة البقرة,38
2,163,والٰهكم الٰه وٰحد لا الٰه الا هو الرحمٰن الرحيم,سورة البقرة,31
2,164,ان في خلق السمٰوٰت والارض واختلٰف اليل والنهار والفلك التي تجري في البحر بما ينفع الناس وما انزل الله من السماء من ماء فاحيا به الارض بعد موتها وبث فيها من كل دابة وتصريف الريٰح والسحاب المسخر بين السماء والارض لايٰت لقوم يعقلون,سورة البقرة,66
2,165,ومن الناس من يتخذ من دون الله اندادا يحبونهم كحب الله والذين ءامنوا اشد حبا لله ولو يرى الذين ظلموا اذ يرون العذاب ان القوة لله جميعا وان الله شديد العذاب,سورة البقرة,18
2,166,اذ تبرا الذين اتبعوا من الذين اتبعوا وراوا العذاب وتقطعت بهم الاسباب,سورة البقرة,43
2,167,وقال الذين اتبعوا لو ان لنا كرة فنتبرا منهم كما تبرءوا منا كذٰلك يريهم الله اعمٰلهم حسرٰت عليهم وما هم بخٰرجين من النار,سورة البقرة,43
2,168,يٰايها الناس كلوا مما في الارض حلٰلا طيبا ولا تتبعوا خطوٰت الشيطٰن انه لكم عدو مبين,سورة البقرة,8
2,169,انما يامركم بالسوء والفحشاء وان تقولوا على الله ما لا تعلمون,سورة البقرة,17
2,170,واذا قيل لهم اتبعوا ما انزل الله قالوا بل نتبع ما الفينا عليه ءاباءنا اولو كان ءاباؤهم لا يعقلون شيا ولا يهتدون,سورة البقرة,54
2,171,ومثل الذين كفروا كمثل الذي ينعق بما لا يسمع الا دعاء ونداء صم بكم عمي فهم لا يعقلون,سورة البقرة,43
2,172,يٰايها الذين ءامنوا كلوا من طيبٰت ما رزقنٰكم واشكروا لله ان كنتم اياه تعبدون,سورة البقرة,62
2,173,انما حرم عليكم الميتة والدم ولحم الخنزير وما اهل به لغير الله فمن اضطر غير باغ ولا عاد فلا اثم عليه ان الله غفور رحيم,سورة البقرة,3
2,174,ان الذين يكتمون ما انزل الله من الكتٰب ويشترون به ثمنا قليلا اولٰئك ما ياكلون في بطونهم الا النار ولا يكلمهم الله يوم القيٰمة ولا يزكيهم ولهم عذاب اليم,سورة البقرة,40
2,175,اولٰئك الذين اشتروا الضلٰلة بالهدىٰ والعذاب بالمغفرة فما اصبرهم على النار,سورة البقرة,63
2,176,ذٰلك بان الله نزل الكتٰب بالحق وان الذين اختلفوا في الكتٰب لفي شقاق بعيد,سورة البقرة,21
2,177,ليس البر ان تولوا وجوهكم قبل المشرق والمغرب ولٰكن البر من ءامن بالله واليوم الاخر والملٰئكة والكتٰب والنبين وءاتى المال علىٰ حبه ذوي القربىٰ واليتٰمىٰ والمسٰكين وابن السبيل والسائلين وفي الرقاب واقام الصلوٰة وءاتى الزكوٰة والموفون بعهدهم اذا عٰهدوا والصٰبرين في الباساء والضراء وحين الباس اولٰئك الذين صدقوا واولٰئك هم المتقون,سورة البقرة,63
2,178,يٰايها الذين ءامنوا كتب عليكم القصاص في القتلى الحر بالحر والعبد بالعبد والانثىٰ بالانثىٰ فمن عفي له من اخيه شيء فاتباع بالمعروف واداء اليه باحسٰن ذٰلك تخفيف من ربكم ورحمة فمن اعتدىٰ بعد ذٰلك فله عذاب اليم,سورة البقرة,62
2,179,ولكم في القصاص حيوٰة يٰاولي الالبٰب لعلكم تتقون,سورة البقرة,0
2,180,كتب عليكم اذا حضر احدكم الموت ان ترك خيرا الوصية للوٰلدين والاقربين بالمعروف حقا على المتقين,سورة البقرة,11
2,181,فمن بدله بعد ما سمعه فانما اثمه على الذين يبدلونه ان الله سميع عليم,سورة البقرة,35
2,182,فمن خاف من موص جنفا او اثما فاصلح بينهم فلا اثم عليه ان الله غفور رحيم,سورة البقرة,14
2,183,يٰايها الذين ءامنوا كتب عليكم الصيام كما كتب على الذين من قبلكم لعلكم تتقون,سورة البقرة,62
2,184,اياما معدودٰت فمن كان منكم مريضا او علىٰ سفر فعدة من ايام اخر وعلى الذين يطيقونه فدية طعام مسكين فمن تطوع خيرا فهو خير له وان تصوموا خير لكم ان كنتم تعلمون,سورة البقرة,17
2,185,شهر رمضان الذي انزل فيه القرءان هدى للناس وبينٰت من الهدىٰ والفرقان فمن شهد منكم الشهر فليصمه ومن كان مريضا او علىٰ سفر فعدة من ايام اخر يريد الله بكم اليسر ولا يريد بكم العسر ولتكملوا العدة ولتكبروا الله علىٰ ما هدىٰكم ولعلكم تشكرون,سورة البقرة,53
2,186,واذا سالك عبادي عني فاني قريب اجيب دعوة الداع اذا دعان فليستجيبوا لي وليؤمنوا بي لعلهم يرشدون,سورة البقرة,11
2,187,احل لكم ليلة الصيام الرفث الىٰ نسائكم هن لباس لكم وانتم لباس لهن علم الله انكم كنتم تختانون انفسكم فتاب عليكم وعفا عنكم فالٰن بٰشروهن وابتغوا ما كتب الله لكم وكلوا واشربوا حتىٰ يتبين لكم الخيط الابيض من الخيط الاسود من الفجر ثم اتموا الصيام الى اليل ولا تبٰشروهن وانتم عٰكفون في المسٰجد تلك حدود الله فلا تقربوها كذٰلك يبين الله ءايٰته للناس لعلهم يتقون,سورة البقرة,14
2,188,ولا تاكلوا اموٰلكم بينكم بالبٰطل وتدلوا بها الى الحكام لتاكلوا فريقا من اموٰل الناس بالاثم وانتم تعلمون,سورة البقرة,14
2,189,يسلونك عن الاهلة قل هي موٰقيت للناس والحج وليس البر بان تاتوا البيوت من ظهورها ولٰكن البر من اتقىٰ واتوا البيوت من ابوٰبها واتقوا الله لعلكم تفلحون,سورة البقرة,59
2,190,وقٰتلوا في سبيل الله الذين يقٰتلونكم ولا تعتدوا ان الله لا يحب المعتدين,سورة البقرة,43
2,191,واقتلوهم حيث ثقفتموهم واخرجوهم من حيث اخرجوكم والفتنة اشد من القتل ولا تقٰتلوهم عند المسجد الحرام حتىٰ يقٰتلوكم فيه فان قٰتلوكم فاقتلوهم كذٰلك جزاء الكٰفرين,سورة البقرة,7
2,192,فان انتهوا فان الله غفور رحيم,سورة البقرة,3
2,193,وقٰتلوهم حتىٰ لا تكون فتنة ويكون الدين لله فان انتهوا فلا عدوٰن الا على الظٰلمين,سورة البقرة,14
2,194,الشهر الحرام بالشهر الحرام والحرمٰت قصاص فمن اعتدىٰ عليكم فاعتدوا عليه بمثل ما اعتدىٰ عليكم واتقوا الله واعلموا ان الله مع المتقين,سورة البقرة,3
2,195,وانفقوا في سبيل الله ولا تلقوا بايديكم الى التهلكة واحسنوا ان الله يحب المحسنين,سورة البقرة,3
2,196,واتموا الحج والعمرة لله فان احصرتم فما استيسر من الهدي ولا تحلقوا رءوسكم حتىٰ يبلغ الهدي محله فمن كان منكم مريضا او به اذى من راسه ففدية من صيام او صدقة او نسك فاذا امنتم فمن تمتع بالعمرة الى الحج فما استيسر من الهدي فمن لم يجد فصيام ثلٰثة ايام في الحج وسبعة اذا رجعتم تلك عشرة كاملة ذٰلك لمن لم يكن اهله حاضري المسجد الحرام واتقوا الله واعلموا ان الله شديد العقاب,سورة البقرة,30
2,197,الحج اشهر معلومٰت فمن فرض فيهن الحج فلا رفث ولا فسوق ولا جدال في الحج وما تفعلوا من خير يعلمه الله وتزودوا فان خير الزاد التقوىٰ واتقون يٰاولي الالبٰب,سورة البقرة,44
2,198,ليس عليكم جناح ان تبتغوا فضلا من ربكم فاذا افضتم من عرفٰت فاذكروا الله عند المشعر الحرام واذكروه كما هدىٰكم وان كنتم من قبله لمن الضالين,سورة البقرة,48
2,199,ثم افيضوا من حيث افاض الناس واستغفروا الله ان الله غفور رحيم,سورة البقرة,3
2,200,فاذا قضيتم منٰسككم فاذكروا الله كذكركم ءاباءكم او اشد ذكرا فمن الناس من يقول ربنا ءاتنا في الدنيا وما له في الاخرة من خلٰق,سورة البقرة,8
2,201,ومنهم من يقول ربنا ءاتنا في الدنيا حسنة وفي الاخرة حسنة وقنا عذاب النار,سورة البقرة,8
2,202,اولٰئك لهم نصيب مما كسبوا والله سريع الحساب,سورة البقرة,63
2,203,واذكروا الله في ايام معدودٰت فمن تعجل في يومين فلا اثم عليه ومن تاخر فلا اثم عليه لمن اتقىٰ واتقوا الله واعلموا انكم اليه تحشرون,سورة البقرة,14
2,204,ومن الناس من يعجبك قوله في الحيوٰة الدنيا ويشهد الله علىٰ ما في قلبه وهو الد الخصام,سورة البقرة,8
2,205,واذا تولىٰ سعىٰ في الارض ليفسد فيها ويهلك الحرث والنسل والله لا يحب الفساد,سورة البقرة,38
2,206,واذا قيل له اتق الله اخذته العزة بالاثم فحسبه جهنم ولبئس المهاد,سورة البقرة,54
2,207,ومن الناس من يشري نفسه ابتغاء مرضات الله والله رءوف بالعباد,سورة البقرة,3
2,208,يٰايها الذين ءامنوا ادخلوا في السلم كافة ولا تتبعوا خطوٰت الشيطٰن انه لكم عدو مبين,سورة البقرة,62
2,209,فان زللتم من بعد ما جاءتكم البينٰت فاعلموا ان الله عزيز حكيم,سورة البقرة,3
2,210,هل ينظرون الا ان ياتيهم الله في ظلل من الغمام والملٰئكة وقضي الامر والى الله ترجع الامور,سورة البقرة,31
2,211,سل بني اسرٰءيل كم ءاتينٰهم من ءاية بينة ومن يبدل نعمة الله من بعد ما جاءته فان الله شديد العقاب,سورة البقرة,3
2,212,زين للذين كفروا الحيوٰة الدنيا ويسخرون من الذين ءامنوا والذين اتقوا فوقهم يوم القيٰمة والله يرزق من يشاء بغير حساب,سورة البقرة,40
2,213,كان الناس امة وٰحدة فبعث الله النبين مبشرين ومنذرين وانزل معهم الكتٰب بالحق ليحكم بين الناس فيما اختلفوا فيه وما اختلف فيه الا الذين اوتوه من بعد ما جاءتهم البينٰت بغيا بينهم فهدى الله الذين ءامنوا لما اختلفوا فيه من الحق باذنه والله يهدي من يشاء الىٰ صرٰط مستقيم,سورة البقرة,59
2,214,ام حسبتم ان تدخلوا الجنة ولما ياتكم مثل الذين خلوا من قبلكم مستهم الباساء والضراء وزلزلوا حتىٰ يقول الرسول والذين ءامنوا معه متىٰ نصر الله الا ان نصر الله قريب,سورة البقرة,60
2,215,يسلونك ماذا ينفقون قل ما انفقتم من خير فللوٰلدين والاقربين واليتٰمىٰ والمسٰكين وابن السبيل وما تفعلوا من خير فان الله به عليم,سورة البقرة,17
2,216,كتب عليكم القتال وهو كره لكم وعسىٰ ان تكرهوا شيا وهو خير لكم وعسىٰ ان تحبوا شيا وهو شر لكم والله يعلم وانتم لا تعلمون,سورة البقرة,49
2,217,يسلونك عن الشهر الحرام قتال فيه قل قتال فيه كبير وصد عن سبيل الله وكفر به والمسجد الحرام واخراج اهله منه اكبر عند الله والفتنة اكبر من القتل ولا يزالون يقٰتلونكم حتىٰ يردوكم عن دينكم ان استطٰعوا ومن يرتدد منكم عن دينه فيمت وهو كافر فاولٰئك حبطت اعمٰلهم في الدنيا والاخرة واولٰئك اصحٰب النار هم فيها خٰلدون,سورة البقرة,32
2,218,ان الذين ءامنوا والذين هاجروا وجٰهدوا في سبيل الله اولٰئك يرجون رحمت الله والله غفور رحيم,سورة البقرة,63
2,219,يسلونك عن الخمر والميسر قل فيهما اثم كبير ومنٰفع للناس واثمهما اكبر من نفعهما ويسلونك ماذا ينفقون قل العفو كذٰلك يبين الله لكم الايٰت لعلكم تتفكرون,سورة البقرة,17
2,220,في الدنيا والاخرة ويسلونك عن اليتٰمىٰ قل اصلاح لهم خير وان تخالطوهم فاخوٰنكم والله يعلم المفسد من المصلح ولو شاء الله لاعنتكم ان الله عزيز حكيم,سورة البقرة,17
2,221,ولا تنكحوا المشركٰت حتىٰ يؤمن ولامة مؤمنة خير من مشركة ولو اعجبتكم ولا تنكحوا المشركين حتىٰ يؤمنوا ولعبد مؤمن خير من مشرك ولو اعجبكم اولٰئك يدعون الى النار والله يدعوا الى الجنة والمغفرة باذنه ويبين ءايٰته للناس لعلهم يتذكرون,سورة البقرة,18
2,222,ويسلونك عن المحيض قل هو اذى فاعتزلوا النساء في المحيض ولا تقربوهن حتىٰ يطهرن فاذا تطهرن فاتوهن من حيث امركم الله ان الله يحب التوٰبين ويحب المتطهرين,سورة البقرة,17
2,223,نساؤكم حرث لكم فاتوا حرثكم انىٰ شئتم وقدموا لانفسكم واتقوا الله واعلموا انكم ملٰقوه وبشر المؤمنين,سورة البقرة,0
2,224,ولا تجعلوا الله عرضة لايمٰنكم ان تبروا وتتقوا وتصلحوا بين الناس والله سميع عليم,سورة البقرة,44
2,225,لا يؤاخذكم الله باللغو في ايمٰنكم ولٰكن يؤاخذكم بما كسبت قلوبكم والله غفور حليم,سورة البقرة,46
2,226,للذين يؤلون من نسائهم تربص اربعة اشهر فان فاءو فان الله غفور رحيم,سورة البقرة,3
2,227,وان عزموا الطلٰق فان الله سميع عليم,سورة البقرة,3
2,228,والمطلقٰت يتربصن بانفسهن ثلٰثة قروء ولا يحل لهن ان يكتمن ما خلق الله في ارحامهن ان كن يؤمن بالله واليوم الاخر وبعولتهن احق بردهن في ذٰلك ان ارادوا اصلٰحا ولهن مثل الذي عليهن بالمعروف وللرجال عليهن درجة والله عزيز حكيم,سورة البقرة,21
2,229,الطلٰق مرتان فامساك بمعروف او تسريح باحسٰن ولا يحل لكم ان تاخذوا مما ءاتيتموهن شيا الا ان يخافا الا يقيما حدود الله فان خفتم الا يقيما حدود الله فلا جناح عليهما فيما افتدت به تلك حدود الله فلا تعتدوها ومن يتعد حدود الله فاولٰئك هم الظٰلمون,سورة البقرة,32
2,230,فان طلقها فلا تحل له من بعد حتىٰ تنكح زوجا غيره فان طلقها فلا جناح عليهما ان يتراجعا ان ظنا ان يقيما حدود الله وتلك حدود الله يبينها لقوم يعلمون,سورة البقرة,14
2,231,واذا طلقتم النساء فبلغن اجلهن فامسكوهن بمعروف او سرحوهن بمعروف ولا تمسكوهن ضرارا لتعتدوا ومن يفعل ذٰلك فقد ظلم نفسه ولا تتخذوا ءايٰت الله هزوا واذكروا نعمت الله عليكم وما انزل عليكم من الكتٰب والحكمة يعظكم به واتقوا الله واعلموا ان الله بكل شيء عليم,سورة البقرة,3
2,232,واذا طلقتم النساء فبلغن اجلهن فلا تعضلوهن ان ينكحن ازوٰجهن اذا ترٰضوا بينهم بالمعروف ذٰلك يوعظ به من كان منكم يؤمن بالله واليوم الاخر ذٰلكم ازكىٰ لكم واطهر والله يعلم وانتم لا تعلمون,سورة البقرة,14
2,233,والوٰلدٰت يرضعن اولٰدهن حولين كاملين لمن اراد ان يتم الرضاعة وعلى المولود له رزقهن وكسوتهن بالمعروف لا تكلف نفس الا وسعها لا تضار وٰلدة بولدها ولا مولود له بولده وعلى الوارث مثل ذٰلك فان ارادا فصالا عن تراض منهما وتشاور فلا جناح عليهما وان اردتم ان تسترضعوا اولٰدكم فلا جناح عليكم اذا سلمتم ما ءاتيتم بالمعروف واتقوا الله واعلموا ان الله بما تعملون بصير,سورة البقرة,14
2,234,والذين يتوفون منكم ويذرون ازوٰجا يتربصن بانفسهن اربعة اشهر وعشرا فاذا بلغن اجلهن فلا جناح عليكم فيما فعلن في انفسهن بالمعروف والله بما تعملون خبير,سورة البقرة,48
2,235,ولا جناح عليكم فيما عرضتم به من خطبة النساء او اكننتم في انفسكم علم الله انكم ستذكرونهن ولٰكن لا تواعدوهن سرا الا ان تقولوا قولا معروفا ولا تعزموا عقدة النكاح حتىٰ يبلغ الكتٰب اجله واعلموا ان الله يعلم ما في انفسكم فاحذروه واعلموا ان الله غفور حليم,سورة البقرة,8
2,236,لا جناح عليكم ان طلقتم النساء ما لم تمسوهن او تفرضوا لهن فريضة ومتعوهن على الموسع قدره وعلى المقتر قدره متٰعا بالمعروف حقا على المحسنين,سورة البقرة,53
2,237,وان طلقتموهن من قبل ان تمسوهن وقد فرضتم لهن فريضة فنصف ما فرضتم الا ان يعفون او يعفوا الذي بيده عقدة النكاح وان تعفوا اقرب للتقوىٰ ولا تنسوا الفضل بينكم ان الله بما تعملون بصير,سورة البقرة,31
2,238,حٰفظوا على الصلوٰت والصلوٰة الوسطىٰ وقوموا لله قٰنتين,سورة البقرة,48
2,239,فان خفتم فرجالا او ركبانا فاذا امنتم فاذكروا الله كما علمكم ما لم تكونوا تعلمون,سورة البقرة,48
2,240,والذين يتوفون منكم ويذرون ازوٰجا وصية لازوٰجهم متٰعا الى الحول غير اخراج فان خرجن فلا جناح عليكم في ما فعلن في انفسهن من معروف والله عزيز حكيم,سورة البقرة,8
2,241,وللمطلقٰت متٰع بالمعروف حقا على المتقين,سورة البقرة,67
2,242,كذٰلك يبين الله لكم ءايٰته لعلكم تعقلون,سورة البقرة,21
2,243,الم تر الى الذين خرجوا من ديٰرهم وهم الوف حذر الموت فقال لهم الله موتوا ثم احيٰهم ان الله لذو فضل على الناس ولٰكن اكثر الناس لا يشكرون,سورة البقرة,46
2,244,وقٰتلوا في سبيل الله واعلموا ان الله سميع عليم,سورة البقرة,3
2,245,من ذا الذي يقرض الله قرضا حسنا فيضٰعفه له اضعافا كثيرة والله يقبض ويبصط واليه ترجعون,سورة البقرة,20
2,246,الم تر الى الملا من بني اسرٰءيل من بعد موسىٰ اذ قالوا لنبي لهم ابعث لنا ملكا نقٰتل في سبيل الله قال هل عسيتم ان كتب عليكم القتال الا تقٰتلوا قالوا وما لنا الا نقٰتل في سبيل الله وقد اخرجنا من ديٰرنا وابنائنا فلما كتب عليهم القتال تولوا الا قليلا منهم والله عليم بالظٰلمين,سورة البقرة,31
2,247,وقال لهم نبيهم ان الله قد بعث لكم طالوت ملكا قالوا انىٰ يكون له الملك علينا ونحن احق بالملك منه ولم يؤت سعة من المال قال ان الله اصطفىٰه عليكم وزاده بسطة في العلم والجسم والله يؤتي ملكه من يشاء والله وٰسع عليم,سورة البقرة,59
2,248,وقال لهم نبيهم ان ءاية ملكه ان ياتيكم التابوت فيه سكينة من ربكم وبقية مما ترك ءال موسىٰ وءال هٰرون تحمله الملٰئكة ان في ذٰلك لاية لكم ان كنتم مؤمنين,سورة البقرة,50
2,249,فلما فصل طالوت بالجنود قال ان الله مبتليكم بنهر فمن شرب منه فليس مني ومن لم يطعمه فانه مني الا من اغترف غرفة بيده فشربوا منه الا قليلا منهم فلما جاوزه هو والذين ءامنوا معه قالوا لا طاقة لنا اليوم بجالوت وجنوده قال الذين يظنون انهم ملٰقوا الله كم من فئة قليلة غلبت فئة كثيرة باذن الله والله مع الصٰبرين,سورة البقرة,31
2,250,ولما برزوا لجالوت وجنوده قالوا ربنا افرغ علينا صبرا وثبت اقدامنا وانصرنا على القوم الكٰفرين,سورة البقرة,7
2,251,فهزموهم باذن الله وقتل داود جالوت وءاتىٰه الله الملك والحكمة وعلمه مما يشاء ولولا دفع الله الناس بعضهم ببعض لفسدت الارض ولٰكن الله ذو فضل على العٰلمين,سورة البقرة,46
2,252,تلك ءايٰت الله نتلوها عليك بالحق وانك لمن المرسلين,سورة البقرة,19
2,253,تلك الرسل فضلنا بعضهم علىٰ بعض منهم من كلم الله ورفع بعضهم درجٰت وءاتينا عيسى ابن مريم البينٰت وايدنٰه بروح القدس ولو شاء الله ما اقتتل الذين من بعدهم من بعد ما جاءتهم البينٰت ولٰكن اختلفوا فمنهم من ءامن ومنهم من كفر ولو شاء الله ما اقتتلوا ولٰكن الله يفعل ما يريد,سورة البقرة,46
2,254,يٰايها الذين ءامنوا انفقوا مما رزقنٰكم من قبل ان ياتي يوم لا بيع فيه ولا خلة ولا شفٰعة والكٰفرون هم الظٰلمون,سورة البقرة,44
2,255,الله لا الٰه الا هو الحي القيوم لا تاخذه سنة ولا نوم له ما في السمٰوٰت وما في الارض من ذا الذي يشفع عنده الا باذنه يعلم ما بين ايديهم وما خلفهم ولا يحيطون بشيء من علمه الا بما شاء وسع كرسيه السمٰوٰت والارض ولا يوده حفظهما وهو العلي العظيم,سورة البقرة,31
2,256,لا اكراه في الدين قد تبين الرشد من الغي فمن يكفر بالطٰغوت ويؤمن بالله فقد استمسك بالعروة الوثقىٰ لا انفصام لها والله سميع عليم,سورة البقرة,43
2,257,الله ولي الذين ءامنوا يخرجهم من الظلمٰت الى النور والذين كفروا اولياؤهم الطٰغوت يخرجونهم من النور الى الظلمٰت اولٰئك اصحٰب النار هم فيها خٰلدون,سورة البقرة,63
2,258,الم تر الى الذي حاج ابرٰهم في ربه ان ءاتىٰه الله الملك اذ قال ابرٰهم ربي الذي يحي ويميت قال انا احي واميت قال ابرٰهم فان الله ياتي بالشمس من المشرق فات بها من المغرب فبهت الذي كفر والله لا يهدي القوم الظٰلمين,سورة البقرة,58
2,259,او كالذي مر علىٰ قرية وهي خاوية علىٰ عروشها قال انىٰ يحي هٰذه الله بعد موتها فاماته الله مائة عام ثم بعثه قال كم لبثت قال لبثت يوما او بعض يوم قال بل لبثت مائة عام فانظر الىٰ طعامك وشرابك لم يتسنه وانظر الىٰ حمارك ولنجعلك ءاية للناس وانظر الى العظام كيف ننشزها ثم نكسوها لحما فلما تبين له قال اعلم ان الله علىٰ كل شيء قدير,سورة البقرة,26
2,260,واذ قال ابرٰهم رب ارني كيف تحي الموتىٰ قال اولم تؤمن قال بلىٰ ولٰكن ليطمئن قلبي قال فخذ اربعة من الطير فصرهن اليك ثم اجعل علىٰ كل جبل منهن جزءا ثم ادعهن ياتينك سعيا واعلم ان الله عزيز حكيم,سورة البقرة,26
2,261,مثل الذين ينفقون اموٰلهم في سبيل الله كمثل حبة انبتت سبع سنابل في كل سنبلة مائة حبة والله يضٰعف لمن يشاء والله وٰسع عليم,سورة البقرة,43
2,262,الذين ينفقون اموٰلهم في سبيل الله ثم لا يتبعون ما انفقوا منا ولا اذى لهم اجرهم عند ربهم ولا خوف عليهم ولا هم يحزنون,سورة البقرة,44
2,263,قول معروف ومغفرة خير من صدقة يتبعها اذى والله غني حليم,سورة البقرة,17
2,264,يٰايها الذين ءامنوا لا تبطلوا صدقٰتكم بالمن والاذىٰ كالذي ينفق ماله رئاء الناس ولا يؤمن بالله واليوم الاخر فمثله كمثل صفوان عليه تراب فاصابه وابل فتركه صلدا لا يقدرون علىٰ شيء مما كسبوا والله لا يهدي القوم الكٰفرين,سورة البقرة,43
2,265,ومثل الذين ينفقون اموٰلهم ابتغاء مرضات الله وتثبيتا من انفسهم كمثل جنة بربوة اصابها وابل فاتت اكلها ضعفين فان لم يصبها وابل فطل والله بما تعملون بصير,سورة البقرة,43
2,266,ايود احدكم ان تكون له جنة من نخيل واعناب تجري من تحتها الانهٰر له فيها من كل الثمرٰت واصابه الكبر وله ذرية ضعفاء فاصابها اعصار فيه نار فاحترقت كذٰلك يبين الله لكم الايٰت لعلكم تتفكرون,سورة البقرة,59
2,267,يٰايها الذين ءامنوا انفقوا من طيبٰت ما كسبتم ومما اخرجنا لكم من الارض ولا تيمموا الخبيث منه تنفقون ولستم باخذيه الا ان تغمضوا فيه واعلموا ان الله غني حميد,سورة البقرة,62
2,268,الشيطٰن يعدكم الفقر ويامركم بالفحشاء والله يعدكم مغفرة منه وفضلا والله وٰسع عليم,سورة البقرة,5
2,269,يؤتي الحكمة من يشاء ومن يؤت الحكمة فقد اوتي خيرا كثيرا وما يذكر الا اولوا الالبٰب,سورة البقرة,31
2,270,وما انفقتم من نفقة او نذرتم من نذر فان الله يعلمه وما للظٰلمين من انصار,سورة البقرة,29
2,271,ان تبدوا الصدقٰت فنعما هي وان تخفوها وتؤتوها الفقراء فهو خير لكم ويكفر عنكم من سياتكم والله بما تعملون خبير,سورة البقرة,17
2,272,ليس عليك هدىٰهم ولٰكن الله يهدي من يشاء وما تنفقوا من خير فلانفسكم وما تنفقون الا ابتغاء وجه الله وما تنفقوا من خير يوف اليكم وانتم لا تظلمون,سورة البقرة,46
2,273,للفقراء الذين احصروا في سبيل الله لا يستطيعون ضربا في الارض يحسبهم الجاهل اغنياء من التعفف تعرفهم بسيمٰهم لا يسلون الناس الحافا وما تنفقوا من خير فان الله به عليم,سورة البقرة,8
2,274,الذين ينفقون اموٰلهم باليل والنهار سرا وعلانية فلهم اجرهم عند ربهم ولا خوف عليهم ولا هم يحزنون,سورة البقرة,44
2,275,الذين ياكلون الربوٰا لا يقومون الا كما يقوم الذي يتخبطه الشيطٰن من المس ذٰلك بانهم قالوا انما البيع مثل الربوٰا واحل الله البيع وحرم الربوٰا فمن جاءه موعظة من ربه فانتهىٰ فله ما سلف وامره الى الله ومن عاد فاولٰئك اصحٰب النار هم فيها خٰلدون,سورة البقرة,32
2,276,يمحق الله الربوٰا ويربي الصدقٰت والله لا يحب كل كفار اثيم,سورة البقرة,43
2,277,ان الذين ءامنوا وعملوا الصٰلحٰت واقاموا الصلوٰة وءاتوا الزكوٰة لهم اجرهم عند ربهم ولا خوف عليهم ولا هم يحزنون,سورة البقرة,2
2,278,يٰايها الذين ءامنوا اتقوا الله وذروا ما بقي من الربوٰا ان كنتم مؤمنين,سورة البقرة,62
2,279,فان لم تفعلوا فاذنوا بحرب من الله ورسوله وان تبتم فلكم رءوس اموٰلكم لا تظلمون ولا تظلمون,سورة البقرة,3
2,280,وان كان ذو عسرة فنظرة الىٰ ميسرة وان تصدقوا خير لكم ان كنتم تعلمون,سورة البقرة,17
2,281,واتقوا يوما ترجعون فيه الى الله ثم توفىٰ كل نفس ما كسبت وهم لا يظلمون,سورة البقرة,43
2,282,يٰايها الذين ءامنوا اذا تداينتم بدين الىٰ اجل مسمى فاكتبوه وليكتب بينكم كاتب بالعدل ولا ياب كاتب ان يكتب كما علمه الله فليكتب وليملل الذي عليه الحق وليتق الله ربه ولا يبخس منه شيا فان كان الذي عليه الحق سفيها او ضعيفا او لا يستطيع ان يمل هو فليملل وليه بالعدل واستشهدوا شهيدين من رجالكم فان لم يكونا رجلين فرجل وامراتان ممن ترضون من الشهداء ان تضل احدىٰهما فتذكر احدىٰهما الاخرىٰ ولا ياب الشهداء اذا ما دعوا ولا تسموا ان تكتبوه صغيرا او كبيرا الىٰ اجله ذٰلكم اقسط عند الله واقوم للشهٰدة وادنىٰ الا ترتابوا الا ان تكون تجٰرة حاضرة تديرونها بينكم فليس عليكم جناح الا تكتبوها واشهدوا اذا تبايعتم ولا يضار كاتب ولا شهيد وان تفعلوا فانه فسوق بكم واتقوا الله ويعلمكم الله والله بكل شيء عليم,سورة البقرة,44
2,283,وان كنتم علىٰ سفر ولم تجدوا كاتبا فرهٰن مقبوضة فان امن بعضكم بعضا فليؤد الذي اؤتمن امٰنته وليتق الله ربه ولا تكتموا الشهٰدة ومن يكتمها فانه ءاثم قلبه والله بما تعملون عليم,سورة البقرة,60
2,284,لله ما في السمٰوٰت وما في الارض وان تبدوا ما في انفسكم او تخفوه يحاسبكم به الله فيغفر لمن يشاء ويعذب من يشاء والله علىٰ كل شيء قدير,سورة البقرة,8
2,285,ءامن الرسول بما انزل اليه من ربه والمؤمنون كل ءامن بالله وملٰئكته وكتبه ورسله لا نفرق بين احد من رسله وقالوا سمعنا واطعنا غفرانك ربنا واليك المصير,سورة البقرة,59
2,286,لا يكلف الله نفسا الا وسعها لها ما كسبت وعليها ما اكتسبت ربنا لا تؤاخذنا ان نسينا او اخطانا ربنا ولا تحمل علينا اصرا كما حملته على الذين من قبلنا ربنا ولا تحملنا ما لا طاقة لنا به واعف عنا واغفر لنا وارحمنا انت مولىٰنا فانصرنا على القوم الكٰفرين,سورة البقرة,53
3,0,بسم الله الرحمٰن الرحيم,سورة ال عمران,10
3,0,سورة ال عمران,سورة ال عمران,6
3,1,الم,سورة ال عمران,55
3,2,الله لا الٰه الا هو الحي القيوم,سورة ال عمران,31
3,3,نزل عليك الكتٰب بالحق مصدقا لما بين يديه وانزل التورىٰة والانجيل,سورة ال عمران,0
3,4,من قبل هدى للناس وانزل الفرقان ان الذين كفروا بايٰت الله لهم عذاب شديد والله عزيز ذو انتقام,سورة ال عمران,43
3,5,ان الله لا يخفىٰ عليه شيء في الارض ولا في السماء,سورة ال عمران,8
3,6,هو الذي يصوركم في الارحام كيف يشاء لا الٰه الا هو العزيز الحكيم,سورة ال عمران,61
3,7,هو الذي انزل عليك الكتٰب منه ءايٰت محكمٰت هن ام الكتٰب واخر متشٰبهٰت فاما الذين في قلوبهم زيغ فيتبعون ما تشٰبه منه ابتغاء الفتنة وابتغاء تاويله وما يعلم تاويله الا الله والرٰسخون في العلم يقولون ءامنا به كل من عند ربنا وما يذكر الا اولوا الالبٰب,سورة ال عمران,41
3,8,ربنا لا تزغ قلوبنا بعد اذ هديتنا وهب لنا من لدنك رحمة انك انت الوهاب,سورة ال عمران,59
3,9,ربنا انك جامع الناس ليوم لا ريب فيه ان الله لا يخلف الميعاد,سورة ال عمران,43
3,10,ان الذين كفروا لن تغني عنهم اموٰلهم ولا اولٰدهم من الله شيا واولٰئك هم وقود النار,سورة ال عمران,63
3,11,كداب ءال فرعون والذين من قبلهم كذبوا بايٰتنا فاخذهم الله بذنوبهم والله شديد العقاب,سورة ال عمران,42
3,12,قل للذين كفروا ستغلبون وتحشرون الىٰ جهنم وبئس المهاد,سورة ال عمران,45
3,13,قد كان لكم ءاية في فئتين التقتا فئة تقٰتل في سبيل الله واخرىٰ كافرة يرونهم مثليهم راي العين والله يؤيد بنصره من يشاء ان في ذٰلك لعبرة لاولي الابصٰر,سورة ال عمران,8
3,14,زين للناس حب الشهوٰت من النساء والبنين والقنٰطير المقنطرة من الذهب والفضة والخيل المسومة والانعٰم والحرث ذٰلك متٰع الحيوٰة الدنيا والله عنده حسن الماب,سورة ال عمران,59
3,15,قل اؤنبئكم بخير من ذٰلكم للذين اتقوا عند ربهم جنٰت تجري من تحتها الانهٰر خٰلدين فيها وازوٰج مطهرة ورضوٰن من الله والله بصير بالعباد,سورة ال عمران,13
3,16,الذين يقولون ربنا اننا ءامنا فاغفر لنا ذنوبنا وقنا عذاب النار,سورة ال عمران,43
3,17,الصٰبرين والصٰدقين والقٰنتين والمنفقين والمستغفرين بالاسحار,سورة ال عمران,0
3,18,شهد الله انه لا الٰه الا هو والملٰئكة واولوا العلم قائما بالقسط لا الٰه الا هو العزيز الحكيم,سورة ال عمران,31
3,19,ان الدين عند الله الاسلٰم وما اختلف الذين اوتوا الكتٰب الا من بعد ما جاءهم العلم بغيا بينهم ومن يكفر بايٰت الله فان الله سريع الحساب,سورة ال عمران,3
3,20,فان حاجوك فقل اسلمت وجهي لله ومن اتبعن وقل للذين اوتوا الكتٰب والامين ءاسلمتم فان اسلموا فقد اهتدوا وان تولوا فانما عليك البلٰغ والله بصير بالعباد,سورة ال عمران,3
3,21,ان الذين يكفرون بايٰت الله ويقتلون النبين بغير حق ويقتلون الذين يامرون بالقسط من الناس فبشرهم بعذاب اليم,سورة ال عمران,43
3,22,اولٰئك الذين حبطت اعمٰلهم في الدنيا والاخرة وما لهم من نٰصرين,سورة ال عمران,63
3,23,الم تر الى الذين اوتوا نصيبا من الكتٰب يدعون الىٰ كتٰب الله ليحكم بينهم ثم يتولىٰ فريق منهم وهم معرضون,سورة ال عمران,55
3,24,ذٰلك بانهم قالوا لن تمسنا النار الا اياما معدودٰت وغرهم في دينهم ما كانوا يفترون,سورة ال عمران,27
3,25,فكيف اذا جمعنٰهم ليوم لا ريب فيه ووفيت كل نفس ما كسبت وهم لا يظلمون,سورة ال عمران,43
3,26,قل اللهم مٰلك الملك تؤتي الملك من تشاء وتنزع الملك ممن تشاء وتعز من تشاء وتذل من تشاء بيدك الخير انك علىٰ كل شيء قدير,سورة ال عمران,59
3,27,تولج اليل في النهار وتولج النهار في اليل وتخرج الحي من الميت وتخرج الميت من الحي وترزق من تشاء بغير حساب,سورة ال عمران,59
3,28,لا يتخذ المؤمنون الكٰفرين اولياء من دون المؤمنين ومن يفعل ذٰلك فليس من الله في شيء الا ان تتقوا منهم تقىٰة ويحذركم الله نفسه والى الله المصير,سورة ال عمران,7
3,29,قل ان تخفوا ما في صدوركم او تبدوه يعلمه الله ويعلم ما في السمٰوٰت وما في الارض والله علىٰ كل شيء قدير,سورة ال عمران,8
3,30,يوم تجد كل نفس ما عملت من خير محضرا وما عملت من سوء تود لو ان بينها وبينه امدا بعيدا ويحذركم الله نفسه والله رءوف بالعباد,سورة ال عمران,59
3,31,قل ان كنتم تحبون الله فاتبعوني يحببكم الله ويغفر لكم ذنوبكم والله غفور رحيم,سورة ال عمران,17
3,32,قل اطيعوا الله والرسول فان تولوا فان الله لا يحب الكٰفرين,سورة ال عمران,7
3,33,ان الله اصطفىٰ ءادم ونوحا وءال ابرٰهيم وءال عمرٰن على العٰلمين,سورة ال عمران,58
3,34,ذرية بعضها من بعض والله سميع عليم,سورة ال عمران,67
3,35,اذ قالت امرات عمرٰن رب اني نذرت لك ما في بطني محررا فتقبل مني انك انت السميع العليم,سورة ال عمران,12
3,36,فلما وضعتها قالت رب اني وضعتها انثىٰ والله اعلم بما وضعت وليس الذكر كالانثىٰ واني سميتها مريم واني اعيذها بك وذريتها من الشيطٰن الرجيم,سورة ال عمران,12
3,37,فتقبلها ربها بقبول حسن وانبتها نباتا حسنا وكفلها زكريا كلما دخل عليها زكريا المحراب وجد عندها رزقا قال يٰمريم انىٰ لك هٰذا قالت هو من عند الله ان الله يرزق من يشاء بغير حساب,سورة ال عمران,59
3,38,هنالك دعا زكريا ربه قال رب هب لي من لدنك ذرية طيبة انك سميع الدعاء,سورة ال عمران,26
3,39,فنادته الملٰئكة وهو قائم يصلي في المحراب ان الله يبشرك بيحيىٰ مصدقا بكلمة من الله وسيدا وحصورا ونبيا من الصٰلحين,سورة ال عمران,49
3,40,قال رب انىٰ يكون لي غلٰم وقد بلغني الكبر وامراتي عاقر قال كذٰلك الله يفعل ما يشاء,سورة ال عمران,26
3,41,قال رب اجعل لي ءاية قال ءايتك الا تكلم الناس ثلٰثة ايام الا رمزا واذكر ربك كثيرا وسبح بالعشي والابكٰر,سورة ال عمران,26
3,42,واذ قالت الملٰئكة يٰمريم ان الله اصطفىٰك وطهرك واصطفىٰك علىٰ نساء العٰلمين,سورة ال عمران,16
3,43,يٰمريم اقنتي لربك واسجدي واركعي مع الرٰكعين,سورة ال عمران,0
3,44,ذٰلك من انباء الغيب نوحيه اليك وما كنت لديهم اذ يلقون اقلٰمهم ايهم يكفل مريم وما كنت لديهم اذ يختصمون,سورة ال عمران,29
3,45,اذ قالت الملٰئكة يٰمريم ان الله يبشرك بكلمة منه اسمه المسيح عيسى ابن مريم وجيها في الدنيا والاخرة ومن المقربين,سورة ال عمران,8
3,46,ويكلم الناس في المهد وكهلا ومن الصٰلحين,سورة ال عمران,8
3,47,قالت رب انىٰ يكون لي ولد ولم يمسسني بشر قال كذٰلك الله يخلق ما يشاء اذا قضىٰ امرا فانما يقول له كن فيكون,سورة ال عمران,11
3,48,ويعلمه الكتٰب والحكمة والتورىٰة والانجيل,سورة ال عمران,0
3,49,ورسولا الىٰ بني اسرٰءيل اني قد جئتكم باية من ربكم اني اخلق لكم من الطين كهية الطير فانفخ فيه فيكون طيرا باذن الله وابرئ الاكمه والابرص واحي الموتىٰ باذن الله وانبئكم بما تاكلون وما تدخرون في بيوتكم ان في ذٰلك لاية لكم ان كنتم مؤمنين,سورة ال عمران,12
3,50,ومصدقا لما بين يدي من التورىٰة ولاحل لكم بعض الذي حرم عليكم وجئتكم باية من ربكم فاتقوا الله واطيعون,سورة ال عمران,50
3,51,ان الله ربي وربكم فاعبدوه هٰذا صرٰط مستقيم,سورة ال عمران,20
3,52,فلما احس عيسىٰ منهم الكفر قال من انصاري الى الله قال الحواريون نحن انصار الله ءامنا بالله واشهد بانا مسلمون,سورة ال عمران,26
3,53,ربنا ءامنا بما انزلت واتبعنا الرسول فاكتبنا مع الشٰهدين,سورة ال عمران,0
3,54,ومكروا ومكر الله والله خير المٰكرين,سورة ال عمران,55
3,55,اذ قال الله يٰعيسىٰ اني متوفيك ورافعك الي ومطهرك من الذين كفروا وجاعل الذين اتبعوك فوق الذين كفروا الىٰ يوم القيٰمة ثم الي مرجعكم فاحكم بينكم فيما كنتم فيه تختلفون,سورة ال عمران,40
3,56,فاما الذين كفروا فاعذبهم عذابا شديدا في الدنيا والاخرة وما لهم من نٰصرين,سورة ال عمران,8
3,57,واما الذين ءامنوا وعملوا الصٰلحٰت فيوفيهم اجورهم والله لا يحب الظٰلمين,سورة ال عمران,2
3,58,ذٰلك نتلوه عليك من الايٰت والذكر الحكيم,سورة ال عمران,21
3,59,ان مثل عيسىٰ عند الله كمثل ءادم خلقه من تراب ثم قال له كن فيكون,سورة ال عمران,69
3,60,الحق من ربك فلا تكن من الممترين,سورة ال عمران,14
3,61,فمن حاجك فيه من بعد ما جاءك من العلم فقل تعالوا ندع ابناءنا وابناءكم ونساءنا ونساءكم وانفسنا وانفسكم ثم نبتهل فنجعل لعنت الله على الكٰذبين,سورة ال عمران,69
3,62,ان هٰذا لهو القصص الحق وما من الٰه الا الله وان الله لهو العزيز الحكيم,سورة ال عمران,61
3,63,فان تولوا فان الله عليم بالمفسدين,سورة ال عمران,3
3,64,قل يٰاهل الكتٰب تعالوا الىٰ كلمة سواء بيننا وبينكم الا نعبد الا الله ولا نشرك به شيا ولا يتخذ بعضنا بعضا اربابا من دون الله فان تولوا فقولوا اشهدوا بانا مسلمون,سورة ال عمران,44
3,65,يٰاهل الكتٰب لم تحاجون في ابرٰهيم وما انزلت التورىٰة والانجيل الا من بعده افلا تعقلون,سورة ال عمران,58
3,66,هٰانتم هٰؤلاء حٰججتم فيما لكم به علم فلم تحاجون فيما ليس لكم به علم والله يعلم وانتم لا تعلمون,سورة ال عمران,15
3,67,ما كان ابرٰهيم يهوديا ولا نصرانيا ولٰكن كان حنيفا مسلما وما كان من المشركين,سورة ال عمران,68
3,68,ان اولى الناس بابرٰهيم للذين اتبعوه وهٰذا النبي والذين ءامنوا والله ولي المؤمنين,سورة ال عمران,20
3,69,ودت طائفة من اهل الكتٰب لو يضلونكم وما يضلون الا انفسهم وما يشعرون,سورة ال عمران,29
3,70,يٰاهل الكتٰب لم تكفرون بايٰت الله وانتم تشهدون,سورة ال عمران,14
3,71,يٰاهل الكتٰب لم تلبسون الحق بالبٰطل وتكتمون الحق وانتم تعلمون,سورة ال عمران,14
3,72,وقالت طائفة من اهل الكتٰب ءامنوا بالذي انزل على الذين ءامنوا وجه النهار واكفروا ءاخره لعلهم يرجعون,سورة ال عمران,62
3,73,ولا تؤمنوا الا لمن تبع دينكم قل ان الهدىٰ هدى الله ان يؤتىٰ احد مثل ما اوتيتم او يحاجوكم عند ربكم قل ان الفضل بيد الله يؤتيه من يشاء والله وٰسع عليم,سورة ال عمران,17
3,74,يختص برحمته من يشاء والله ذو الفضل العظيم,سورة ال عمران,59
3,75,ومن اهل الكتٰب من ان تامنه بقنطار يؤده اليك ومنهم من ان تامنه بدينار لا يؤده اليك الا ما دمت عليه قائما ذٰلك بانهم قالوا ليس علينا في الامين سبيل ويقولون على الله الكذب وهم يعلمون,سورة ال عمران,31
3,76,بلىٰ من اوفىٰ بعهده واتقىٰ فان الله يحب المتقين,سورة ال عمران,3
3,77,ان الذين يشترون بعهد الله وايمٰنهم ثمنا قليلا اولٰئك لا خلٰق لهم في الاخرة ولا يكلمهم الله ولا ينظر اليهم يوم القيٰمة ولا يزكيهم ولهم عذاب اليم,سورة ال عمران,44
3,78,وان منهم لفريقا يلون السنتهم بالكتٰب لتحسبوه من الكتٰب وما هو من الكتٰب ويقولون هو من عند الله وما هو من عند الله ويقولون على الله الكذب وهم يعلمون,سورة ال عمران,17
3,79,ما كان لبشر ان يؤتيه الله الكتٰب والحكم والنبوة ثم يقول للناس كونوا عبادا لي من دون الله ولٰكن كونوا ربٰنين بما كنتم تعلمون الكتٰب وبما كنتم تدرسون,سورة ال عمران,1
3,80,ولا يامركم ان تتخذوا الملٰئكة والنبين اربابا ايامركم بالكفر بعد اذ انتم مسلمون,سورة ال عمران,44
3,81,واذ اخذ الله ميثٰق النبين لما ءاتيتكم من كتٰب وحكمة ثم جاءكم رسول مصدق لما معكم لتؤمنن به ولتنصرنه قال ءاقررتم واخذتم علىٰ ذٰلكم اصري قالوا اقررنا قال فاشهدوا وانا معكم من الشٰهدين,سورة ال عمران,26
3,82,فمن تولىٰ بعد ذٰلك فاولٰئك هم الفٰسقون,سورة ال عمران,32
3,83,افغير دين الله يبغون وله اسلم من في السمٰوٰت والارض طوعا وكرها واليه يرجعون,سورة ال عمران,66
3,84,قل ءامنا بالله وما انزل علينا وما انزل علىٰ ابرٰهيم واسمٰعيل واسحٰق ويعقوب والاسباط وما اوتي موسىٰ وعيسىٰ والنبيون من ربهم لا نفرق بين احد منهم ونحن له مسلمون,سورة ال عمران,29
3,85,ومن يبتغ غير الاسلٰم دينا فلن يقبل منه وهو في الاخرة من الخٰسرين,سورة ال عمران,49
3,86,كيف يهدي الله قوما كفروا بعد ايمٰنهم وشهدوا ان الرسول حق وجاءهم البينٰت والله لا يهدي القوم الظٰلمين,سورة ال عمران,43
3,87,اولٰئك جزاؤهم ان عليهم لعنة الله والملٰئكة والناس اجمعين,سورة ال عمران,63
3,88,خٰلدين فيها لا يخفف عنهم العذاب ولا هم ينظرون,سورة ال عمران,38
3,89,الا الذين تابوا من بعد ذٰلك واصلحوا فان الله غفور رحيم,سورة ال عمران,3
3,90,ان الذين كفروا بعد ايمٰنهم ثم ازدادوا كفرا لن تقبل توبتهم واولٰئك هم الضالون,سورة ال عمران,35
3,91,ان الذين كفروا وماتوا وهم كفار فلن يقبل من احدهم ملء الارض ذهبا ولو افتدىٰ به اولٰئك لهم عذاب اليم وما لهم من نٰصرين,سورة ال عمران,63
3,92,لن تنالوا البر حتىٰ تنفقوا مما تحبون وما تنفقوا من شيء فان الله به عليم,سورة ال عمران,41
3,93,كل الطعام كان حلا لبني اسرٰءيل الا ما حرم اسرٰءيل علىٰ نفسه من قبل ان تنزل التورىٰة قل فاتوا بالتورىٰة فاتلوها ان كنتم صٰدقين,سورة ال عمران,1
3,94,فمن افترىٰ على الله الكذب من بعد ذٰلك فاولٰئك هم الظٰلمون,سورة ال عمران,32
3,95,قل صدق الله فاتبعوا ملة ابرٰهيم حنيفا وما كان من المشركين,سورة ال عمران,68
3,96,ان اول بيت وضع للناس للذي ببكة مباركا وهدى للعٰلمين,سورة ال عمران,0
3,97,فيه ءايٰت بينٰت مقام ابرٰهيم ومن دخله كان ءامنا ولله على الناس حج البيت من استطاع اليه سبيلا ومن كفر فان الله غني عن العٰلمين,سورة ال عمران,58
3,98,قل يٰاهل الكتٰب لم تكفرون بايٰت الله والله شهيد علىٰ ما تعملون,سورة ال عمران,53
3,99,قل يٰاهل الكتٰب لم تصدون عن سبيل الله من ءامن تبغونها عوجا وانتم شهداء وما الله بغٰفل عما تعملون,سورة ال عمران,14
3,100,يٰايها الذين ءامنوا ان تطيعوا فريقا من الذين اوتوا الكتٰب يردوكم بعد ايمٰنكم كٰفرين,سورة ال عمران,62
3,101,وكيف تكفرون وانتم تتلىٰ عليكم ءايٰت الله وفيكم رسوله ومن يعتصم بالله فقد هدي الىٰ صرٰط مستقيم,سورة ال عمران,14
3,102,يٰايها الذين ءامنوا اتقوا الله حق تقاته ولا تموتن الا وانتم مسلمون,سورة ال عمران,62
3,103,واعتصموا بحبل الله جميعا ولا تفرقوا واذكروا نعمت الله عليكم اذ كنتم اعداء فالف بين قلوبكم فاصبحتم بنعمته اخوٰنا وكنتم علىٰ شفا حفرة من النار فانقذكم منها كذٰلك يبين الله لكم ءايٰته لعلكم تهتدون,سورة ال عمران,3
3,104,ولتكن منكم امة يدعون الى الخير ويامرون بالمعروف وينهون عن المنكر واولٰئك هم المفلحون,سورة ال عمران,63
3,105,ولا تكونوا كالذين تفرقوا واختلفوا من بعد ما جاءهم البينٰت واولٰئك لهم عذاب عظيم,سورة ال عمران,63
3,106,يوم تبيض وجوه وتسود وجوه فاما الذين اسودت وجوههم اكفرتم بعد ايمٰنكم فذوقوا العذاب بما كنتم تكفرون,سورة ال عمران,33
3,107,واما الذين ابيضت وجوههم ففي رحمة الله هم فيها خٰلدون,سورة ال عمران,38
3,108,تلك ءايٰت الله نتلوها عليك بالحق وما الله يريد ظلما للعٰلمين,سورة ال عمران,3
3,109,ولله ما في السمٰوٰت وما في الارض والى الله ترجع الامور,سورة ال عمران,8
3,110,كنتم خير امة اخرجت للناس تامرون بالمعروف وتنهون عن المنكر وتؤمنون بالله ولو ءامن اهل الكتٰب لكان خيرا لهم منهم المؤمنون واكثرهم الفٰسقون,سورة ال عمران,0
3,111,لن يضروكم الا اذى وان يقٰتلوكم يولوكم الادبار ثم لا ينصرون,سورة ال عمران,69
3,112,ضربت عليهم الذلة اين ما ثقفوا الا بحبل من الله وحبل من الناس وباءو بغضب من الله وضربت عليهم المسكنة ذٰلك بانهم كانوا يكفرون بايٰت الله ويقتلون الانبياء بغير حق ذٰلك بما عصوا وكانوا يعتدون,سورة ال عمران,3
3,113,ليسوا سواء من اهل الكتٰب امة قائمة يتلون ءايٰت الله ءاناء اليل وهم يسجدون,سورة ال عمران,59
3,114,يؤمنون بالله واليوم الاخر ويامرون بالمعروف وينهون عن المنكر ويسٰرعون في الخيرٰت واولٰئك من الصٰلحين,سورة ال عمران,63
3,115,وما يفعلوا من خير فلن يكفروه والله عليم بالمتقين,سورة ال عمران,5
3,116,ان الذين كفروا لن تغني عنهم اموٰلهم ولا اولٰدهم من الله شيا واولٰئك اصحٰب النار هم فيها خٰلدون,سورة ال عمران,63
3,117,مثل ما ينفقون في هٰذه الحيوٰة الدنيا كمثل ريح فيها صر اصابت حرث قوم ظلموا انفسهم فاهلكته وما ظلمهم الله ولٰكن انفسهم يظلمون,سورة ال عمران,46
3,118,يٰايها الذين ءامنوا لا تتخذوا بطانة من دونكم لا يالونكم خبالا ودوا ما عنتم قد بدت البغضاء من افوٰههم وما تخفي صدورهم اكبر قد بينا لكم الايٰت ان كنتم تعقلون,سورة ال عمران,62
3,119,هٰانتم اولاء تحبونهم ولا يحبونكم وتؤمنون بالكتٰب كله واذا لقوكم قالوا ءامنا واذا خلوا عضوا عليكم الانامل من الغيظ قل موتوا بغيظكم ان الله عليم بذات الصدور,سورة ال عمران,54
3,120,ان تمسسكم حسنة تسؤهم وان تصبكم سيئة يفرحوا بها وان تصبروا وتتقوا لا يضركم كيدهم شيا ان الله بما يعملون محيط,سورة ال عمران,43
3,121,واذ غدوت من اهلك تبوئ المؤمنين مقٰعد للقتال والله سميع عليم,سورة ال عمران,59
3,122,اذ همت طائفتان منكم ان تفشلا والله وليهما وعلى الله فليتوكل المؤمنون,سورة ال عمران,19
3,123,ولقد نصركم الله ببدر وانتم اذلة فاتقوا الله لعلكم تشكرون,سورة ال عمران,3
3,124,اذ تقول للمؤمنين الن يكفيكم ان يمدكم ربكم بثلٰثة ءالٰف من الملٰئكة منزلين,سورة ال عمران,50
3,125,بلىٰ ان تصبروا وتتقوا وياتوكم من فورهم هٰذا يمددكم ربكم بخمسة ءالٰف من الملٰئكة مسومين,سورة ال عمران,50
3,126,وما جعله الله الا بشرىٰ لكم ولتطمئن قلوبكم به وما النصر الا من عند الله العزيز الحكيم,سورة ال عمران,61
3,127,ليقطع طرفا من الذين كفروا او يكبتهم فينقلبوا خائبين,سورة ال عمران,30
3,128,ليس لك من الامر شيء او يتوب عليهم او يعذبهم فانهم ظٰلمون,سورة ال عمران,30
3,129,ولله ما في السمٰوٰت وما في الارض يغفر لمن يشاء ويعذب من يشاء والله غفور رحيم,سورة ال عمران,8
3,130,يٰايها الذين ءامنوا لا تاكلوا الربوٰا اضعٰفا مضٰعفة واتقوا الله لعلكم تفلحون,سورة ال عمران,62
3,131,واتقوا النار التي اعدت للكٰفرين,سورة ال عمران,7
3,132,واطيعوا الله والرسول لعلكم ترحمون,سورة ال عمران,3
3,133,وسارعوا الىٰ مغفرة من ربكم وجنة عرضها السمٰوٰت والارض اعدت للمتقين,سورة ال عمران,50
3,134,الذين ينفقون في السراء والضراء والكٰظمين الغيظ والعافين عن الناس والله يحب المحسنين,سورة ال عمران,43
3,135,والذين اذا فعلوا فٰحشة او ظلموا انفسهم ذكروا الله فاستغفروا لذنوبهم ومن يغفر الذنوب الا الله ولم يصروا علىٰ ما فعلوا وهم يعلمون,سورة ال عمران,53
3,136,اولٰئك جزاؤهم مغفرة من ربهم وجنٰت تجري من تحتها الانهٰر خٰلدين فيها ونعم اجر العٰملين,سورة ال عمران,63
3,137,قد خلت من قبلكم سنن فسيروا في الارض فانظروا كيف كان عٰقبة المكذبين,سورة ال عمران,51
3,138,هٰذا بيان للناس وهدى وموعظة للمتقين,سورة ال عمران,20
3,139,ولا تهنوا ولا تحزنوا وانتم الاعلون ان كنتم مؤمنين,سورة ال عمران,44
3,140,ان يمسسكم قرح فقد مس القوم قرح مثله وتلك الايام نداولها بين الناس وليعلم الله الذين ءامنوا ويتخذ منكم شهداء والله لا يحب الظٰلمين,سورة ال عمران,43
3,141,وليمحص الله الذين ءامنوا ويمحق الكٰفرين,سورة ال عمران,7
3,142,ام حسبتم ان تدخلوا الجنة ولما يعلم الله الذين جٰهدوا منكم ويعلم الصٰبرين,سورة ال عمران,60
3,143,ولقد كنتم تمنون الموت من قبل ان تلقوه فقد رايتموه وانتم تنظرون,سورة ال عمران,14
3,144,وما محمد الا رسول قد خلت من قبله الرسل افاين مات او قتل انقلبتم علىٰ اعقٰبكم ومن ينقلب علىٰ عقبيه فلن يضر الله شيا وسيجزي الله الشٰكرين,سورة ال عمران,53
3,145,وما كان لنفس ان تموت الا باذن الله كتٰبا مؤجلا ومن يرد ثواب الدنيا نؤته منها ومن يرد ثواب الاخرة نؤته منها وسنجزي الشٰكرين,سورة ال عمران,64
3,146,وكاين من نبي قٰتل معه ربيون كثير فما وهنوا لما اصابهم في سبيل الله وما ضعفوا وما استكانوا والله يحب الصٰبرين,سورة ال عمران,29
3,147,وما كان قولهم الا ان قالوا ربنا اغفر لنا ذنوبنا واسرافنا في امرنا وثبت اقدامنا وانصرنا على القوم الكٰفرين,سورة ال عمران,7
3,148,فاتىٰهم الله ثواب الدنيا وحسن ثواب الاخرة والله يحب المحسنين,سورة ال عمران,9
3,149,يٰايها الذين ءامنوا ان تطيعوا الذين كفروا يردوكم علىٰ اعقٰبكم فتنقلبوا خٰسرين,سورة ال عمران,62
3,150,بل الله مولىٰكم وهو خير النٰصرين,سورة ال عمران,45
3,151,سنلقي في قلوب الذين كفروا الرعب بما اشركوا بالله ما لم ينزل به سلطٰنا وماوىٰهم النار وبئس مثوى الظٰلمين,سورة ال عمران,45
3,152,ولقد صدقكم الله وعده اذ تحسونهم باذنه حتىٰ اذا فشلتم وتنٰزعتم في الامر وعصيتم من بعد ما ارىٰكم ما تحبون منكم من يريد الدنيا ومنكم من يريد الاخرة ثم صرفكم عنهم ليبتليكم ولقد عفا عنكم والله ذو فضل على المؤمنين,سورة ال عمران,59
3,153,اذ تصعدون ولا تلون علىٰ احد والرسول يدعوكم في اخرىٰكم فاثٰبكم غما بغم لكيلا تحزنوا علىٰ ما فاتكم ولا ما اصٰبكم والله خبير بما تعملون,سورة ال عمران,44
3,154,ثم انزل عليكم من بعد الغم امنة نعاسا يغشىٰ طائفة منكم وطائفة قد اهمتهم انفسهم يظنون بالله غير الحق ظن الجٰهلية يقولون هل لنا من الامر من شيء قل ان الامر كله لله يخفون في انفسهم ما لا يبدون لك يقولون لو كان لنا من الامر شيء ما قتلنا هٰهنا قل لو كنتم في بيوتكم لبرز الذين كتب عليهم القتل الىٰ مضاجعهم وليبتلي الله ما في صدوركم وليمحص ما في قلوبكم والله عليم بذات الصدور,سورة ال عمران,8
3,155,ان الذين تولوا منكم يوم التقى الجمعان انما استزلهم الشيطٰن ببعض ما كسبوا ولقد عفا الله عنهم ان الله غفور حليم,سورة ال عمران,17
3,156,يٰايها الذين ءامنوا لا تكونوا كالذين كفروا وقالوا لاخوٰنهم اذا ضربوا في الارض او كانوا غزى لو كانوا عندنا ما ماتوا وما قتلوا ليجعل الله ذٰلك حسرة في قلوبهم والله يحي ويميت والله بما تعملون بصير,سورة ال عمران,27
3,157,ولئن قتلتم في سبيل الله او متم لمغفرة من الله ورحمة خير مما يجمعون,سورة ال عمران,30
3,158,ولئن متم او قتلتم لالى الله تحشرون,سورة ال عمران,30
3,159,فبما رحمة من الله لنت لهم ولو كنت فظا غليظ القلب لانفضوا من حولك فاعف عنهم واستغفر لهم وشاورهم في الامر فاذا عزمت فتوكل على الله ان الله يحب المتوكلين,سورة ال عمران,3
3,160,ان ينصركم الله فلا غالب لكم وان يخذلكم فمن ذا الذي ينصركم من بعده وعلى الله فليتوكل المؤمنون,سورة ال عمران,14
3,161,وما كان لنبي ان يغل ومن يغلل يات بما غل يوم القيٰمة ثم توفىٰ كل نفس ما كسبت وهم لا يظلمون,سورة ال عمران,40
3,162,افمن اتبع رضوٰن الله كمن باء بسخط من الله وماوىٰه جهنم وبئس المصير,سورة ال عمران,45
3,163,هم درجٰت عند الله والله بصير بما يعملون,سورة ال عمران,27
3,164,لقد من الله على المؤمنين اذ بعث فيهم رسولا من انفسهم يتلوا عليهم ءايٰته ويزكيهم ويعلمهم الكتٰب والحكمة وان كانوا من قبل لفي ضلٰل مبين,سورة ال عمران,59
3,165,اولما اصٰبتكم مصيبة قد اصبتم مثليها قلتم انىٰ هٰذا قل هو من عند انفسكم ان الله علىٰ كل شيء قدير,سورة ال عمران,17
3,166,وما اصٰبكم يوم التقى الجمعان فباذن الله وليعلم المؤمنين,سورة ال عمران,56
3,167,وليعلم الذين نافقوا وقيل لهم تعالوا قٰتلوا في سبيل الله او ادفعوا قالوا لو نعلم قتالا لاتبعنٰكم هم للكفر يومئذ اقرب منهم للايمٰن يقولون بافوٰههم ما ليس في قلوبهم والله اعلم بما يكتمون,سورة ال عمران,43
3,168,الذين قالوا لاخوٰنهم وقعدوا لو اطاعونا ما قتلوا قل فادرءوا عن انفسكم الموت ان كنتم صٰدقين,سورة ال عمران,1
3,169,ولا تحسبن الذين قتلوا في سبيل الله اموٰتا بل احياء عند ربهم يرزقون,سورة ال عمران,44
3,170,فرحين بما ءاتىٰهم الله من فضله ويستبشرون بالذين لم يلحقوا بهم من خلفهم الا خوف عليهم ولا هم يحزنون,سورة ال عمران,44
3,171,يستبشرون بنعمة من الله وفضل وان الله لا يضيع اجر المؤمنين,سورة ال عمران,3
3,172,الذين استجابوا لله والرسول من بعد ما اصابهم القرح للذين احسنوا منهم واتقوا اجر عظيم,سورة ال عمران,59
3,173,الذين قال لهم الناس ان الناس قد جمعوا لكم فاخشوهم فزادهم ايمٰنا وقالوا حسبنا الله ونعم الوكيل,سورة ال عمران,17
3,174,فانقلبوا بنعمة من الله وفضل لم يمسسهم سوء واتبعوا رضوٰن الله والله ذو فضل عظيم,سورة ال عمران,3
3,175,انما ذٰلكم الشيطٰن يخوف اولياءه فلا تخافوهم وخافون ان كنتم مؤمنين,سورة ال عمران,17
3,176,ولا يحزنك الذين يسٰرعون في الكفر انهم لن يضروا الله شيا يريد الله الا يجعل لهم حظا في الاخرة ولهم عذاب عظيم,سورة ال عمران,8
3,177,ان الذين اشتروا الكفر بالايمٰن لن يضروا الله شيا ولهم عذاب اليم,سورة ال عمران,43
3,178,ولا يحسبن الذين كفروا انما نملي لهم خير لانفسهم انما نملي لهم ليزدادوا اثما ولهم عذاب مهين,سورة ال عمران,17
3,179,ما كان الله ليذر المؤمنين علىٰ ما انتم عليه حتىٰ يميز الخبيث من الطيب وما كان الله ليطلعكم على الغيب ولٰكن الله يجتبي من رسله من يشاء فامنوا بالله ورسله وان تؤمنوا وتتقوا فلكم اجر عظيم,سورة ال عمران,46
3,180,ولا يحسبن الذين يبخلون بما ءاتىٰهم الله من فضله هو خيرا لهم بل هو شر لهم سيطوقون ما بخلوا به يوم القيٰمة ولله ميرٰث السمٰوٰت والارض والله بما تعملون خبير,سورة ال عمران,40
3,181,لقد سمع الله قول الذين قالوا ان الله فقير ونحن اغنياء سنكتب ما قالوا وقتلهم الانبياء بغير حق ونقول ذوقوا عذاب الحريق,سورة ال عمران,43
3,182,ذٰلك بما قدمت ايديكم وان الله ليس بظلام للعبيد,سورة ال عمران,21
3,183,الذين قالوا ان الله عهد الينا الا نؤمن لرسول حتىٰ ياتينا بقربان تاكله النار قل قد جاءكم رسل من قبلي بالبينٰت وبالذي قلتم فلم قتلتموهم ان كنتم صٰدقين,سورة ال عمران,1
3,184,فان كذبوك فقد كذب رسل من قبلك جاءو بالبينٰت والزبر والكتٰب المنير,سورة ال عمران,59
3,185,كل نفس ذائقة الموت وانما توفون اجوركم يوم القيٰمة فمن زحزح عن النار وادخل الجنة فقد فاز وما الحيوٰة الدنيا الا متٰع الغرور,سورة ال عمران,40
3,186,لتبلون في اموٰلكم وانفسكم ولتسمعن من الذين اوتوا الكتٰب من قبلكم ومن الذين اشركوا اذى كثيرا وان تصبروا وتتقوا فان ذٰلك من عزم الامور,سورة ال عمران,59
3,187,واذ اخذ الله ميثٰق الذين اوتوا الكتٰب لتبيننه للناس ولا تكتمونه فنبذوه وراء ظهورهم واشتروا به ثمنا قليلا فبئس ما يشترون,سورة ال عمران,41
3,188,لا تحسبن الذين يفرحون بما اتوا ويحبون ان يحمدوا بما لم يفعلوا فلا تحسبنهم بمفازة من العذاب ولهم عذاب اليم,سورة ال عمران,43
3,189,ولله ملك السمٰوٰت والارض والله علىٰ كل شيء قدير,سورة ال عمران,66
3,190,ان في خلق السمٰوٰت والارض واختلٰف اليل والنهار لايٰت لاولي الالبٰب,سورة ال عمران,66
3,191,الذين يذكرون الله قيٰما وقعودا وعلىٰ جنوبهم ويتفكرون في خلق السمٰوٰت والارض ربنا ما خلقت هٰذا بٰطلا سبحٰنك فقنا عذاب النار,سورة ال عمران,66
3,192,ربنا انك من تدخل النار فقد اخزيته وما للظٰلمين من انصار,سورة ال عمران,59
3,193,ربنا اننا سمعنا مناديا ينادي للايمٰن ان ءامنوا بربكم فامنا ربنا فاغفر لنا ذنوبنا وكفر عنا سياتنا وتوفنا مع الابرار,سورة ال عمران,0
3,194,ربنا وءاتنا ما وعدتنا علىٰ رسلك ولا تخزنا يوم القيٰمة انك لا تخلف الميعاد,سورة ال عمران,40
3,195,فاستجاب لهم ربهم اني لا اضيع عمل عٰمل منكم من ذكر او انثىٰ بعضكم من بعض فالذين هاجروا واخرجوا من ديٰرهم واوذوا في سبيلي وقٰتلوا وقتلوا لاكفرن عنهم سياتهم ولادخلنهم جنٰت تجري من تحتها الانهٰر ثوابا من عند الله والله عنده حسن الثواب,سورة ال عمران,13
3,196,لا يغرنك تقلب الذين كفروا في البلٰد,سورة ال عمران,43
3,197,متٰع قليل ثم ماوىٰهم جهنم وبئس المهاد,سورة ال عمران,45
3,198,لٰكن الذين اتقوا ربهم لهم جنٰت تجري من تحتها الانهٰر خٰلدين فيها نزلا من عند الله وما عند الله خير للابرار,سورة ال عمران,13
3,199,وان من اهل الكتٰب لمن يؤمن بالله وما انزل اليكم وما انزل اليهم خٰشعين لله لا يشترون بايٰت الله ثمنا قليلا اولٰئك لهم اجرهم عند ربهم ان الله سريع الحساب,سورة ال عمران,63
3,200,يٰايها الذين ءامنوا اصبروا وصابروا ورابطوا واتقوا الله لعلكم تفلحون,سورة ال عمران,62
4,0,سورة النساء,سورة النساء,6
4,0,بسم الله الرحمٰن الرحيم,سورة النساء,10
4,1,يٰايها الناس اتقوا ربكم الذي خلقكم من نفس وٰحدة وخلق منها زوجها وبث منهما رجالا كثيرا ونساء واتقوا الله الذي تساءلون به والارحام ان الله كان عليكم رقيبا,سورة النساء,50
4,2,وءاتوا اليتٰمىٰ اموٰلهم ولا تتبدلوا الخبيث بالطيب ولا تاكلوا اموٰلهم الىٰ اموٰلكم انه كان حوبا كبيرا,سورة النساء,44
4,3,وان خفتم الا تقسطوا في اليتٰمىٰ فانكحوا ما طاب لكم من النساء مثنىٰ وثلٰث وربٰع فان خفتم الا تعدلوا فوٰحدة او ما ملكت ايمٰنكم ذٰلك ادنىٰ الا تعولوا,سورة النساء,31
4,4,وءاتوا النساء صدقٰتهن نحلة فان طبن لكم عن شيء منه نفسا فكلوه هنيا مريا,سورة النساء,0
4,5,ولا تؤتوا السفهاء اموٰلكم التي جعل الله لكم قيٰما وارزقوهم فيها واكسوهم وقولوا لهم قولا معروفا,سورة النساء,38
4,6,وابتلوا اليتٰمىٰ حتىٰ اذا بلغوا النكاح فان ءانستم منهم رشدا فادفعوا اليهم اموٰلهم ولا تاكلوها اسرافا وبدارا ان يكبروا ومن كان غنيا فليستعفف ومن كان فقيرا فلياكل بالمعروف فاذا دفعتم اليهم اموٰلهم فاشهدوا عليهم وكفىٰ بالله حسيبا,سورة النساء,11
4,7,للرجال نصيب مما ترك الوٰلدان والاقربون وللنساء نصيب مما ترك الوٰلدان والاقربون مما قل منه او كثر نصيبا مفروضا,سورة النساء,0
4,8,واذا حضر القسمة اولوا القربىٰ واليتٰمىٰ والمسٰكين فارزقوهم منه وقولوا لهم قولا معروفا,سورة النساء,54
4,9,وليخش الذين لو تركوا من خلفهم ذرية ضعٰفا خافوا عليهم فليتقوا الله وليقولوا قولا سديدا,سورة النساء,59
4,10,ان الذين ياكلون اموٰل اليتٰمىٰ ظلما انما ياكلون في بطونهم نارا وسيصلون سعيرا,سورة النساء,17
4,11,يوصيكم الله في اولٰدكم للذكر مثل حظ الانثيين فان كن نساء فوق اثنتين فلهن ثلثا ما ترك وان كانت وٰحدة فلها النصف ولابويه لكل وٰحد منهما السدس مما ترك ان كان له ولد فان لم يكن له ولد وورثه ابواه فلامه الثلث فان كان له اخوة فلامه السدس من بعد وصية يوصي بها او دين ءاباؤكم وابناؤكم لا تدرون ايهم اقرب لكم نفعا فريضة من الله ان الله كان عليما حكيما,سورة النساء,3
4,12,ولكم نصف ما ترك ازوٰجكم ان لم يكن لهن ولد فان كان لهن ولد فلكم الربع مما تركن من بعد وصية يوصين بها او دين ولهن الربع مما تركتم ان لم يكن لكم ولد فان كان لكم ولد فلهن الثمن مما تركتم من بعد وصية توصون بها او دين وان كان رجل يورث كلٰلة او امراة وله اخ او اخت فلكل وٰحد منهما السدس فان كانوا اكثر من ذٰلك فهم شركاء في الثلث من بعد وصية يوصىٰ بها او دين غير مضار وصية من الله والله عليم حليم,سورة النساء,30
4,13,تلك حدود الله ومن يطع الله ورسوله يدخله جنٰت تجري من تحتها الانهٰر خٰلدين فيها وذٰلك الفوز العظيم,سورة النساء,13
4,14,ومن يعص الله ورسوله ويتعد حدوده يدخله نارا خٰلدا فيها وله عذاب مهين,سورة النساء,3
4,15,والٰتي ياتين الفٰحشة من نسائكم فاستشهدوا عليهن اربعة منكم فان شهدوا فامسكوهن في البيوت حتىٰ يتوفىٰهن الموت او يجعل الله لهن سبيلا,سورة النساء,30
4,16,والذان ياتيٰنها منكم فاذوهما فان تابا واصلحا فاعرضوا عنهما ان الله كان توابا رحيما,سورة النساء,19
4,17,انما التوبة على الله للذين يعملون السوء بجهٰلة ثم يتوبون من قريب فاولٰئك يتوب الله عليهم وكان الله عليما حكيما,سورة النساء,32
4,18,وليست التوبة للذين يعملون السيات حتىٰ اذا حضر احدهم الموت قال اني تبت الٰن ولا الذين يموتون وهم كفار اولٰئك اعتدنا لهم عذابا اليما,سورة النساء,63
4,19,يٰايها الذين ءامنوا لا يحل لكم ان ترثوا النساء كرها ولا تعضلوهن لتذهبوا ببعض ما ءاتيتموهن الا ان ياتين بفٰحشة مبينة وعاشروهن بالمعروف فان كرهتموهن فعسىٰ ان تكرهوا شيا ويجعل الله فيه خيرا كثيرا,سورة النساء,62
4,20,وان اردتم استبدال زوج مكان زوج وءاتيتم احدىٰهن قنطارا فلا تاخذوا منه شيا اتاخذونه بهتٰنا واثما مبينا,سورة النساء,0
4,21,وكيف تاخذونه وقد افضىٰ بعضكم الىٰ بعض واخذن منكم ميثٰقا غليظا,سورة النساء,67
4,22,ولا تنكحوا ما نكح ءاباؤكم من النساء الا ما قد سلف انه كان فٰحشة ومقتا وساء سبيلا,سورة النساء,36
4,23,حرمت عليكم امهٰتكم وبناتكم واخوٰتكم وعمٰتكم وخٰلٰتكم وبنات الاخ وبنات الاخت وامهٰتكم الٰتي ارضعنكم واخوٰتكم من الرضٰعة وامهٰت نسائكم وربٰئبكم الٰتي في حجوركم من نسائكم الٰتي دخلتم بهن فان لم تكونوا دخلتم بهن فلا جناح عليكم وحلٰئل ابنائكم الذين من اصلٰبكم وان تجمعوا بين الاختين الا ما قد سلف ان الله كان غفورا رحيما,سورة النساء,59
4,24,والمحصنٰت من النساء الا ما ملكت ايمٰنكم كتٰب الله عليكم واحل لكم ما وراء ذٰلكم ان تبتغوا باموٰلكم محصنين غير مسٰفحين فما استمتعتم به منهن فاتوهن اجورهن فريضة ولا جناح عليكم فيما ترٰضيتم به من بعد الفريضة ان الله كان عليما حكيما,سورة النساء,41
4,25,ومن لم يستطع منكم طولا ان ينكح المحصنٰت المؤمنٰت فمن ما ملكت ايمٰنكم من فتيٰتكم المؤمنٰت والله اعلم بايمٰنكم بعضكم من بعض فانكحوهن باذن اهلهن وءاتوهن اجورهن بالمعروف محصنٰت غير مسٰفحٰت ولا متخذٰت اخدان فاذا احصن فان اتين بفٰحشة فعليهن نصف ما على المحصنٰت من العذاب ذٰلك لمن خشي العنت منكم وان تصبروا خير لكم والله غفور رحيم,سورة النساء,19
4,26,يريد الله ليبين لكم ويهديكم سنن الذين من قبلكم ويتوب عليكم والله عليم حكيم,سورة النساء,5
4,27,والله يريد ان يتوب عليكم ويريد الذين يتبعون الشهوٰت ان تميلوا ميلا عظيما,سورة النساء,43
4,28,يريد الله ان يخفف عنكم وخلق الانسٰن ضعيفا,سورة النساء,0
4,29,يٰايها الذين ءامنوا لا تاكلوا اموٰلكم بينكم بالبٰطل الا ان تكون تجٰرة عن تراض منكم ولا تقتلوا انفسكم ان الله كان بكم رحيما,سورة النساء,62
4,30,ومن يفعل ذٰلك عدوٰنا وظلما فسوف نصليه نارا وكان ذٰلك على الله يسيرا,سورة النساء,21
4,31,ان تجتنبوا كبائر ما تنهون عنه نكفر عنكم سياتكم وندخلكم مدخلا كريما,سورة النساء,15
4,32,ولا تتمنوا ما فضل الله به بعضكم علىٰ بعض للرجال نصيب مما اكتسبوا وللنساء نصيب مما اكتسبن وسلوا الله من فضله ان الله كان بكل شيء عليما,سورة النساء,67
4,33,ولكل جعلنا موٰلي مما ترك الوٰلدان والاقربون والذين عقدت ايمٰنكم فاتوهم نصيبهم ان الله كان علىٰ كل شيء شهيدا,سورة النساء,53
4,34,الرجال قوٰمون على النساء بما فضل الله بعضهم علىٰ بعض وبما انفقوا من اموٰلهم فالصٰلحٰت قٰنتٰت حٰفظٰت للغيب بما حفظ الله والٰتي تخافون نشوزهن فعظوهن واهجروهن في المضاجع واضربوهن فان اطعنكم فلا تبغوا عليهن سبيلا ان الله كان عليا كبيرا,سورة النساء,67
4,35,وان خفتم شقاق بينهما فابعثوا حكما من اهله وحكما من اهلها ان يريدا اصلٰحا يوفق الله بينهما ان الله كان عليما خبيرا,سورة النساء,3
4,36,واعبدوا الله ولا تشركوا به شيا وبالوٰلدين احسٰنا وبذي القربىٰ واليتٰمىٰ والمسٰكين والجار ذي القربىٰ والجار الجنب والصاحب بالجنب وابن السبيل وما ملكت ايمٰنكم ان الله لا يحب من كان مختالا فخورا,سورة النساء,17
4,37,الذين يبخلون ويامرون الناس بالبخل ويكتمون ما ءاتىٰهم الله من فضله واعتدنا للكٰفرين عذابا مهينا,سورة النساء,7
4,38,والذين ينفقون اموٰلهم رئاء الناس ولا يؤمنون بالله ولا باليوم الاخر ومن يكن الشيطٰن له قرينا فساء قرينا,سورة النساء,44
4,39,وماذا عليهم لو ءامنوا بالله واليوم الاخر وانفقوا مما رزقهم الله وكان الله بهم عليما,سورة النساء,32
4,40,ان الله لا يظلم مثقال ذرة وان تك حسنة يضٰعفها ويؤت من لدنه اجرا عظيما,سورة النساء,43
4,41,فكيف اذا جئنا من كل امة بشهيد وجئنا بك علىٰ هٰؤلاء شهيدا,سورة النساء,39
4,42,يومئذ يود الذين كفروا وعصوا الرسول لو تسوىٰ بهم الارض ولا يكتمون الله حديثا,سورة النساء,44
4,43,يٰايها الذين ءامنوا لا تقربوا الصلوٰة وانتم سكٰرىٰ حتىٰ تعلموا ما تقولون ولا جنبا الا عابري سبيل حتىٰ تغتسلوا وان كنتم مرضىٰ او علىٰ سفر او جاء احد منكم من الغائط او لٰمستم النساء فلم تجدوا ماء فتيمموا صعيدا طيبا فامسحوا بوجوهكم وايديكم ان الله كان عفوا غفورا,سورة النساء,30
4,44,الم تر الى الذين اوتوا نصيبا من الكتٰب يشترون الضلٰلة ويريدون ان تضلوا السبيل,سورة النساء,55
4,45,والله اعلم باعدائكم وكفىٰ بالله وليا وكفىٰ بالله نصيرا,سورة النساء,0
4,46,من الذين هادوا يحرفون الكلم عن مواضعه ويقولون سمعنا وعصينا واسمع غير مسمع ورٰعنا ليا بالسنتهم وطعنا في الدين ولو انهم قالوا سمعنا واطعنا واسمع وانظرنا لكان خيرا لهم واقوم ولٰكن لعنهم الله بكفرهم فلا يؤمنون الا قليلا,سورة النساء,43
4,47,يٰايها الذين اوتوا الكتٰب ءامنوا بما نزلنا مصدقا لما معكم من قبل ان نطمس وجوها فنردها علىٰ ادبارها او نلعنهم كما لعنا اصحٰب السبت وكان امر الله مفعولا,سورة النساء,62
4,48,ان الله لا يغفر ان يشرك به ويغفر ما دون ذٰلك لمن يشاء ومن يشرك بالله فقد افترىٰ اثما عظيما,سورة النساء,19
4,49,الم تر الى الذين يزكون انفسهم بل الله يزكي من يشاء ولا يظلمون فتيلا,سورة النساء,55
4,50,انظر كيف يفترون على الله الكذب وكفىٰ به اثما مبينا,سورة النساء,41
4,51,الم تر الى الذين اوتوا نصيبا من الكتٰب يؤمنون بالجبت والطٰغوت ويقولون للذين كفروا هٰؤلاء اهدىٰ من الذين ءامنوا سبيلا,سورة النساء,55
4,52,اولٰئك الذين لعنهم الله ومن يلعن الله فلن تجد له نصيرا,سورة النساء,63
4,53,ام لهم نصيب من الملك فاذا لا يؤتون الناس نقيرا,سورة النساء,60
4,54,ام يحسدون الناس علىٰ ما ءاتىٰهم الله من فضله فقد ءاتينا ءال ابرٰهيم الكتٰب والحكمة وءاتينٰهم ملكا عظيما,سورة النساء,58
4,55,فمنهم من ءامن به ومنهم من صد عنه وكفىٰ بجهنم سعيرا,سورة النساء,15
4,56,ان الذين كفروا بايٰتنا سوف نصليهم نارا كلما نضجت جلودهم بدلنٰهم جلودا غيرها ليذوقوا العذاب ان الله كان عزيزا حكيما,سورة النساء,28
4,57,والذين ءامنوا وعملوا الصٰلحٰت سندخلهم جنٰت تجري من تحتها الانهٰر خٰلدين فيها ابدا لهم فيها ازوٰج مطهرة وندخلهم ظلا ظليلا,سورة النساء,2
4,58,ان الله يامركم ان تؤدوا الامٰنٰت الىٰ اهلها واذا حكمتم بين الناس ان تحكموا بالعدل ان الله نعما يعظكم به ان الله كان سميعا بصيرا,سورة النساء,3
4,59,يٰايها الذين ءامنوا اطيعوا الله واطيعوا الرسول واولي الامر منكم فان تنٰزعتم في شيء فردوه الى الله والرسول ان كنتم تؤمنون بالله واليوم الاخر ذٰلك خير واحسن تاويلا,سورة النساء,62
4,60,الم تر الى الذين يزعمون انهم ءامنوا بما انزل اليك وما انزل من قبلك يريدون ان يتحاكموا الى الطٰغوت وقد امروا ان يكفروا به ويريد الشيطٰن ان يضلهم ضلٰلا بعيدا,سورة النساء,55
4,61,واذا قيل لهم تعالوا الىٰ ما انزل الله والى الرسول رايت المنٰفقين يصدون عنك صدودا,سورة النساء,54
4,62,فكيف اذا اصٰبتهم مصيبة بما قدمت ايديهم ثم جاءوك يحلفون بالله ان اردنا الا احسٰنا وتوفيقا,سورة النساء,11
4,63,اولٰئك الذين يعلم الله ما في قلوبهم فاعرض عنهم وعظهم وقل لهم في انفسهم قولا بليغا,سورة النساء,63
4,64,وما ارسلنا من رسول الا ليطاع باذن الله ولو انهم اذ ظلموا انفسهم جاءوك فاستغفروا الله واستغفر لهم الرسول لوجدوا الله توابا رحيما,سورة النساء,3
4,65,فلا وربك لا يؤمنون حتىٰ يحكموك فيما شجر بينهم ثم لا يجدوا في انفسهم حرجا مما قضيت ويسلموا تسليما,سورة النساء,43
4,66,ولو انا كتبنا عليهم ان اقتلوا انفسكم او اخرجوا من ديٰركم ما فعلوه الا قليل منهم ولو انهم فعلوا ما يوعظون به لكان خيرا لهم واشد تثبيتا,سورة النساء,18
4,67,واذا لاتينٰهم من لدنا اجرا عظيما,سورة النساء,54
4,68,ولهدينٰهم صرٰطا مستقيما,سورة النساء,9
4,69,ومن يطع الله والرسول فاولٰئك مع الذين انعم الله عليهم من النبين والصديقين والشهداء والصٰلحين وحسن اولٰئك رفيقا,سورة النساء,63
4,70,ذٰلك الفضل من الله وكفىٰ بالله عليما,سورة النساء,21
4,71,يٰايها الذين ءامنوا خذوا حذركم فانفروا ثبات او انفروا جميعا,سورة النساء,62
4,72,وان منكم لمن ليبطئن فان اصٰبتكم مصيبة قال قد انعم الله علي اذ لم اكن معهم شهيدا,سورة النساء,19
4,73,ولئن اصٰبكم فضل من الله ليقولن كان لم تكن بينكم وبينه مودة يٰليتني كنت معهم فافوز فوزا عظيما,سورة النساء,59
4,74,فليقٰتل في سبيل الله الذين يشرون الحيوٰة الدنيا بالاخرة ومن يقٰتل في سبيل الله فيقتل او يغلب فسوف نؤتيه اجرا عظيما,سورة النساء,8
4,75,وما لكم لا تقٰتلون في سبيل الله والمستضعفين من الرجال والنساء والولدٰن الذين يقولون ربنا اخرجنا من هٰذه القرية الظالم اهلها واجعل لنا من لدنك وليا واجعل لنا من لدنك نصيرا,سورة النساء,59
4,76,الذين ءامنوا يقٰتلون في سبيل الله والذين كفروا يقٰتلون في سبيل الطٰغوت فقٰتلوا اولياء الشيطٰن ان كيد الشيطٰن كان ضعيفا,سورة النساء,62
4,77,الم تر الى الذين قيل لهم كفوا ايديكم واقيموا الصلوٰة وءاتوا الزكوٰة فلما كتب عليهم القتال اذا فريق منهم يخشون الناس كخشية الله او اشد خشية وقالوا ربنا لم كتبت علينا القتال لولا اخرتنا الىٰ اجل قريب قل متٰع الدنيا قليل والاخرة خير لمن اتقىٰ ولا تظلمون فتيلا,سورة النساء,55
4,78,اينما تكونوا يدرككم الموت ولو كنتم في بروج مشيدة وان تصبهم حسنة يقولوا هٰذه من عند الله وان تصبهم سيئة يقولوا هٰذه من عندك قل كل من عند الله فمال هٰؤلاء القوم لا يكادون يفقهون حديثا,سورة النساء,17
4,79,ما اصابك من حسنة فمن الله وما اصابك من سيئة فمن نفسك وارسلنٰك للناس رسولا وكفىٰ بالله شهيدا,سورة النساء,53
4,80,من يطع الرسول فقد اطاع الله ومن تولىٰ فما ارسلنٰك عليهم حفيظا,سورة النساء,3
4,81,ويقولون طاعة فاذا برزوا من عندك بيت طائفة منهم غير الذي تقول والله يكتب ما يبيتون فاعرض عنهم وتوكل على الله وكفىٰ بالله وكيلا,سورة النساء,48
4,82,افلا يتدبرون القرءان ولو كان من عند غير الله لوجدوا فيه اختلٰفا كثيرا,سورة النساء,50
4,83,واذا جاءهم امر من الامن او الخوف اذاعوا به ولو ردوه الى الرسول والىٰ اولي الامر منهم لعلمه الذين يستنبطونه منهم ولولا فضل الله عليكم ورحمته لاتبعتم الشيطٰن الا قليلا,سورة النساء,54
4,84,فقٰتل في سبيل الله لا تكلف الا نفسك وحرض المؤمنين عسى الله ان يكف باس الذين كفروا والله اشد باسا واشد تنكيلا,سورة النساء,43
4,85,من يشفع شفٰعة حسنة يكن له نصيب منها ومن يشفع شفٰعة سيئة يكن له كفل منها وكان الله علىٰ كل شيء مقيتا,سورة النساء,64
4,86,واذا حييتم بتحية فحيوا باحسن منها او ردوها ان الله كان علىٰ كل شيء حسيبا,سورة النساء,64
4,87,الله لا الٰه الا هو ليجمعنكم الىٰ يوم القيٰمة لا ريب فيه ومن اصدق من الله حديثا,سورة النساء,40
4,88,فما لكم في المنٰفقين فئتين والله اركسهم بما كسبوا اتريدون ان تهدوا من اضل الله ومن يضلل الله فلن تجد له سبيلا,سورة النساء,3
4,89,ودوا لو تكفرون كما كفروا فتكونون سواء فلا تتخذوا منهم اولياء حتىٰ يهاجروا في سبيل الله فان تولوا فخذوهم واقتلوهم حيث وجدتموهم ولا تتخذوا منهم وليا ولا نصيرا,سورة النساء,44
4,90,الا الذين يصلون الىٰ قوم بينكم وبينهم ميثٰق او جاءوكم حصرت صدورهم ان يقٰتلوكم او يقٰتلوا قومهم ولو شاء الله لسلطهم عليكم فلقٰتلوكم فان اعتزلوكم فلم يقٰتلوكم والقوا اليكم السلم فما جعل الله لكم عليهم سبيلا,سورة النساء,30
4,91,ستجدون ءاخرين يريدون ان يامنوكم ويامنوا قومهم كل ما ردوا الى الفتنة اركسوا فيها فان لم يعتزلوكم ويلقوا اليكم السلم ويكفوا ايديهم فخذوهم واقتلوهم حيث ثقفتموهم واولٰئكم جعلنا لكم عليهم سلطٰنا مبينا,سورة النساء,0
4,92,وما كان لمؤمن ان يقتل مؤمنا الا خطا ومن قتل مؤمنا خطا فتحرير رقبة مؤمنة ودية مسلمة الىٰ اهله الا ان يصدقوا فان كان من قوم عدو لكم وهو مؤمن فتحرير رقبة مؤمنة وان كان من قوم بينكم وبينهم ميثٰق فدية مسلمة الىٰ اهله وتحرير رقبة مؤمنة فمن لم يجد فصيام شهرين متتابعين توبة من الله وكان الله عليما حكيما,سورة النساء,32
4,93,ومن يقتل مؤمنا متعمدا فجزاؤه جهنم خٰلدا فيها وغضب الله عليه ولعنه واعد له عذابا عظيما,سورة النساء,38
4,94,يٰايها الذين ءامنوا اذا ضربتم في سبيل الله فتبينوا ولا تقولوا لمن القىٰ اليكم السلٰم لست مؤمنا تبتغون عرض الحيوٰة الدنيا فعند الله مغانم كثيرة كذٰلك كنتم من قبل فمن الله عليكم فتبينوا ان الله كان بما تعملون خبيرا,سورة النساء,62
4,95,لا يستوي القٰعدون من المؤمنين غير اولي الضرر والمجٰهدون في سبيل الله باموٰلهم وانفسهم فضل الله المجٰهدين باموٰلهم وانفسهم على القٰعدين درجة وكلا وعد الله الحسنىٰ وفضل الله المجٰهدين على القٰعدين اجرا عظيما,سورة النساء,3
4,96,درجٰت منه ومغفرة ورحمة وكان الله غفورا رحيما,سورة النساء,32
4,97,ان الذين توفىٰهم الملٰئكة ظالمي انفسهم قالوا فيم كنتم قالوا كنا مستضعفين في الارض قالوا الم تكن ارض الله وٰسعة فتهاجروا فيها فاولٰئك ماوىٰهم جهنم وساءت مصيرا,سورة النساء,9
4,98,الا المستضعفين من الرجال والنساء والولدٰن لا يستطيعون حيلة ولا يهتدون سبيلا,سورة النساء,44
4,99,فاولٰئك عسى الله ان يعفو عنهم وكان الله عفوا غفورا,سورة النساء,32
4,100,ومن يهاجر في سبيل الله يجد في الارض مرٰغما كثيرا وسعة ومن يخرج من بيته مهاجرا الى الله ورسوله ثم يدركه الموت فقد وقع اجره على الله وكان الله غفورا رحيما,سورة النساء,3
4,101,واذا ضربتم في الارض فليس عليكم جناح ان تقصروا من الصلوٰة ان خفتم ان يفتنكم الذين كفروا ان الكٰفرين كانوا لكم عدوا مبينا,سورة النساء,7
4,102,واذا كنت فيهم فاقمت لهم الصلوٰة فلتقم طائفة منهم معك ولياخذوا اسلحتهم فاذا سجدوا فليكونوا من ورائكم ولتات طائفة اخرىٰ لم يصلوا فليصلوا معك ولياخذوا حذرهم واسلحتهم ود الذين كفروا لو تغفلون عن اسلحتكم وامتعتكم فيميلون عليكم ميلة وٰحدة ولا جناح عليكم ان كان بكم اذى من مطر او كنتم مرضىٰ ان تضعوا اسلحتكم وخذوا حذركم ان الله اعد للكٰفرين عذابا مهينا,سورة النساء,7
4,103,فاذا قضيتم الصلوٰة فاذكروا الله قيٰما وقعودا وعلىٰ جنوبكم فاذا اطماننتم فاقيموا الصلوٰة ان الصلوٰة كانت على المؤمنين كتٰبا موقوتا,سورة النساء,48
4,104,ولا تهنوا في ابتغاء القوم ان تكونوا تالمون فانهم يالمون كما تالمون وترجون من الله ما لا يرجون وكان الله عليما حكيما,سورة النساء,32
4,105,انا انزلنا اليك الكتٰب بالحق لتحكم بين الناس بما ارىٰك الله ولا تكن للخائنين خصيما,سورة النساء,44
4,106,واستغفر الله ان الله كان غفورا رحيما,سورة النساء,32
4,107,ولا تجٰدل عن الذين يختانون انفسهم ان الله لا يحب من كان خوانا اثيما,سورة النساء,43
4,108,يستخفون من الناس ولا يستخفون من الله وهو معهم اذ يبيتون ما لا يرضىٰ من القول وكان الله بما يعملون محيطا,سورة النساء,59
4,109,هٰانتم هٰؤلاء جٰدلتم عنهم في الحيوٰة الدنيا فمن يجٰدل الله عنهم يوم القيٰمة ام من يكون عليهم وكيلا,سورة النساء,40
4,110,ومن يعمل سوءا او يظلم نفسه ثم يستغفر الله يجد الله غفورا رحيما,سورة النساء,32
4,111,ومن يكسب اثما فانما يكسبه علىٰ نفسه وكان الله عليما حكيما,سورة النساء,32
4,112,ومن يكسب خطية او اثما ثم يرم به بريا فقد احتمل بهتٰنا واثما مبينا,سورة النساء,41
4,113,ولولا فضل الله عليك ورحمته لهمت طائفة منهم ان يضلوك وما يضلون الا انفسهم وما يضرونك من شيء وانزل الله عليك الكتٰب والحكمة وعلمك ما لم تكن تعلم وكان فضل الله عليك عظيما,سورة النساء,29
4,114,لا خير في كثير من نجوىٰهم الا من امر بصدقة او معروف او اصلٰح بين الناس ومن يفعل ذٰلك ابتغاء مرضات الله فسوف نؤتيه اجرا عظيما,سورة النساء,30
4,115,ومن يشاقق الرسول من بعد ما تبين له الهدىٰ ويتبع غير سبيل المؤمنين نوله ما تولىٰ ونصله جهنم وساءت مصيرا,سورة النساء,59
4,116,ان الله لا يغفر ان يشرك به ويغفر ما دون ذٰلك لمن يشاء ومن يشرك بالله فقد ضل ضلٰلا بعيدا,سورة النساء,19
4,117,ان يدعون من دونه الا انٰثا وان يدعون الا شيطٰنا مريدا,سورة النساء,31
4,118,لعنه الله وقال لاتخذن من عبادك نصيبا مفروضا,سورة النساء,59
4,119,ولاضلنهم ولامنينهم ولامرنهم فليبتكن ءاذان الانعٰم ولامرنهم فليغيرن خلق الله ومن يتخذ الشيطٰن وليا من دون الله فقد خسر خسرانا مبينا,سورة النساء,3
4,120,يعدهم ويمنيهم وما يعدهم الشيطٰن الا غرورا,سورة النساء,31
4,121,اولٰئك ماوىٰهم جهنم ولا يجدون عنها محيصا,سورة النساء,63
4,122,والذين ءامنوا وعملوا الصٰلحٰت سندخلهم جنٰت تجري من تحتها الانهٰر خٰلدين فيها ابدا وعد الله حقا ومن اصدق من الله قيلا,سورة النساء,2
4,123,ليس بامانيكم ولا اماني اهل الكتٰب من يعمل سوءا يجز به ولا يجد له من دون الله وليا ولا نصيرا,سورة النساء,44
4,124,ومن يعمل من الصٰلحٰت من ذكر او انثىٰ وهو مؤمن فاولٰئك يدخلون الجنة ولا يظلمون نقيرا,سورة النساء,32
4,125,ومن احسن دينا ممن اسلم وجهه لله وهو محسن واتبع ملة ابرٰهيم حنيفا واتخذ الله ابرٰهيم خليلا,سورة النساء,58
4,126,ولله ما في السمٰوٰت وما في الارض وكان الله بكل شيء محيطا,سورة النساء,8
4,127,ويستفتونك في النساء قل الله يفتيكم فيهن وما يتلىٰ عليكم في الكتٰب في يتٰمى النساء الٰتي لا تؤتونهن ما كتب لهن وترغبون ان تنكحوهن والمستضعفين من الولدٰن وان تقوموا لليتٰمىٰ بالقسط وما تفعلوا من خير فان الله كان به عليما,سورة النساء,8
4,128,وان امراة خافت من بعلها نشوزا او اعراضا فلا جناح عليهما ان يصلحا بينهما صلحا والصلح خير واحضرت الانفس الشح وان تحسنوا وتتقوا فان الله كان بما تعملون خبيرا,سورة النساء,17
4,129,ولن تستطيعوا ان تعدلوا بين النساء ولو حرصتم فلا تميلوا كل الميل فتذروها كالمعلقة وان تصلحوا وتتقوا فان الله كان غفورا رحيما,سورة النساء,32
4,130,وان يتفرقا يغن الله كلا من سعته وكان الله وٰسعا حكيما,سورة النساء,22
4,131,ولله ما في السمٰوٰت وما في الارض ولقد وصينا الذين اوتوا الكتٰب من قبلكم واياكم ان اتقوا الله وان تكفروا فان لله ما في السمٰوٰت وما في الارض وكان الله غنيا حميدا,سورة النساء,8
4,132,ولله ما في السمٰوٰت وما في الارض وكفىٰ بالله وكيلا,سورة النساء,8
4,133,ان يشا يذهبكم ايها الناس ويات باخرين وكان الله علىٰ ذٰلك قديرا,سورة النساء,32
4,134,من كان يريد ثواب الدنيا فعند الله ثواب الدنيا والاخرة وكان الله سميعا بصيرا,سورة النساء,32
4,135,يٰايها الذين ءامنوا كونوا قوٰمين بالقسط شهداء لله ولو علىٰ انفسكم او الوٰلدين والاقربين ان يكن غنيا او فقيرا فالله اولىٰ بهما فلا تتبعوا الهوىٰ ان تعدلوا وان تلوا او تعرضوا فان الله كان بما تعملون خبيرا,سورة النساء,30
4,136,يٰايها الذين ءامنوا ءامنوا بالله ورسوله والكتٰب الذي نزل علىٰ رسوله والكتٰب الذي انزل من قبل ومن يكفر بالله وملٰئكته وكتبه ورسله واليوم الاخر فقد ضل ضلٰلا بعيدا,سورة النساء,62
4,137,ان الذين ءامنوا ثم كفروا ثم ءامنوا ثم كفروا ثم ازدادوا كفرا لم يكن الله ليغفر لهم ولا ليهديهم سبيلا,سورة النساء,69
4,138,بشر المنٰفقين بان لهم عذابا اليما,سورة النساء,0
4,139,الذين يتخذون الكٰفرين اولياء من دون المؤمنين ايبتغون عندهم العزة فان العزة لله جميعا,سورة النساء,7
4,140,وقد نزل عليكم في الكتٰب ان اذا سمعتم ءايٰت الله يكفر بها ويستهزا بها فلا تقعدوا معهم حتىٰ يخوضوا في حديث غيره انكم اذا مثلهم ان الله جامع المنٰفقين والكٰفرين في جهنم جميعا,سورة النساء,11
4,141,الذين يتربصون بكم فان كان لكم فتح من الله قالوا الم نكن معكم وان كان للكٰفرين نصيب قالوا الم نستحوذ عليكم ونمنعكم من المؤمنين فالله يحكم بينكم يوم القيٰمة ولن يجعل الله للكٰفرين على المؤمنين سبيلا,سورة النساء,7
4,142,ان المنٰفقين يخٰدعون الله وهو خٰدعهم واذا قاموا الى الصلوٰة قاموا كسالىٰ يراءون الناس ولا يذكرون الله الا قليلا,سورة النساء,54
4,143,مذبذبين بين ذٰلك لا الىٰ هٰؤلاء ولا الىٰ هٰؤلاء ومن يضلل الله فلن تجد له سبيلا,سورة النساء,39
4,144,يٰايها الذين ءامنوا لا تتخذوا الكٰفرين اولياء من دون المؤمنين اتريدون ان تجعلوا لله عليكم سلطٰنا مبينا,سورة النساء,7
4,145,ان المنٰفقين في الدرك الاسفل من النار ولن تجد لهم نصيرا,سورة النساء,8
4,146,الا الذين تابوا واصلحوا واعتصموا بالله واخلصوا دينهم لله فاولٰئك مع المؤمنين وسوف يؤت الله المؤمنين اجرا عظيما,سورة النساء,32
4,147,ما يفعل الله بعذابكم ان شكرتم وءامنتم وكان الله شاكرا عليما,سورة النساء,32
4,148,لا يحب الله الجهر بالسوء من القول الا من ظلم وكان الله سميعا عليما,سورة النساء,32
4,149,ان تبدوا خيرا او تخفوه او تعفوا عن سوء فان الله كان عفوا قديرا,سورة النساء,30
4,150,ان الذين يكفرون بالله ورسله ويريدون ان يفرقوا بين الله ورسله ويقولون نؤمن ببعض ونكفر ببعض ويريدون ان يتخذوا بين ذٰلك سبيلا,سورة النساء,21
4,151,اولٰئك هم الكٰفرون حقا واعتدنا للكٰفرين عذابا مهينا,سورة النساء,7
4,152,والذين ءامنوا بالله ورسله ولم يفرقوا بين احد منهم اولٰئك سوف يؤتيهم اجورهم وكان الله غفورا رحيما,سورة النساء,32
4,153,يسلك اهل الكتٰب ان تنزل عليهم كتٰبا من السماء فقد سالوا موسىٰ اكبر من ذٰلك فقالوا ارنا الله جهرة فاخذتهم الصٰعقة بظلمهم ثم اتخذوا العجل من بعد ما جاءتهم البينٰت فعفونا عن ذٰلك وءاتينا موسىٰ سلطٰنا مبينا,سورة النساء,59
4,154,ورفعنا فوقهم الطور بميثٰقهم وقلنا لهم ادخلوا الباب سجدا وقلنا لهم لا تعدوا في السبت واخذنا منهم ميثٰقا غليظا,سورة النساء,43
4,155,فبما نقضهم ميثٰقهم وكفرهم بايٰت الله وقتلهم الانبياء بغير حق وقولهم قلوبنا غلف بل طبع الله عليها بكفرهم فلا يؤمنون الا قليلا,سورة النساء,43
4,156,وبكفرهم وقولهم علىٰ مريم بهتٰنا عظيما,سورة النساء,67
4,157,وقولهم انا قتلنا المسيح عيسى ابن مريم رسول الله وما قتلوه وما صلبوه ولٰكن شبه لهم وان الذين اختلفوا فيه لفي شك منه ما لهم به من علم الا اتباع الظن وما قتلوه يقينا,سورة النساء,29
4,158,بل رفعه الله اليه وكان الله عزيزا حكيما,سورة النساء,32
4,159,وان من اهل الكتٰب الا ليؤمنن به قبل موته ويوم القيٰمة يكون عليهم شهيدا,سورة النساء,40
4,160,فبظلم من الذين هادوا حرمنا عليهم طيبٰت احلت لهم وبصدهم عن سبيل الله كثيرا,سورة النساء,43
4,161,واخذهم الربوٰا وقد نهوا عنه واكلهم اموٰل الناس بالبٰطل واعتدنا للكٰفرين منهم عذابا اليما,سورة النساء,7
4,162,لٰكن الرٰسخون في العلم منهم والمؤمنون يؤمنون بما انزل اليك وما انزل من قبلك والمقيمين الصلوٰة والمؤتون الزكوٰة والمؤمنون بالله واليوم الاخر اولٰئك سنؤتيهم اجرا عظيما,سورة النساء,63
4,163,انا اوحينا اليك كما اوحينا الىٰ نوح والنبين من بعده واوحينا الىٰ ابرٰهيم واسمٰعيل واسحٰق ويعقوب والاسباط وعيسىٰ وايوب ويونس وهٰرون وسليمٰن وءاتينا داود زبورا,سورة النساء,68
4,164,ورسلا قد قصصنٰهم عليك من قبل ورسلا لم نقصصهم عليك وكلم الله موسىٰ تكليما,سورة النساء,59
4,165,رسلا مبشرين ومنذرين لئلا يكون للناس على الله حجة بعد الرسل وكان الله عزيزا حكيما,سورة النساء,32
4,166,لٰكن الله يشهد بما انزل اليك انزله بعلمه والملٰئكة يشهدون وكفىٰ بالله شهيدا,سورة النساء,46
4,167,ان الذين كفروا وصدوا عن سبيل الله قد ضلوا ضلٰلا بعيدا,سورة النساء,43
4,168,ان الذين كفروا وظلموا لم يكن الله ليغفر لهم ولا ليهديهم طريقا,سورة النساء,44
4,169,الا طريق جهنم خٰلدين فيها ابدا وكان ذٰلك على الله يسيرا,سورة النساء,38
4,170,يٰايها الناس قد جاءكم الرسول بالحق من ربكم فامنوا خيرا لكم وان تكفروا فان لله ما في السمٰوٰت والارض وكان الله عليما حكيما,سورة النساء,50
4,171,يٰاهل الكتٰب لا تغلوا في دينكم ولا تقولوا على الله الا الحق انما المسيح عيسى ابن مريم رسول الله وكلمته القىٰها الىٰ مريم وروح منه فامنوا بالله ورسله ولا تقولوا ثلٰثة انتهوا خيرا لكم انما الله الٰه وٰحد سبحٰنه ان يكون له ولد له ما في السمٰوٰت وما في الارض وكفىٰ بالله وكيلا,سورة النساء,8
4,172,لن يستنكف المسيح ان يكون عبدا لله ولا الملٰئكة المقربون ومن يستنكف عن عبادته ويستكبر فسيحشرهم اليه جميعا,سورة النساء,44
4,173,فاما الذين ءامنوا وعملوا الصٰلحٰت فيوفيهم اجورهم ويزيدهم من فضله واما الذين استنكفوا واستكبروا فيعذبهم عذابا اليما ولا يجدون لهم من دون الله وليا ولا نصيرا,سورة النساء,2
4,174,يٰايها الناس قد جاءكم برهٰن من ربكم وانزلنا اليكم نورا مبينا,سورة النساء,50
4,175,فاما الذين ءامنوا بالله واعتصموا به فسيدخلهم في رحمة منه وفضل ويهديهم اليه صرٰطا مستقيما,سورة النساء,41
4,176,يستفتونك قل الله يفتيكم في الكلٰلة ان امرؤا هلك ليس له ولد وله اخت فلها نصف ما ترك وهو يرثها ان لم يكن لها ولد فان كانتا اثنتين فلهما الثلثان مما ترك وان كانوا اخوة رجالا ونساء فللذكر مثل حظ الانثيين يبين الله لكم ان تضلوا والله بكل شيء عليم,سورة النساء,17
5,0,سورة المائدة,سورة المائدة,6
5,0,بسم الله الرحمٰن الرحيم,سورة المائدة,10
5,1,يٰايها الذين ءامنوا اوفوا بالعقود احلت لكم بهيمة الانعٰم الا ما يتلىٰ عليكم غير محلي الصيد وانتم حرم ان الله يحكم ما يريد,سورة المائدة,62
5,2,يٰايها الذين ءامنوا لا تحلوا شعٰئر الله ولا الشهر الحرام ولا الهدي ولا القلٰئد ولا ءامين البيت الحرام يبتغون فضلا من ربهم ورضوٰنا واذا حللتم فاصطادوا ولا يجرمنكم شنان قوم ان صدوكم عن المسجد الحرام ان تعتدوا وتعاونوا على البر والتقوىٰ ولا تعاونوا على الاثم والعدوٰن واتقوا الله ان الله شديد العقاب,سورة المائدة,44
5,3,حرمت عليكم الميتة والدم ولحم الخنزير وما اهل لغير الله به والمنخنقة والموقوذة والمتردية والنطيحة وما اكل السبع الا ما ذكيتم وما ذبح على النصب وان تستقسموا بالازلٰم ذٰلكم فسق اليوم يئس الذين كفروا من دينكم فلا تخشوهم واخشون اليوم اكملت لكم دينكم واتممت عليكم نعمتي ورضيت لكم الاسلٰم دينا فمن اضطر في مخمصة غير متجانف لاثم فان الله غفور رحيم,سورة المائدة,29
5,4,يسلونك ماذا احل لهم قل احل لكم الطيبٰت وما علمتم من الجوارح مكلبين تعلمونهن مما علمكم الله فكلوا مما امسكن عليكم واذكروا اسم الله عليه واتقوا الله ان الله سريع الحساب,سورة المائدة,3
5,5,اليوم احل لكم الطيبٰت وطعام الذين اوتوا الكتٰب حل لكم وطعامكم حل لهم والمحصنٰت من المؤمنٰت والمحصنٰت من الذين اوتوا الكتٰب من قبلكم اذا ءاتيتموهن اجورهن محصنين غير مسٰفحين ولا متخذي اخدان ومن يكفر بالايمٰن فقد حبط عمله وهو في الاخرة من الخٰسرين,سورة المائدة,59
5,6,يٰايها الذين ءامنوا اذا قمتم الى الصلوٰة فاغسلوا وجوهكم وايديكم الى المرافق وامسحوا برءوسكم وارجلكم الى الكعبين وان كنتم جنبا فاطهروا وان كنتم مرضىٰ او علىٰ سفر او جاء احد منكم من الغائط او لٰمستم النساء فلم تجدوا ماء فتيمموا صعيدا طيبا فامسحوا بوجوهكم وايديكم منه ما يريد الله ليجعل عليكم من حرج ولٰكن يريد ليطهركم وليتم نعمته عليكم لعلكم تشكرون,سورة المائدة,30
5,7,واذكروا نعمة الله عليكم وميثٰقه الذي واثقكم به اذ قلتم سمعنا واطعنا واتقوا الله ان الله عليم بذات الصدور,سورة المائدة,3
5,8,يٰايها الذين ءامنوا كونوا قوٰمين لله شهداء بالقسط ولا يجرمنكم شنان قوم علىٰ الا تعدلوا اعدلوا هو اقرب للتقوىٰ واتقوا الله ان الله خبير بما تعملون,سورة المائدة,62
5,9,وعد الله الذين ءامنوا وعملوا الصٰلحٰت لهم مغفرة واجر عظيم,سورة المائدة,2
5,10,والذين كفروا وكذبوا بايٰتنا اولٰئك اصحٰب الجحيم,سورة المائدة,63
5,11,يٰايها الذين ءامنوا اذكروا نعمت الله عليكم اذ هم قوم ان يبسطوا اليكم ايديهم فكف ايديهم عنكم واتقوا الله وعلى الله فليتوكل المؤمنون,سورة المائدة,62
5,12,ولقد اخذ الله ميثٰق بني اسرٰءيل وبعثنا منهم اثني عشر نقيبا وقال الله اني معكم لئن اقمتم الصلوٰة وءاتيتم الزكوٰة وءامنتم برسلي وعزرتموهم واقرضتم الله قرضا حسنا لاكفرن عنكم سياتكم ولادخلنكم جنٰت تجري من تحتها الانهٰر فمن كفر بعد ذٰلك منكم فقد ضل سواء السبيل,سورة المائدة,35
5,13,فبما نقضهم ميثٰقهم لعنٰهم وجعلنا قلوبهم قٰسية يحرفون الكلم عن مواضعه ونسوا حظا مما ذكروا به ولا تزال تطلع علىٰ خائنة منهم الا قليلا منهم فاعف عنهم واصفح ان الله يحب المحسنين,سورة المائدة,35
5,14,ومن الذين قالوا انا نصٰرىٰ اخذنا ميثٰقهم فنسوا حظا مما ذكروا به فاغرينا بينهم العداوة والبغضاء الىٰ يوم القيٰمة وسوف ينبئهم الله بما كانوا يصنعون,سورة المائدة,40
5,15,يٰاهل الكتٰب قد جاءكم رسولنا يبين لكم كثيرا مما كنتم تخفون من الكتٰب ويعفوا عن كثير قد جاءكم من الله نور وكتٰب مبين,سورة المائدة,59
5,16,يهدي به الله من اتبع رضوٰنه سبل السلٰم ويخرجهم من الظلمٰت الى النور باذنه ويهديهم الىٰ صرٰط مستقيم,سورة المائدة,59
5,17,لقد كفر الذين قالوا ان الله هو المسيح ابن مريم قل فمن يملك من الله شيا ان اراد ان يهلك المسيح ابن مريم وامه ومن في الارض جميعا ولله ملك السمٰوٰت والارض وما بينهما يخلق ما يشاء والله علىٰ كل شيء قدير,سورة المائدة,66
5,18,وقالت اليهود والنصٰرىٰ نحن ابنٰؤا الله واحبٰؤه قل فلم يعذبكم بذنوبكم بل انتم بشر ممن خلق يغفر لمن يشاء ويعذب من يشاء ولله ملك السمٰوٰت والارض وما بينهما واليه المصير,سورة المائدة,66
5,19,يٰاهل الكتٰب قد جاءكم رسولنا يبين لكم علىٰ فترة من الرسل ان تقولوا ما جاءنا من بشير ولا نذير فقد جاءكم بشير ونذير والله علىٰ كل شيء قدير,سورة المائدة,53
5,20,واذ قال موسىٰ لقومه يٰقوم اذكروا نعمة الله عليكم اذ جعل فيكم انبياء وجعلكم ملوكا وءاتىٰكم ما لم يؤت احدا من العٰلمين,سورة المائدة,26
5,21,يٰقوم ادخلوا الارض المقدسة التي كتب الله لكم ولا ترتدوا علىٰ ادباركم فتنقلبوا خٰسرين,سورة المائدة,44
5,22,قالوا يٰموسىٰ ان فيها قوما جبارين وانا لن ندخلها حتىٰ يخرجوا منها فان يخرجوا منها فانا دٰخلون,سورة المائدة,64
5,23,قال رجلان من الذين يخافون انعم الله عليهما ادخلوا عليهم الباب فاذا دخلتموه فانكم غٰلبون وعلى الله فتوكلوا ان كنتم مؤمنين,سورة المائدة,48
5,24,قالوا يٰموسىٰ انا لن ندخلها ابدا ما داموا فيها فاذهب انت وربك فقٰتلا انا هٰهنا قٰعدون,سورة المائدة,37
5,25,قال رب اني لا املك الا نفسي واخي فافرق بيننا وبين القوم الفٰسقين,سورة المائدة,12
5,26,قال فانها محرمة عليهم اربعين سنة يتيهون في الارض فلا تاس على القوم الفٰسقين,سورة المائدة,14
5,27,واتل عليهم نبا ابني ءادم بالحق اذ قربا قربانا فتقبل من احدهما ولم يتقبل من الاخر قال لاقتلنك قال انما يتقبل الله من المتقين,سورة المائدة,26
5,28,لئن بسطت الي يدك لتقتلني ما انا بباسط يدي اليك لاقتلك اني اخاف الله رب العٰلمين,سورة المائدة,16
5,29,اني اريد ان تبوا باثمي واثمك فتكون من اصحٰب النار وذٰلك جزٰؤا الظٰلمين,سورة المائدة,52
5,30,فطوعت له نفسه قتل اخيه فقتله فاصبح من الخٰسرين,سورة المائدة,59
5,31,فبعث الله غرابا يبحث في الارض ليريه كيف يوٰري سوءة اخيه قال يٰويلتىٰ اعجزت ان اكون مثل هٰذا الغراب فاوٰري سوءة اخي فاصبح من النٰدمين,سورة المائدة,0
5,32,من اجل ذٰلك كتبنا علىٰ بني اسرٰءيل انه من قتل نفسا بغير نفس او فساد في الارض فكانما قتل الناس جميعا ومن احياها فكانما احيا الناس جميعا ولقد جاءتهم رسلنا بالبينٰت ثم ان كثيرا منهم بعد ذٰلك في الارض لمسرفون,سورة المائدة,8
5,33,انما جزٰؤا الذين يحاربون الله ورسوله ويسعون في الارض فسادا ان يقتلوا او يصلبوا او تقطع ايديهم وارجلهم من خلٰف او ينفوا من الارض ذٰلك لهم خزي في الدنيا ولهم في الاخرة عذاب عظيم,سورة المائدة,8
5,34,الا الذين تابوا من قبل ان تقدروا عليهم فاعلموا ان الله غفور رحيم,سورة المائدة,3
5,35,يٰايها الذين ءامنوا اتقوا الله وابتغوا اليه الوسيلة وجٰهدوا في سبيله لعلكم تفلحون,سورة المائدة,62
5,36,ان الذين كفروا لو ان لهم ما في الارض جميعا ومثله معه ليفتدوا به من عذاب يوم القيٰمة ما تقبل منهم ولهم عذاب اليم,سورة المائدة,40
5,37,يريدون ان يخرجوا من النار وما هم بخٰرجين منها ولهم عذاب مقيم,سورة المائدة,64
5,38,والسارق والسارقة فاقطعوا ايديهما جزاء بما كسبا نكٰلا من الله والله عزيز حكيم,سورة المائدة,43
5,39,فمن تاب من بعد ظلمه واصلح فان الله يتوب عليه ان الله غفور رحيم,سورة المائدة,3
5,40,الم تعلم ان الله له ملك السمٰوٰت والارض يعذب من يشاء ويغفر لمن يشاء والله علىٰ كل شيء قدير,سورة المائدة,66
5,41,يٰايها الرسول لا يحزنك الذين يسٰرعون في الكفر من الذين قالوا ءامنا بافوٰههم ولم تؤمن قلوبهم ومن الذين هادوا سمٰعون للكذب سمٰعون لقوم ءاخرين لم ياتوك يحرفون الكلم من بعد مواضعه يقولون ان اوتيتم هٰذا فخذوه وان لم تؤتوه فاحذروا ومن يرد الله فتنته فلن تملك له من الله شيا اولٰئك الذين لم يرد الله ان يطهر قلوبهم لهم في الدنيا خزي ولهم في الاخرة عذاب عظيم,سورة المائدة,43
5,42,سمٰعون للكذب اكٰلون للسحت فان جاءوك فاحكم بينهم او اعرض عنهم وان تعرض عنهم فلن يضروك شيا وان حكمت فاحكم بينهم بالقسط ان الله يحب المقسطين,سورة المائدة,0
5,43,وكيف يحكمونك وعندهم التورىٰة فيها حكم الله ثم يتولون من بعد ذٰلك وما اولٰئك بالمؤمنين,سورة المائدة,63
5,44,انا انزلنا التورىٰة فيها هدى ونور يحكم بها النبيون الذين اسلموا للذين هادوا والربٰنيون والاحبار بما استحفظوا من كتٰب الله وكانوا عليه شهداء فلا تخشوا الناس واخشون ولا تشتروا بايٰتي ثمنا قليلا ومن لم يحكم بما انزل الله فاولٰئك هم الكٰفرون,سورة المائدة,32
5,45,وكتبنا عليهم فيها ان النفس بالنفس والعين بالعين والانف بالانف والاذن بالاذن والسن بالسن والجروح قصاص فمن تصدق به فهو كفارة له ومن لم يحكم بما انزل الله فاولٰئك هم الظٰلمون,سورة المائدة,32
5,46,وقفينا علىٰ ءاثٰرهم بعيسى ابن مريم مصدقا لما بين يديه من التورىٰة وءاتينٰه الانجيل فيه هدى ونور ومصدقا لما بين يديه من التورىٰة وهدى وموعظة للمتقين,سورة المائدة,59
5,47,وليحكم اهل الانجيل بما انزل الله فيه ومن لم يحكم بما انزل الله فاولٰئك هم الفٰسقون,سورة المائدة,32
5,48,وانزلنا اليك الكتٰب بالحق مصدقا لما بين يديه من الكتٰب ومهيمنا عليه فاحكم بينهم بما انزل الله ولا تتبع اهواءهم عما جاءك من الحق لكل جعلنا منكم شرعة ومنهاجا ولو شاء الله لجعلكم امة وٰحدة ولٰكن ليبلوكم في ما ءاتىٰكم فاستبقوا الخيرٰت الى الله مرجعكم جميعا فينبئكم بما كنتم فيه تختلفون,سورة المائدة,46
5,49,وان احكم بينهم بما انزل الله ولا تتبع اهواءهم واحذرهم ان يفتنوك عن بعض ما انزل الله اليك فان تولوا فاعلم انما يريد الله ان يصيبهم ببعض ذنوبهم وان كثيرا من الناس لفٰسقون,سورة المائدة,17
5,50,افحكم الجٰهلية يبغون ومن احسن من الله حكما لقوم يوقنون,سورة المائدة,3
5,51,يٰايها الذين ءامنوا لا تتخذوا اليهود والنصٰرىٰ اولياء بعضهم اولياء بعض ومن يتولهم منكم فانه منهم ان الله لا يهدي القوم الظٰلمين,سورة المائدة,62
5,52,فترى الذين في قلوبهم مرض يسٰرعون فيهم يقولون نخشىٰ ان تصيبنا دائرة فعسى الله ان ياتي بالفتح او امر من عنده فيصبحوا علىٰ ما اسروا في انفسهم نٰدمين,سورة المائدة,35
5,53,ويقول الذين ءامنوا اهٰؤلاء الذين اقسموا بالله جهد ايمٰنهم انهم لمعكم حبطت اعمٰلهم فاصبحوا خٰسرين,سورة المائدة,62
5,54,يٰايها الذين ءامنوا من يرتد منكم عن دينه فسوف ياتي الله بقوم يحبهم ويحبونه اذلة على المؤمنين اعزة على الكٰفرين يجٰهدون في سبيل الله ولا يخافون لومة لائم ذٰلك فضل الله يؤتيه من يشاء والله وٰسع عليم,سورة المائدة,7
5,55,انما وليكم الله ورسوله والذين ءامنوا الذين يقيمون الصلوٰة ويؤتون الزكوٰة وهم رٰكعون,سورة المائدة,48
5,56,ومن يتول الله ورسوله والذين ءامنوا فان حزب الله هم الغٰلبون,سورة المائدة,3
5,57,يٰايها الذين ءامنوا لا تتخذوا الذين اتخذوا دينكم هزوا ولعبا من الذين اوتوا الكتٰب من قبلكم والكفار اولياء واتقوا الله ان كنتم مؤمنين,سورة المائدة,62
5,58,واذا ناديتم الى الصلوٰة اتخذوها هزوا ولعبا ذٰلك بانهم قوم لا يعقلون,سورة المائدة,54
5,59,قل يٰاهل الكتٰب هل تنقمون منا الا ان ءامنا بالله وما انزل الينا وما انزل من قبل وان اكثركم فٰسقون,سورة المائدة,29
5,60,قل هل انبئكم بشر من ذٰلك مثوبة عند الله من لعنه الله وغضب عليه وجعل منهم القردة والخنازير وعبد الطٰغوت اولٰئك شر مكانا واضل عن سواء السبيل,سورة المائدة,17
5,61,واذا جاءوكم قالوا ءامنا وقد دخلوا بالكفر وهم قد خرجوا به والله اعلم بما كانوا يكتمون,سورة المائدة,27
5,62,وترىٰ كثيرا منهم يسٰرعون في الاثم والعدوٰن واكلهم السحت لبئس ما كانوا يعملون,سورة المائدة,27
5,63,لولا ينهىٰهم الربٰنيون والاحبار عن قولهم الاثم واكلهم السحت لبئس ما كانوا يصنعون,سورة المائدة,27
5,64,وقالت اليهود يد الله مغلولة غلت ايديهم ولعنوا بما قالوا بل يداه مبسوطتان ينفق كيف يشاء وليزيدن كثيرا منهم ما انزل اليك من ربك طغيٰنا وكفرا والقينا بينهم العدٰوة والبغضاء الىٰ يوم القيٰمة كلما اوقدوا نارا للحرب اطفاها الله ويسعون في الارض فسادا والله لا يحب المفسدين,سورة المائدة,40
5,65,ولو ان اهل الكتٰب ءامنوا واتقوا لكفرنا عنهم سياتهم ولادخلنٰهم جنٰت النعيم,سورة المائدة,13
5,66,ولو انهم اقاموا التورىٰة والانجيل وما انزل اليهم من ربهم لاكلوا من فوقهم ومن تحت ارجلهم منهم امة مقتصدة وكثير منهم ساء ما يعملون,سورة المائدة,29
5,67,يٰايها الرسول بلغ ما انزل اليك من ربك وان لم تفعل فما بلغت رسالته والله يعصمك من الناس ان الله لا يهدي القوم الكٰفرين,سورة المائدة,7
5,68,قل يٰاهل الكتٰب لستم علىٰ شيء حتىٰ تقيموا التورىٰة والانجيل وما انزل اليكم من ربكم وليزيدن كثيرا منهم ما انزل اليك من ربك طغيٰنا وكفرا فلا تاس على القوم الكٰفرين,سورة المائدة,7
5,69,ان الذين ءامنوا والذين هادوا والصٰبون والنصٰرىٰ من ءامن بالله واليوم الاخر وعمل صٰلحا فلا خوف عليهم ولا هم يحزنون,سورة المائدة,44
5,70,لقد اخذنا ميثٰق بني اسرٰءيل وارسلنا اليهم رسلا كلما جاءهم رسول بما لا تهوىٰ انفسهم فريقا كذبوا وفريقا يقتلون,سورة المائدة,0
5,71,وحسبوا الا تكون فتنة فعموا وصموا ثم تاب الله عليهم ثم عموا وصموا كثير منهم والله بصير بما يعملون,سورة المائدة,69
5,72,لقد كفر الذين قالوا ان الله هو المسيح ابن مريم وقال المسيح يٰبني اسرٰءيل اعبدوا الله ربي وربكم انه من يشرك بالله فقد حرم الله عليه الجنة وماوىٰه النار وما للظٰلمين من انصار,سورة المائدة,3
5,73,لقد كفر الذين قالوا ان الله ثالث ثلٰثة وما من الٰه الا الٰه وٰحد وان لم ينتهوا عما يقولون ليمسن الذين كفروا منهم عذاب اليم,سورة المائدة,43
5,74,افلا يتوبون الى الله ويستغفرونه والله غفور رحيم,سورة المائدة,50
5,75,ما المسيح ابن مريم الا رسول قد خلت من قبله الرسل وامه صديقة كانا ياكلان الطعام انظر كيف نبين لهم الايٰت ثم انظر انىٰ يؤفكون,سورة المائدة,0
5,76,قل اتعبدون من دون الله ما لا يملك لكم ضرا ولا نفعا والله هو السميع العليم,سورة المائدة,44
5,77,قل يٰاهل الكتٰب لا تغلوا في دينكم غير الحق ولا تتبعوا اهواء قوم قد ضلوا من قبل واضلوا كثيرا وضلوا عن سواء السبيل,سورة المائدة,44
5,78,لعن الذين كفروا من بني اسرٰءيل علىٰ لسان داود وعيسى ابن مريم ذٰلك بما عصوا وكانوا يعتدون,سورة المائدة,27
5,79,كانوا لا يتناهون عن منكر فعلوه لبئس ما كانوا يفعلون,سورة المائدة,27
5,80,ترىٰ كثيرا منهم يتولون الذين كفروا لبئس ما قدمت لهم انفسهم ان سخط الله عليهم وفي العذاب هم خٰلدون,سورة المائدة,43
5,81,ولو كانوا يؤمنون بالله والنبي وما انزل اليه ما اتخذوهم اولياء ولٰكن كثيرا منهم فٰسقون,سورة المائدة,46
5,82,لتجدن اشد الناس عدٰوة للذين ءامنوا اليهود والذين اشركوا ولتجدن اقربهم مودة للذين ءامنوا الذين قالوا انا نصٰرىٰ ذٰلك بان منهم قسيسين ورهبانا وانهم لا يستكبرون,سورة المائدة,62
5,83,واذا سمعوا ما انزل الى الرسول ترىٰ اعينهم تفيض من الدمع مما عرفوا من الحق يقولون ربنا ءامنا فاكتبنا مع الشٰهدين,سورة المائدة,54
5,84,وما لنا لا نؤمن بالله وما جاءنا من الحق ونطمع ان يدخلنا ربنا مع القوم الصٰلحين,سورة المائدة,29
5,85,فاثٰبهم الله بما قالوا جنٰت تجري من تحتها الانهٰر خٰلدين فيها وذٰلك جزاء المحسنين,سورة المائدة,13
5,86,والذين كفروا وكذبوا بايٰتنا اولٰئك اصحٰب الجحيم,سورة المائدة,63
5,87,يٰايها الذين ءامنوا لا تحرموا طيبٰت ما احل الله لكم ولا تعتدوا ان الله لا يحب المعتدين,سورة المائدة,62
5,88,وكلوا مما رزقكم الله حلٰلا طيبا واتقوا الله الذي انتم به مؤمنون,سورة المائدة,41
5,89,لا يؤاخذكم الله باللغو في ايمٰنكم ولٰكن يؤاخذكم بما عقدتم الايمٰن فكفٰرته اطعام عشرة مسٰكين من اوسط ما تطعمون اهليكم او كسوتهم او تحرير رقبة فمن لم يجد فصيام ثلٰثة ايام ذٰلك كفٰرة ايمٰنكم اذا حلفتم واحفظوا ايمٰنكم كذٰلك يبين الله لكم ءايٰته لعلكم تشكرون,سورة المائدة,30
5,90,يٰايها الذين ءامنوا انما الخمر والميسر والانصاب والازلٰم رجس من عمل الشيطٰن فاجتنبوه لعلكم تفلحون,سورة المائدة,62
5,91,انما يريد الشيطٰن ان يوقع بينكم العدٰوة والبغضاء في الخمر والميسر ويصدكم عن ذكر الله وعن الصلوٰة فهل انتم منتهون,سورة المائدة,17
5,92,واطيعوا الله واطيعوا الرسول واحذروا فان توليتم فاعلموا انما علىٰ رسولنا البلٰغ المبين,سورة المائدة,3
5,93,ليس على الذين ءامنوا وعملوا الصٰلحٰت جناح فيما طعموا اذا ما اتقوا وءامنوا وعملوا الصٰلحٰت ثم اتقوا وءامنوا ثم اتقوا واحسنوا والله يحب المحسنين,سورة المائدة,2
5,94,يٰايها الذين ءامنوا ليبلونكم الله بشيء من الصيد تناله ايديكم ورماحكم ليعلم الله من يخافه بالغيب فمن اعتدىٰ بعد ذٰلك فله عذاب اليم,سورة المائدة,62
5,95,يٰايها الذين ءامنوا لا تقتلوا الصيد وانتم حرم ومن قتله منكم متعمدا فجزاء مثل ما قتل من النعم يحكم به ذوا عدل منكم هديا بٰلغ الكعبة او كفٰرة طعام مسٰكين او عدل ذٰلك صياما ليذوق وبال امره عفا الله عما سلف ومن عاد فينتقم الله منه والله عزيز ذو انتقام,سورة المائدة,62
5,96,احل لكم صيد البحر وطعامه متٰعا لكم وللسيارة وحرم عليكم صيد البر ما دمتم حرما واتقوا الله الذي اليه تحشرون,سورة المائدة,0
5,97,جعل الله الكعبة البيت الحرام قيٰما للناس والشهر الحرام والهدي والقلٰئد ذٰلك لتعلموا ان الله يعلم ما في السمٰوٰت وما في الارض وان الله بكل شيء عليم,سورة المائدة,8
5,98,اعلموا ان الله شديد العقاب وان الله غفور رحيم,سورة المائدة,3
5,99,ما على الرسول الا البلٰغ والله يعلم ما تبدون وما تكتمون,سورة المائدة,29
5,100,قل لا يستوي الخبيث والطيب ولو اعجبك كثرة الخبيث فاتقوا الله يٰاولي الالبٰب لعلكم تفلحون,سورة المائدة,43
5,101,يٰايها الذين ءامنوا لا تسلوا عن اشياء ان تبد لكم تسؤكم وان تسلوا عنها حين ينزل القرءان تبد لكم عفا الله عنها والله غفور حليم,سورة المائدة,62
5,102,قد سالها قوم من قبلكم ثم اصبحوا بها كٰفرين,سورة المائدة,69
5,103,ما جعل الله من بحيرة ولا سائبة ولا وصيلة ولا حام ولٰكن الذين كفروا يفترون على الله الكذب واكثرهم لا يعقلون,سورة المائدة,44
5,104,واذا قيل لهم تعالوا الىٰ ما انزل الله والى الرسول قالوا حسبنا ما وجدنا عليه ءاباءنا اولو كان ءاباؤهم لا يعلمون شيا ولا يهتدون,سورة المائدة,54
5,105,يٰايها الذين ءامنوا عليكم انفسكم لا يضركم من ضل اذا اهتديتم الى الله مرجعكم جميعا فينبئكم بما كنتم تعملون,سورة المائدة,62
5,106,يٰايها الذين ءامنوا شهٰدة بينكم اذا حضر احدكم الموت حين الوصية اثنان ذوا عدل منكم او ءاخران من غيركم ان انتم ضربتم في الارض فاصٰبتكم مصيبة الموت تحبسونهما من بعد الصلوٰة فيقسمان بالله ان ارتبتم لا نشتري به ثمنا ولو كان ذا قربىٰ ولا نكتم شهٰدة الله انا اذا لمن الاثمين,سورة المائدة,11
5,107,فان عثر علىٰ انهما استحقا اثما فاخران يقومان مقامهما من الذين استحق عليهم الاوليٰن فيقسمان بالله لشهٰدتنا احق من شهٰدتهما وما اعتدينا انا اذا لمن الظٰلمين,سورة المائدة,11
5,108,ذٰلك ادنىٰ ان ياتوا بالشهٰدة علىٰ وجهها او يخافوا ان ترد ايمٰن بعد ايمٰنهم واتقوا الله واسمعوا والله لا يهدي القوم الفٰسقين,سورة المائدة,43
5,109,يوم يجمع الله الرسل فيقول ماذا اجبتم قالوا لا علم لنا انك انت علٰم الغيوب,سورة المائدة,56
5,110,اذ قال الله يٰعيسى ابن مريم اذكر نعمتي عليك وعلىٰ وٰلدتك اذ ايدتك بروح القدس تكلم الناس في المهد وكهلا واذ علمتك الكتٰب والحكمة والتورىٰة والانجيل واذ تخلق من الطين كهية الطير باذني فتنفخ فيها فتكون طيرا باذني وتبرئ الاكمه والابرص باذني واذ تخرج الموتىٰ باذني واذ كففت بني اسرٰءيل عنك اذ جئتهم بالبينٰت فقال الذين كفروا منهم ان هٰذا الا سحر مبين,سورة المائدة,26
5,111,واذ اوحيت الى الحوارين ان ءامنوا بي وبرسولي قالوا ءامنا واشهد باننا مسلمون,سورة المائدة,0
5,112,اذ قال الحواريون يٰعيسى ابن مريم هل يستطيع ربك ان ينزل علينا مائدة من السماء قال اتقوا الله ان كنتم مؤمنين,سورة المائدة,26
5,113,قالوا نريد ان ناكل منها وتطمئن قلوبنا ونعلم ان قد صدقتنا ونكون عليها من الشٰهدين,سورة المائدة,64
5,114,قال عيسى ابن مريم اللهم ربنا انزل علينا مائدة من السماء تكون لنا عيدا لاولنا وءاخرنا وءاية منك وارزقنا وانت خير الرٰزقين,سورة المائدة,0
5,115,قال الله اني منزلها عليكم فمن يكفر بعد منكم فاني اعذبه عذابا لا اعذبه احدا من العٰلمين,سورة المائدة,16
5,116,واذ قال الله يٰعيسى ابن مريم ءانت قلت للناس اتخذوني وامي الٰهين من دون الله قال سبحٰنك ما يكون لي ان اقول ما ليس لي بحق ان كنت قلته فقد علمته تعلم ما في نفسي ولا اعلم ما في نفسك انك انت علٰم الغيوب,سورة المائدة,26
5,117,ما قلت لهم الا ما امرتني به ان اعبدوا الله ربي وربكم وكنت عليهم شهيدا ما دمت فيهم فلما توفيتني كنت انت الرقيب عليهم وانت علىٰ كل شيء شهيد,سورة المائدة,41
5,118,ان تعذبهم فانهم عبادك وان تغفر لهم فانك انت العزيز الحكيم,سورة المائدة,61
5,119,قال الله هٰذا يوم ينفع الصٰدقين صدقهم لهم جنٰت تجري من تحتها الانهٰر خٰلدين فيها ابدا رضي الله عنهم ورضوا عنه ذٰلك الفوز العظيم,سورة المائدة,13
5,120,لله ملك السمٰوٰت والارض وما فيهن وهو علىٰ كل شيء قدير,سورة المائدة,66
6,0,سورة الانعام,سورة الانعام,6
6,0,بسم الله الرحمٰن الرحيم,سورة الانعام,10
6,1,الحمد لله الذي خلق السمٰوٰت والارض وجعل الظلمٰت والنور ثم الذين كفروا بربهم يعدلون,سورة الانعام,66
6,2,هو الذي خلقكم من طين ثم قضىٰ اجلا واجل مسمى عنده ثم انتم تمترون,سورة الانعام,69
6,3,وهو الله في السمٰوٰت وفي الارض يعلم سركم وجهركم ويعلم ما تكسبون,سورة الانعام,8
6,4,وما تاتيهم من ءاية من ءايٰت ربهم الا كانوا عنها معرضين,سورة الانعام,31
6,5,فقد كذبوا بالحق لما جاءهم فسوف ياتيهم انبٰؤا ما كانوا به يستهزءون,سورة الانعام,41
6,6,الم يروا كم اهلكنا من قبلهم من قرن مكنٰهم في الارض ما لم نمكن لكم وارسلنا السماء عليهم مدرارا وجعلنا الانهٰر تجري من تحتهم فاهلكنٰهم بذنوبهم وانشانا من بعدهم قرنا ءاخرين,سورة الانعام,24
6,7,ولو نزلنا عليك كتٰبا في قرطاس فلمسوه بايديهم لقال الذين كفروا ان هٰذا الا سحر مبين,سورة الانعام,20
6,8,وقالوا لولا انزل عليه ملك ولو انزلنا ملكا لقضي الامر ثم لا ينظرون,سورة الانعام,69
6,9,ولو جعلنٰه ملكا لجعلنٰه رجلا وللبسنا عليهم ما يلبسون,سورة الانعام,18
6,10,ولقد استهزئ برسل من قبلك فحاق بالذين سخروا منهم ما كانوا به يستهزءون,سورة الانعام,41
6,11,قل سيروا في الارض ثم انظروا كيف كان عٰقبة المكذبين,سورة الانعام,51
6,12,قل لمن ما في السمٰوٰت والارض قل لله كتب علىٰ نفسه الرحمة ليجمعنكم الىٰ يوم القيٰمة لا ريب فيه الذين خسروا انفسهم فهم لا يؤمنون,سورة الانعام,40
6,13,وله ما سكن في اليل والنهار وهو السميع العليم,سورة الانعام,49
6,14,قل اغير الله اتخذ وليا فاطر السمٰوٰت والارض وهو يطعم ولا يطعم قل اني امرت ان اكون اول من اسلم ولا تكونن من المشركين,سورة الانعام,44
6,15,قل اني اخاف ان عصيت ربي عذاب يوم عظيم,سورة الانعام,12
6,16,من يصرف عنه يومئذ فقد رحمه وذٰلك الفوز المبين,سورة الانعام,15
6,17,وان يمسسك الله بضر فلا كاشف له الا هو وان يمسسك بخير فهو علىٰ كل شيء قدير,سورة الانعام,14
6,18,وهو القاهر فوق عباده وهو الحكيم الخبير,سورة الانعام,49
6,19,قل اي شيء اكبر شهٰدة قل الله شهيد بيني وبينكم واوحي الي هٰذا القرءان لانذركم به ومن بلغ ائنكم لتشهدون ان مع الله ءالهة اخرىٰ قل لا اشهد قل انما هو الٰه وٰحد وانني بريء مما تشركون,سورة الانعام,17
6,20,الذين ءاتينٰهم الكتٰب يعرفونه كما يعرفون ابناءهم الذين خسروا انفسهم فهم لا يؤمنون,سورة الانعام,43
6,21,ومن اظلم ممن افترىٰ على الله كذبا او كذب بايٰته انه لا يفلح الظٰلمون,سورة الانعام,53
6,22,ويوم نحشرهم جميعا ثم نقول للذين اشركوا اين شركاؤكم الذين كنتم تزعمون,سورة الانعام,69
6,23,ثم لم تكن فتنتهم الا ان قالوا والله ربنا ما كنا مشركين,سورة الانعام,69
6,24,انظر كيف كذبوا علىٰ انفسهم وضل عنهم ما كانوا يفترون,سورة الانعام,27
6,25,ومنهم من يستمع اليك وجعلنا علىٰ قلوبهم اكنة ان يفقهوه وفي ءاذانهم وقرا وان يروا كل ءاية لا يؤمنوا بها حتىٰ اذا جاءوك يجٰدلونك يقول الذين كفروا ان هٰذا الا اسٰطير الاولين,سورة الانعام,18
6,26,وهم ينهون عنه وينون عنه وان يهلكون الا انفسهم وما يشعرون,سورة الانعام,15
6,27,ولو ترىٰ اذ وقفوا على النار فقالوا يٰليتنا نرد ولا نكذب بايٰت ربنا ونكون من المؤمنين,سورة الانعام,18
6,28,بل بدا لهم ما كانوا يخفون من قبل ولو ردوا لعادوا لما نهوا عنه وانهم لكٰذبون,سورة الانعام,15
6,29,وقالوا ان هي الا حياتنا الدنيا وما نحن بمبعوثين,سورة الانعام,31
6,30,ولو ترىٰ اذ وقفوا علىٰ ربهم قال اليس هٰذا بالحق قالوا بلىٰ وربنا قال فذوقوا العذاب بما كنتم تكفرون,سورة الانعام,26
6,31,قد خسر الذين كذبوا بلقاء الله حتىٰ اذا جاءتهم الساعة بغتة قالوا يٰحسرتنا علىٰ ما فرطنا فيها وهم يحملون اوزارهم علىٰ ظهورهم الا ساء ما يزرون,سورة الانعام,53
6,32,وما الحيوٰة الدنيا الا لعب ولهو وللدار الاخرة خير للذين يتقون افلا تعقلون,سورة الانعام,50
6,33,قد نعلم انه ليحزنك الذي يقولون فانهم لا يكذبونك ولٰكن الظٰلمين بايٰت الله يجحدون,سورة الانعام,46
6,34,ولقد كذبت رسل من قبلك فصبروا علىٰ ما كذبوا واوذوا حتىٰ اتىٰهم نصرنا ولا مبدل لكلمٰت الله ولقد جاءك من نباي المرسلين,سورة الانعام,59
6,35,وان كان كبر عليك اعراضهم فان استطعت ان تبتغي نفقا في الارض او سلما في السماء فتاتيهم باية ولو شاء الله لجمعهم على الهدىٰ فلا تكونن من الجٰهلين,سورة الانعام,8
6,36,انما يستجيب الذين يسمعون والموتىٰ يبعثهم الله ثم اليه يرجعون,سورة الانعام,69
6,37,وقالوا لولا نزل عليه ءاية من ربه قل ان الله قادر علىٰ ان ينزل ءاية ولٰكن اكثرهم لا يعلمون,سورة الانعام,46
6,38,وما من دابة في الارض ولا طٰئر يطير بجناحيه الا امم امثالكم ما فرطنا في الكتٰب من شيء ثم الىٰ ربهم يحشرون,سورة الانعام,8
6,39,والذين كذبوا بايٰتنا صم وبكم في الظلمٰت من يشا الله يضلله ومن يشا يجعله علىٰ صرٰط مستقيم,سورة الانعام,28
6,40,قل ارءيتكم ان اتىٰكم عذاب الله او اتتكم الساعة اغير الله تدعون ان كنتم صٰدقين,سورة الانعام,1
6,41,بل اياه تدعون فيكشف ما تدعون اليه ان شاء وتنسون ما تشركون,سورة الانعام,19
6,42,ولقد ارسلنا الىٰ امم من قبلك فاخذنٰهم بالباساء والضراء لعلهم يتضرعون,سورة الانعام,59
6,43,فلولا اذ جاءهم باسنا تضرعوا ولٰكن قست قلوبهم وزين لهم الشيطٰن ما كانوا يعملون,سورة الانعام,46
6,44,فلما نسوا ما ذكروا به فتحنا عليهم ابوٰب كل شيء حتىٰ اذا فرحوا بما اوتوا اخذنٰهم بغتة فاذا هم مبلسون,سورة الانعام,41
6,45,فقطع دابر القوم الذين ظلموا والحمد لله رب العٰلمين,سورة الانعام,16
6,46,قل ارءيتم ان اخذ الله سمعكم وابصٰركم وختم علىٰ قلوبكم من الٰه غير الله ياتيكم به انظر كيف نصرف الايٰت ثم هم يصدفون,سورة الانعام,41
6,47,قل ارءيتكم ان اتىٰكم عذاب الله بغتة او جهرة هل يهلك الا القوم الظٰلمون,سورة الانعام,30
6,48,وما نرسل المرسلين الا مبشرين ومنذرين فمن ءامن واصلح فلا خوف عليهم ولا هم يحزنون,سورة الانعام,44
6,49,والذين كذبوا بايٰتنا يمسهم العذاب بما كانوا يفسقون,سورة الانعام,28
6,50,قل لا اقول لكم عندي خزائن الله ولا اعلم الغيب ولا اقول لكم اني ملك ان اتبع الا ما يوحىٰ الي قل هل يستوي الاعمىٰ والبصير افلا تتفكرون,سورة الانعام,44
6,51,وانذر به الذين يخافون ان يحشروا الىٰ ربهم ليس لهم من دونه ولي ولا شفيع لعلهم يتقون,سورة الانعام,44
6,52,ولا تطرد الذين يدعون ربهم بالغدوٰة والعشي يريدون وجهه ما عليك من حسابهم من شيء وما من حسابك عليهم من شيء فتطردهم فتكون من الظٰلمين,سورة الانعام,59
6,53,وكذٰلك فتنا بعضهم ببعض ليقولوا اهٰؤلاء من الله عليهم من بيننا اليس الله باعلم بالشٰكرين,سورة الانعام,3
6,54,واذا جاءك الذين يؤمنون بايٰتنا فقل سلٰم عليكم كتب ربكم علىٰ نفسه الرحمة انه من عمل منكم سوءا بجهٰلة ثم تاب من بعده واصلح فانه غفور رحيم,سورة الانعام,28
6,55,وكذٰلك نفصل الايٰت ولتستبين سبيل المجرمين,سورة الانعام,21
6,56,قل اني نهيت ان اعبد الذين تدعون من دون الله قل لا اتبع اهواءكم قد ضللت اذا وما انا من المهتدين,سورة الانعام,43
6,57,قل اني علىٰ بينة من ربي وكذبتم به ما عندي ما تستعجلون به ان الحكم الا لله يقص الحق وهو خير الفٰصلين,سورة الانعام,41
6,58,قل لو ان عندي ما تستعجلون به لقضي الامر بيني وبينكم والله اعلم بالظٰلمين,سورة الانعام,41
6,59,وعنده مفاتح الغيب لا يعلمها الا هو ويعلم ما في البر والبحر وما تسقط من ورقة الا يعلمها ولا حبة في ظلمٰت الارض ولا رطب ولا يابس الا في كتٰب مبين,سورة الانعام,8
6,60,وهو الذي يتوفىٰكم باليل ويعلم ما جرحتم بالنهار ثم يبعثكم فيه ليقضىٰ اجل مسمى ثم اليه مرجعكم ثم ينبئكم بما كنتم تعملون,سورة الانعام,69
6,61,وهو القاهر فوق عباده ويرسل عليكم حفظة حتىٰ اذا جاء احدكم الموت توفته رسلنا وهم لا يفرطون,سورة الانعام,49
6,62,ثم ردوا الى الله مولىٰهم الحق الا له الحكم وهو اسرع الحٰسبين,سورة الانعام,49
6,63,قل من ينجيكم من ظلمٰت البر والبحر تدعونه تضرعا وخفية لئن انجىٰنا من هٰذه لنكونن من الشٰكرين,سورة الانعام,59
6,64,قل الله ينجيكم منها ومن كل كرب ثم انتم تشركون,سورة الانعام,64
6,65,قل هو القادر علىٰ ان يبعث عليكم عذابا من فوقكم او من تحت ارجلكم او يلبسكم شيعا ويذيق بعضكم باس بعض انظر كيف نصرف الايٰت لعلهم يفقهون,سورة الانعام,30
6,66,وكذب به قومك وهو الحق قل لست عليكم بوكيل,سورة الانعام,49
6,67,لكل نبا مستقر وسوف تعلمون,سورة الانعام,0
6,68,واذا رايت الذين يخوضون في ءايٰتنا فاعرض عنهم حتىٰ يخوضوا في حديث غيره واما ينسينك الشيطٰن فلا تقعد بعد الذكرىٰ مع القوم الظٰلمين,سورة الانعام,28
6,69,وما على الذين يتقون من حسابهم من شيء ولٰكن ذكرىٰ لعلهم يتقون,سورة الانعام,46
6,70,وذر الذين اتخذوا دينهم لعبا ولهوا وغرتهم الحيوٰة الدنيا وذكر به ان تبسل نفس بما كسبت ليس لها من دون الله ولي ولا شفيع وان تعدل كل عدل لا يؤخذ منها اولٰئك الذين ابسلوا بما كسبوا لهم شراب من حميم وعذاب اليم بما كانوا يكفرون,سورة الانعام,27
6,71,قل اندعوا من دون الله ما لا ينفعنا ولا يضرنا ونرد علىٰ اعقابنا بعد اذ هدىٰنا الله كالذي استهوته الشيٰطين في الارض حيران له اصحٰب يدعونه الى الهدى ائتنا قل ان هدى الله هو الهدىٰ وامرنا لنسلم لرب العٰلمين,سورة الانعام,8
6,72,وان اقيموا الصلوٰة واتقوه وهو الذي اليه تحشرون,سورة الانعام,49
6,73,وهو الذي خلق السمٰوٰت والارض بالحق ويوم يقول كن فيكون قوله الحق وله الملك يوم ينفخ في الصور عٰلم الغيب والشهٰدة وهو الحكيم الخبير,سورة الانعام,49
6,74,واذ قال ابرٰهيم لابيه ءازر اتتخذ اصناما ءالهة اني ارىٰك وقومك في ضلٰل مبين,سورة الانعام,58
6,75,وكذٰلك نري ابرٰهيم ملكوت السمٰوٰت والارض وليكون من الموقنين,سورة الانعام,58
6,76,فلما جن عليه اليل رءا كوكبا قال هٰذا ربي فلما افل قال لا احب الافلين,سورة الانعام,26
6,77,فلما رءا القمر بازغا قال هٰذا ربي فلما افل قال لئن لم يهدني ربي لاكونن من القوم الضالين,سورة الانعام,26
6,78,فلما رءا الشمس بازغة قال هٰذا ربي هٰذا اكبر فلما افلت قال يٰقوم اني بريء مما تشركون,سورة الانعام,20
6,79,اني وجهت وجهي للذي فطر السمٰوٰت والارض حنيفا وما انا من المشركين,سورة الانعام,68
6,80,وحاجه قومه قال اتحٰجوني في الله وقد هدىٰن ولا اخاف ما تشركون به الا ان يشاء ربي شيا وسع ربي كل شيء علما افلا تتذكرون,سورة الانعام,41
6,81,وكيف اخاف ما اشركتم ولا تخافون انكم اشركتم بالله ما لم ينزل به عليكم سلطٰنا فاي الفريقين احق بالامن ان كنتم تعلمون,سورة الانعام,41
6,82,الذين ءامنوا ولم يلبسوا ايمٰنهم بظلم اولٰئك لهم الامن وهم مهتدون,سورة الانعام,63
6,83,وتلك حجتنا ءاتينٰها ابرٰهيم علىٰ قومه نرفع درجٰت من نشاء ان ربك حكيم عليم,سورة الانعام,58
6,84,ووهبنا له اسحٰق ويعقوب كلا هدينا ونوحا هدينا من قبل ومن ذريته داود وسليمٰن وايوب ويوسف وموسىٰ وهٰرون وكذٰلك نجزي المحسنين,سورة الانعام,21
6,85,وزكريا ويحيىٰ وعيسىٰ والياس كل من الصٰلحين,سورة الانعام,59
6,86,واسمٰعيل واليسع ويونس ولوطا وكلا فضلنا على العٰلمين,سورة الانعام,16
6,87,ومن ءابائهم وذريٰتهم واخوٰنهم واجتبينٰهم وهدينٰهم الىٰ صرٰط مستقيم,سورة الانعام,9
6,88,ذٰلك هدى الله يهدي به من يشاء من عباده ولو اشركوا لحبط عنهم ما كانوا يعملون,سورة الانعام,27
6,89,اولٰئك الذين ءاتينٰهم الكتٰب والحكم والنبوة فان يكفر بها هٰؤلاء فقد وكلنا بها قوما ليسوا بها بكٰفرين,سورة الانعام,63
6,90,اولٰئك الذين هدى الله فبهدىٰهم اقتده قل لا اسلكم عليه اجرا ان هو الا ذكرىٰ للعٰلمين,سورة الانعام,63
6,91,وما قدروا الله حق قدره اذ قالوا ما انزل الله علىٰ بشر من شيء قل من انزل الكتٰب الذي جاء به موسىٰ نورا وهدى للناس تجعلونه قراطيس تبدونها وتخفون كثيرا وعلمتم ما لم تعلموا انتم ولا ءاباؤكم قل الله ثم ذرهم في خوضهم يلعبون,سورة الانعام,3
6,92,وهٰذا كتٰب انزلنٰه مبارك مصدق الذي بين يديه ولتنذر ام القرىٰ ومن حولها والذين يؤمنون بالاخرة يؤمنون به وهم علىٰ صلاتهم يحافظون,سورة الانعام,41
6,93,ومن اظلم ممن افترىٰ على الله كذبا او قال اوحي الي ولم يوح اليه شيء ومن قال سانزل مثل ما انزل الله ولو ترىٰ اذ الظٰلمون في غمرٰت الموت والملٰئكة باسطوا ايديهم اخرجوا انفسكم اليوم تجزون عذاب الهون بما كنتم تقولون على الله غير الحق وكنتم عن ءايٰته تستكبرون,سورة الانعام,53
6,94,ولقد جئتمونا فرٰدىٰ كما خلقنٰكم اول مرة وتركتم ما خولنٰكم وراء ظهوركم وما نرىٰ معكم شفعاءكم الذين زعمتم انهم فيكم شركٰؤا لقد تقطع بينكم وضل عنكم ما كنتم تزعمون,سورة الانعام,45
6,95,ان الله فالق الحب والنوىٰ يخرج الحي من الميت ومخرج الميت من الحي ذٰلكم الله فانىٰ تؤفكون,سورة الانعام,59
6,96,فالق الاصباح وجعل اليل سكنا والشمس والقمر حسبانا ذٰلك تقدير العزيز العليم,سورة الانعام,21
6,97,وهو الذي جعل لكم النجوم لتهتدوا بها في ظلمٰت البر والبحر قد فصلنا الايٰت لقوم يعلمون,سورة الانعام,49
6,98,وهو الذي انشاكم من نفس وٰحدة فمستقر ومستودع قد فصلنا الايٰت لقوم يفقهون,سورة الانعام,49
6,99,وهو الذي انزل من السماء ماء فاخرجنا به نبات كل شيء فاخرجنا منه خضرا نخرج منه حبا متراكبا ومن النخل من طلعها قنوان دانية وجنٰت من اعناب والزيتون والرمان مشتبها وغير متشٰبه انظروا الىٰ ثمره اذا اثمر وينعه ان في ذٰلكم لايٰت لقوم يؤمنون,سورة الانعام,41
6,100,وجعلوا لله شركاء الجن وخلقهم وخرقوا له بنين وبنٰت بغير علم سبحٰنه وتعٰلىٰ عما يصفون,سورة الانعام,0
6,101,بديع السمٰوٰت والارض انىٰ يكون له ولد ولم تكن له صٰحبة وخلق كل شيء وهو بكل شيء عليم,سورة الانعام,66
6,102,ذٰلكم الله ربكم لا الٰه الا هو خٰلق كل شيء فاعبدوه وهو علىٰ كل شيء وكيل,سورة الانعام,49
6,103,لا تدركه الابصٰر وهو يدرك الابصٰر وهو اللطيف الخبير,سورة الانعام,49
6,104,قد جاءكم بصائر من ربكم فمن ابصر فلنفسه ومن عمي فعليها وما انا عليكم بحفيظ,سورة الانعام,50
6,105,وكذٰلك نصرف الايٰت وليقولوا درست ولنبينه لقوم يعلمون,سورة الانعام,21
6,106,اتبع ما اوحي اليك من ربك لا الٰه الا هو واعرض عن المشركين,سورة الانعام,68
6,107,ولو شاء الله ما اشركوا وما جعلنٰك عليهم حفيظا وما انت عليهم بوكيل,سورة الانعام,29
6,108,ولا تسبوا الذين يدعون من دون الله فيسبوا الله عدوا بغير علم كذٰلك زينا لكل امة عملهم ثم الىٰ ربهم مرجعهم فينبئهم بما كانوا يعملون,سورة الانعام,27
6,109,واقسموا بالله جهد ايمٰنهم لئن جاءتهم ءاية ليؤمنن بها قل انما الايٰت عند الله وما يشعركم انها اذا جاءت لا يؤمنون,سورة الانعام,17
6,110,ونقلب افدتهم وابصٰرهم كما لم يؤمنوا به اول مرة ونذرهم في طغيٰنهم يعمهون,سورة الانعام,41
6,111,ولو اننا نزلنا اليهم الملٰئكة وكلمهم الموتىٰ وحشرنا عليهم كل شيء قبلا ما كانوا ليؤمنوا الا ان يشاء الله ولٰكن اكثرهم يجهلون,سورة الانعام,46
6,112,وكذٰلك جعلنا لكل نبي عدوا شيٰطين الانس والجن يوحي بعضهم الىٰ بعض زخرف القول غرورا ولو شاء ربك ما فعلوه فذرهم وما يفترون,سورة الانعام,67
6,113,ولتصغىٰ اليه افدة الذين لا يؤمنون بالاخرة وليرضوه وليقترفوا ما هم مقترفون,سورة الانعام,43
6,114,افغير الله ابتغي حكما وهو الذي انزل اليكم الكتٰب مفصلا والذين ءاتينٰهم الكتٰب يعلمون انه منزل من ربك بالحق فلا تكونن من الممترين,سورة الانعام,14
6,115,وتمت كلمت ربك صدقا وعدلا لا مبدل لكلمٰته وهو السميع العليم,سورة الانعام,49
6,116,وان تطع اكثر من في الارض يضلوك عن سبيل الله ان يتبعون الا الظن وان هم الا يخرصون,سورة الانعام,31
6,117,ان ربك هو اعلم من يضل عن سبيله وهو اعلم بالمهتدين,سورة الانعام,4
6,118,فكلوا مما ذكر اسم الله عليه ان كنتم بايٰته مؤمنين,سورة الانعام,1
6,119,وما لكم الا تاكلوا مما ذكر اسم الله عليه وقد فصل لكم ما حرم عليكم الا ما اضطررتم اليه وان كثيرا ليضلون باهوائهم بغير علم ان ربك هو اعلم بالمعتدين,سورة الانعام,31
6,120,وذروا ظٰهر الاثم وباطنه ان الذين يكسبون الاثم سيجزون بما كانوا يقترفون,سورة الانعام,27
6,121,ولا تاكلوا مما لم يذكر اسم الله عليه وانه لفسق وان الشيٰطين ليوحون الىٰ اوليائهم ليجٰدلوكم وان اطعتموهم انكم لمشركون,سورة الانعام,0
6,122,اومن كان ميتا فاحيينٰه وجعلنا له نورا يمشي به في الناس كمن مثله في الظلمٰت ليس بخارج منها كذٰلك زين للكٰفرين ما كانوا يعملون,سورة الانعام,7
6,123,وكذٰلك جعلنا في كل قرية اكٰبر مجرميها ليمكروا فيها وما يمكرون الا بانفسهم وما يشعرون,سورة الانعام,24
6,124,واذا جاءتهم ءاية قالوا لن نؤمن حتىٰ نؤتىٰ مثل ما اوتي رسل الله الله اعلم حيث يجعل رسالته سيصيب الذين اجرموا صغار عند الله وعذاب شديد بما كانوا يمكرون,سورة الانعام,27
6,125,فمن يرد الله ان يهديه يشرح صدره للاسلٰم ومن يرد ان يضله يجعل صدره ضيقا حرجا كانما يصعد في السماء كذٰلك يجعل الله الرجس على الذين لا يؤمنون,سورة الانعام,43
6,126,وهٰذا صرٰط ربك مستقيما قد فصلنا الايٰت لقوم يذكرون,سورة الانعام,20
6,127,لهم دار السلٰم عند ربهم وهو وليهم بما كانوا يعملون,سورة الانعام,27
6,128,ويوم يحشرهم جميعا يٰمعشر الجن قد استكثرتم من الانس وقال اولياؤهم من الانس ربنا استمتع بعضنا ببعض وبلغنا اجلنا الذي اجلت لنا قال النار مثوىٰكم خٰلدين فيها الا ما شاء الله ان ربك حكيم عليم,سورة الانعام,45
6,129,وكذٰلك نولي بعض الظٰلمين بعضا بما كانوا يكسبون,سورة الانعام,27
6,130,يٰمعشر الجن والانس الم ياتكم رسل منكم يقصون عليكم ءايٰتي وينذرونكم لقاء يومكم هٰذا قالوا شهدنا علىٰ انفسنا وغرتهم الحيوٰة الدنيا وشهدوا علىٰ انفسهم انهم كانوا كٰفرين,سورة الانعام,53
6,131,ذٰلك ان لم يكن ربك مهلك القرىٰ بظلم واهلها غٰفلون,سورة الانعام,4
6,132,ولكل درجٰت مما عملوا وما ربك بغٰفل عما يعملون,سورة الانعام,29
6,133,وربك الغني ذو الرحمة ان يشا يذهبكم ويستخلف من بعدكم ما يشاء كما انشاكم من ذرية قوم ءاخرين,سورة الانعام,59
6,134,ان ما توعدون لات وما انتم بمعجزين,سورة الانعام,29
6,135,قل يٰقوم اعملوا علىٰ مكانتكم اني عامل فسوف تعلمون من تكون له عٰقبة الدار انه لا يفلح الظٰلمون,سورة الانعام,12
6,136,وجعلوا لله مما ذرا من الحرث والانعٰم نصيبا فقالوا هٰذا لله بزعمهم وهٰذا لشركائنا فما كان لشركائهم فلا يصل الى الله وما كان لله فهو يصل الىٰ شركائهم ساء ما يحكمون,سورة الانعام,20
6,137,وكذٰلك زين لكثير من المشركين قتل اولٰدهم شركاؤهم ليردوهم وليلبسوا عليهم دينهم ولو شاء الله ما فعلوه فذرهم وما يفترون,سورة الانعام,68
6,138,وقالوا هٰذه انعٰم وحرث حجر لا يطعمها الا من نشاء بزعمهم وانعٰم حرمت ظهورها وانعٰم لا يذكرون اسم الله عليها افتراء عليه سيجزيهم بما كانوا يفترون,سورة الانعام,43
6,139,وقالوا ما في بطون هٰذه الانعٰم خالصة لذكورنا ومحرم علىٰ ازوٰجنا وان يكن ميتة فهم فيه شركاء سيجزيهم وصفهم انه حكيم عليم,سورة الانعام,0
6,140,قد خسر الذين قتلوا اولٰدهم سفها بغير علم وحرموا ما رزقهم الله افتراء على الله قد ضلوا وما كانوا مهتدين,سورة الانعام,53
6,141,وهو الذي انشا جنٰت معروشٰت وغير معروشٰت والنخل والزرع مختلفا اكله والزيتون والرمان متشٰبها وغير متشٰبه كلوا من ثمره اذا اثمر وءاتوا حقه يوم حصاده ولا تسرفوا انه لا يحب المسرفين,سورة الانعام,0
6,142,ومن الانعٰم حمولة وفرشا كلوا مما رزقكم الله ولا تتبعوا خطوٰت الشيطٰن انه لكم عدو مبين,سورة الانعام,44
6,143,ثمٰنية ازوٰج من الضان اثنين ومن المعز اثنين قل ءالذكرين حرم ام الانثيين اما اشتملت عليه ارحام الانثيين نبوني بعلم ان كنتم صٰدقين,سورة الانعام,60
6,144,ومن الابل اثنين ومن البقر اثنين قل ءالذكرين حرم ام الانثيين اما اشتملت عليه ارحام الانثيين ام كنتم شهداء اذ وصىٰكم الله بهٰذا فمن اظلم ممن افترىٰ على الله كذبا ليضل الناس بغير علم ان الله لا يهدي القوم الظٰلمين,سورة الانعام,53
6,145,قل لا اجد في ما اوحي الي محرما علىٰ طاعم يطعمه الا ان يكون ميتة او دما مسفوحا او لحم خنزير فانه رجس او فسقا اهل لغير الله به فمن اضطر غير باغ ولا عاد فان ربك غفور رحيم,سورة الانعام,30
6,146,وعلى الذين هادوا حرمنا كل ذي ظفر ومن البقر والغنم حرمنا عليهم شحومهما الا ما حملت ظهورهما او الحوايا او ما اختلط بعظم ذٰلك جزينٰهم ببغيهم وانا لصٰدقون,سورة الانعام,30
6,147,فان كذبوك فقل ربكم ذو رحمة وٰسعة ولا يرد باسه عن القوم المجرمين,سورة الانعام,50
6,148,سيقول الذين اشركوا لو شاء الله ما اشركنا ولا ءاباؤنا ولا حرمنا من شيء كذٰلك كذب الذين من قبلهم حتىٰ ذاقوا باسنا قل هل عندكم من علم فتخرجوه لنا ان تتبعون الا الظن وان انتم الا تخرصون,سورة الانعام,31
6,149,قل فلله الحجة البٰلغة فلو شاء لهدىٰكم اجمعين,سورة الانعام,19
6,150,قل هلم شهداءكم الذين يشهدون ان الله حرم هٰذا فان شهدوا فلا تشهد معهم ولا تتبع اهواء الذين كذبوا بايٰتنا والذين لا يؤمنون بالاخرة وهم بربهم يعدلون,سورة الانعام,28
6,151,قل تعالوا اتل ما حرم ربكم عليكم الا تشركوا به شيا وبالوٰلدين احسٰنا ولا تقتلوا اولٰدكم من املٰق نحن نرزقكم واياهم ولا تقربوا الفوٰحش ما ظهر منها وما بطن ولا تقتلوا النفس التي حرم الله الا بالحق ذٰلكم وصىٰكم به لعلكم تعقلون,سورة الانعام,44
6,152,ولا تقربوا مال اليتيم الا بالتي هي احسن حتىٰ يبلغ اشده واوفوا الكيل والميزان بالقسط لا نكلف نفسا الا وسعها واذا قلتم فاعدلوا ولو كان ذا قربىٰ وبعهد الله اوفوا ذٰلكم وصىٰكم به لعلكم تذكرون,سورة الانعام,45
6,153,وان هٰذا صرٰطي مستقيما فاتبعوه ولا تتبعوا السبل فتفرق بكم عن سبيله ذٰلكم وصىٰكم به لعلكم تتقون,سورة الانعام,41
6,154,ثم ءاتينا موسى الكتٰب تماما على الذي احسن وتفصيلا لكل شيء وهدى ورحمة لعلهم بلقاء ربهم يؤمنون,سورة الانعام,69
6,155,وهٰذا كتٰب انزلنٰه مبارك فاتبعوه واتقوا لعلكم ترحمون,سورة الانعام,20
6,156,ان تقولوا انما انزل الكتٰب علىٰ طائفتين من قبلنا وان كنا عن دراستهم لغٰفلين,سورة الانعام,17
6,157,او تقولوا لو انا انزل علينا الكتٰب لكنا اهدىٰ منهم فقد جاءكم بينة من ربكم وهدى ورحمة فمن اظلم ممن كذب بايٰت الله وصدف عنها سنجزي الذين يصدفون عن ءايٰتنا سوء العذاب بما كانوا يصدفون,سورة الانعام,53
6,158,هل ينظرون الا ان تاتيهم الملٰئكة او ياتي ربك او ياتي بعض ءايٰت ربك يوم ياتي بعض ءايٰت ربك لا ينفع نفسا ايمٰنها لم تكن ءامنت من قبل او كسبت في ايمٰنها خيرا قل انتظروا انا منتظرون,سورة الانعام,30
6,159,ان الذين فرقوا دينهم وكانوا شيعا لست منهم في شيء انما امرهم الى الله ثم ينبئهم بما كانوا يفعلون,سورة الانعام,27
6,160,من جاء بالحسنة فله عشر امثالها ومن جاء بالسيئة فلا يجزىٰ الا مثلها وهم لا يظلمون,سورة الانعام,14
6,161,قل انني هدىٰني ربي الىٰ صرٰط مستقيم دينا قيما ملة ابرٰهيم حنيفا وما كان من المشركين,سورة الانعام,68
6,162,قل ان صلاتي ونسكي ومحياي ومماتي لله رب العٰلمين,سورة الانعام,16
6,163,لا شريك له وبذٰلك امرت وانا اول المسلمين,سورة الانعام,21
6,164,قل اغير الله ابغي ربا وهو رب كل شيء ولا تكسب كل نفس الا عليها ولا تزر وازرة وزر اخرىٰ ثم الىٰ ربكم مرجعكم فينبئكم بما كنتم فيه تختلفون,سورة الانعام,44
6,165,وهو الذي جعلكم خلٰئف الارض ورفع بعضكم فوق بعض درجٰت ليبلوكم في ما ءاتىٰكم ان ربك سريع العقاب وانه لغفور رحيم,سورة الانعام,49
7,0,سورة الاعراف,سورة الاعراف,6
7,0,بسم الله الرحمٰن الرحيم,سورة الاعراف,10
7,1,المص,سورة الاعراف,0
7,2,كتٰب انزل اليك فلا يكن في صدرك حرج منه لتنذر به وذكرىٰ للمؤمنين,سورة الاعراف,41
7,3,اتبعوا ما انزل اليكم من ربكم ولا تتبعوا من دونه اولياء قليلا ما تذكرون,سورة الاعراف,50
7,4,وكم من قرية اهلكنٰها فجاءها باسنا بيٰتا او هم قائلون,سورة الاعراف,24
7,5,فما كان دعوىٰهم اذ جاءهم باسنا الا ان قالوا انا كنا ظٰلمين,سورة الاعراف,37
7,6,فلنسلن الذين ارسل اليهم ولنسلن المرسلين,سورة الاعراف,0
7,7,فلنقصن عليهم بعلم وما كنا غائبين,سورة الاعراف,29
7,8,والوزن يومئذ الحق فمن ثقلت موٰزينه فاولٰئك هم المفلحون,سورة الاعراف,32
7,9,ومن خفت موٰزينه فاولٰئك الذين خسروا انفسهم بما كانوا بايٰتنا يظلمون,سورة الاعراف,28
7,10,ولقد مكنٰكم في الارض وجعلنا لكم فيها معٰيش قليلا ما تشكرون,سورة الاعراف,45
7,11,ولقد خلقنٰكم ثم صورنٰكم ثم قلنا للملٰئكة اسجدوا لادم فسجدوا الا ابليس لم يكن من السٰجدين,سورة الاعراف,45
7,12,قال ما منعك الا تسجد اذ امرتك قال انا خير منه خلقتني من نار وخلقته من طين,سورة الاعراف,26
7,13,قال فاهبط منها فما يكون لك ان تتكبر فيها فاخرج انك من الصٰغرين,سورة الاعراف,64
7,14,قال انظرني الىٰ يوم يبعثون,سورة الاعراف,56
7,15,قال انك من المنظرين,سورة الاعراف,26
7,16,قال فبما اغويتني لاقعدن لهم صرٰطك المستقيم,سورة الاعراف,26
7,17,ثم لاتينهم من بين ايديهم ومن خلفهم وعن ايمٰنهم وعن شمائلهم ولا تجد اكثرهم شٰكرين,سورة الاعراف,69
7,18,قال اخرج منها مذءوما مدحورا لمن تبعك منهم لاملان جهنم منكم اجمعين,سورة الاعراف,57
7,19,ويٰادم اسكن انت وزوجك الجنة فكلا من حيث شئتما ولا تقربا هٰذه الشجرة فتكونا من الظٰلمين,سورة الاعراف,59
7,20,فوسوس لهما الشيطٰن ليبدي لهما ما وري عنهما من سوءٰتهما وقال ما نهىٰكما ربكما عن هٰذه الشجرة الا ان تكونا ملكين او تكونا من الخٰلدين,سورة الاعراف,59
7,21,وقاسمهما اني لكما لمن النٰصحين,سورة الاعراف,12
7,22,فدلىٰهما بغرور فلما ذاقا الشجرة بدت لهما سوءٰتهما وطفقا يخصفان عليهما من ورق الجنة ونادىٰهما ربهما الم انهكما عن تلكما الشجرة واقل لكما ان الشيطٰن لكما عدو مبين,سورة الاعراف,0
7,23,قالا ربنا ظلمنا انفسنا وان لم تغفر لنا وترحمنا لنكونن من الخٰسرين,سورة الاعراف,59
7,24,قال اهبطوا بعضكم لبعض عدو ولكم في الارض مستقر ومتٰع الىٰ حين,سورة الاعراف,8
7,25,قال فيها تحيون وفيها تموتون ومنها تخرجون,سورة الاعراف,38
7,26,يٰبني ءادم قد انزلنا عليكم لباسا يوٰري سوءٰتكم وريشا ولباس التقوىٰ ذٰلك خير ذٰلك من ءايٰت الله لعلهم يذكرون,سورة الاعراف,21
7,27,يٰبني ءادم لا يفتننكم الشيطٰن كما اخرج ابويكم من الجنة ينزع عنهما لباسهما ليريهما سوءٰتهما انه يرىٰكم هو وقبيله من حيث لا ترونهم انا جعلنا الشيٰطين اولياء للذين لا يؤمنون,سورة الاعراف,43
7,28,واذا فعلوا فٰحشة قالوا وجدنا عليها ءاباءنا والله امرنا بها قل ان الله لا يامر بالفحشاء اتقولون على الله ما لا تعلمون,سورة الاعراف,43
7,29,قل امر ربي بالقسط واقيموا وجوهكم عند كل مسجد وادعوه مخلصين له الدين كما بداكم تعودون,سورة الاعراف,0
7,30,فريقا هدىٰ وفريقا حق عليهم الضلٰلة انهم اتخذوا الشيٰطين اولياء من دون الله ويحسبون انهم مهتدون,سورة الاعراف,25
7,31,يٰبني ءادم خذوا زينتكم عند كل مسجد وكلوا واشربوا ولا تسرفوا انه لا يحب المسرفين,سورة الاعراف,44
7,32,قل من حرم زينة الله التي اخرج لعباده والطيبٰت من الرزق قل هي للذين ءامنوا في الحيوٰة الدنيا خالصة يوم القيٰمة كذٰلك نفصل الايٰت لقوم يعلمون,سورة الاعراف,40
7,33,قل انما حرم ربي الفوٰحش ما ظهر منها وما بطن والاثم والبغي بغير الحق وان تشركوا بالله ما لم ينزل به سلطٰنا وان تقولوا على الله ما لا تعلمون,سورة الاعراف,17
7,34,ولكل امة اجل فاذا جاء اجلهم لا يستاخرون ساعة ولا يستقدمون,سورة الاعراف,48
7,35,يٰبني ءادم اما ياتينكم رسل منكم يقصون عليكم ءايٰتي فمن اتقىٰ واصلح فلا خوف عليهم ولا هم يحزنون,سورة الاعراف,44
7,36,والذين كذبوا بايٰتنا واستكبروا عنها اولٰئك اصحٰب النار هم فيها خٰلدون,سورة الاعراف,63
7,37,فمن اظلم ممن افترىٰ على الله كذبا او كذب بايٰته اولٰئك ينالهم نصيبهم من الكتٰب حتىٰ اذا جاءتهم رسلنا يتوفونهم قالوا اين ما كنتم تدعون من دون الله قالوا ضلوا عنا وشهدوا علىٰ انفسهم انهم كانوا كٰفرين,سورة الاعراف,53
7,38,قال ادخلوا في امم قد خلت من قبلكم من الجن والانس في النار كلما دخلت امة لعنت اختها حتىٰ اذا اداركوا فيها جميعا قالت اخرىٰهم لاولىٰهم ربنا هٰؤلاء اضلونا فاتهم عذابا ضعفا من النار قال لكل ضعف ولٰكن لا تعلمون,سورة الاعراف,46
7,39,وقالت اولىٰهم لاخرىٰهم فما كان لكم علينا من فضل فذوقوا العذاب بما كنتم تكسبون,سورة الاعراف,9
7,40,ان الذين كذبوا بايٰتنا واستكبروا عنها لا تفتح لهم ابوٰب السماء ولا يدخلون الجنة حتىٰ يلج الجمل في سم الخياط وكذٰلك نجزي المجرمين,سورة الاعراف,28
7,41,لهم من جهنم مهاد ومن فوقهم غواش وكذٰلك نجزي الظٰلمين,سورة الاعراف,21
7,42,والذين ءامنوا وعملوا الصٰلحٰت لا نكلف نفسا الا وسعها اولٰئك اصحٰب الجنة هم فيها خٰلدون,سورة الاعراف,2
7,43,ونزعنا ما في صدورهم من غل تجري من تحتهم الانهٰر وقالوا الحمد لله الذي هدىٰنا لهٰذا وما كنا لنهتدي لولا ان هدىٰنا الله لقد جاءت رسل ربنا بالحق ونودوا ان تلكم الجنة اورثتموها بما كنتم تعملون,سورة الاعراف,20
7,44,ونادىٰ اصحٰب الجنة اصحٰب النار ان قد وجدنا ما وعدنا ربنا حقا فهل وجدتم ما وعد ربكم حقا قالوا نعم فاذن مؤذن بينهم ان لعنة الله على الظٰلمين,سورة الاعراف,52
7,45,الذين يصدون عن سبيل الله ويبغونها عوجا وهم بالاخرة كٰفرون,سورة الاعراف,43
7,46,وبينهما حجاب وعلى الاعراف رجال يعرفون كلا بسيمىٰهم ونادوا اصحٰب الجنة ان سلٰم عليكم لم يدخلوها وهم يطمعون,سورة الاعراف,22
7,47,واذا صرفت ابصٰرهم تلقاء اصحٰب النار قالوا ربنا لا تجعلنا مع القوم الظٰلمين,سورة الاعراف,52
7,48,ونادىٰ اصحٰب الاعراف رجالا يعرفونهم بسيمىٰهم قالوا ما اغنىٰ عنكم جمعكم وما كنتم تستكبرون,سورة الاعراف,52
7,49,اهٰؤلاء الذين اقسمتم لا ينالهم الله برحمة ادخلوا الجنة لا خوف عليكم ولا انتم تحزنون,سورة الاعراف,43
7,50,ونادىٰ اصحٰب النار اصحٰب الجنة ان افيضوا علينا من الماء او مما رزقكم الله قالوا ان الله حرمهما على الكٰفرين,سورة الاعراف,52
7,51,الذين اتخذوا دينهم لهوا ولعبا وغرتهم الحيوٰة الدنيا فاليوم ننسىٰهم كما نسوا لقاء يومهم هٰذا وما كانوا بايٰتنا يجحدون,سورة الاعراف,28
7,52,ولقد جئنٰهم بكتٰب فصلنٰه علىٰ علم هدى ورحمة لقوم يؤمنون,سورة الاعراف,9
7,53,هل ينظرون الا تاويله يوم ياتي تاويله يقول الذين نسوه من قبل قد جاءت رسل ربنا بالحق فهل لنا من شفعاء فيشفعوا لنا او نرد فنعمل غير الذي كنا نعمل قد خسروا انفسهم وضل عنهم ما كانوا يفترون,سورة الاعراف,27
7,54,ان ربكم الله الذي خلق السمٰوٰت والارض في ستة ايام ثم استوىٰ على العرش يغشي اليل النهار يطلبه حثيثا والشمس والقمر والنجوم مسخرٰت بامره الا له الخلق والامر تبارك الله رب العٰلمين,سورة الاعراف,66
7,55,ادعوا ربكم تضرعا وخفية انه لا يحب المعتدين,سورة الاعراف,50
7,56,ولا تفسدوا في الارض بعد اصلٰحها وادعوه خوفا وطمعا ان رحمت الله قريب من المحسنين,سورة الاعراف,8
7,57,وهو الذي يرسل الريٰح بشرا بين يدي رحمته حتىٰ اذا اقلت سحابا ثقالا سقنٰه لبلد ميت فانزلنا به الماء فاخرجنا به من كل الثمرٰت كذٰلك نخرج الموتىٰ لعلكم تذكرون,سورة الاعراف,41
7,58,والبلد الطيب يخرج نباته باذن ربه والذي خبث لا يخرج الا نكدا كذٰلك نصرف الايٰت لقوم يشكرون,سورة الاعراف,21
7,59,لقد ارسلنا نوحا الىٰ قومه فقال يٰقوم اعبدوا الله ما لكم من الٰه غيره اني اخاف عليكم عذاب يوم عظيم,سورة الاعراف,12
7,60,قال الملا من قومه انا لنرىٰك في ضلٰل مبين,سورة الاعراف,37
7,61,قال يٰقوم ليس بي ضلٰلة ولٰكني رسول من رب العٰلمين,سورة الاعراف,16
7,62,ابلغكم رسٰلٰت ربي وانصح لكم واعلم من الله ما لا تعلمون,سورة الاعراف,17
7,63,اوعجبتم ان جاءكم ذكر من ربكم علىٰ رجل منكم لينذركم ولتتقوا ولعلكم ترحمون,سورة الاعراف,50
7,64,فكذبوه فانجينٰه والذين معه في الفلك واغرقنا الذين كذبوا بايٰتنا انهم كانوا قوما عمين,سورة الاعراف,28
7,65,والىٰ عاد اخاهم هودا قال يٰقوم اعبدوا الله ما لكم من الٰه غيره افلا تتقون,سورة الاعراف,50
7,66,قال الملا الذين كفروا من قومه انا لنرىٰك في سفاهة وانا لنظنك من الكٰذبين,سورة الاعراف,37
7,67,قال يٰقوم ليس بي سفاهة ولٰكني رسول من رب العٰلمين,سورة الاعراف,16
7,68,ابلغكم رسٰلٰت ربي وانا لكم ناصح امين,سورة الاعراف,0
7,69,اوعجبتم ان جاءكم ذكر من ربكم علىٰ رجل منكم لينذركم واذكروا اذ جعلكم خلفاء من بعد قوم نوح وزادكم في الخلق بصطة فاذكروا ءالاء الله لعلكم تفلحون,سورة الاعراف,50
7,70,قالوا اجئتنا لنعبد الله وحده ونذر ما كان يعبد ءاباؤنا فاتنا بما تعدنا ان كنت من الصٰدقين,سورة الاعراف,27
7,71,قال قد وقع عليكم من ربكم رجس وغضب اتجٰدلونني في اسماء سميتموها انتم وءاباؤكم ما نزل الله بها من سلطٰن فانتظروا اني معكم من المنتظرين,سورة الاعراف,50
7,72,فانجينٰه والذين معه برحمة منا وقطعنا دابر الذين كذبوا بايٰتنا وما كانوا مؤمنين,سورة الاعراف,28
7,73,والىٰ ثمود اخاهم صٰلحا قال يٰقوم اعبدوا الله ما لكم من الٰه غيره قد جاءتكم بينة من ربكم هٰذه ناقة الله لكم ءاية فذروها تاكل في ارض الله ولا تمسوها بسوء فياخذكم عذاب اليم,سورة الاعراف,50
7,74,واذكروا اذ جعلكم خلفاء من بعد عاد وبواكم في الارض تتخذون من سهولها قصورا وتنحتون الجبال بيوتا فاذكروا ءالاء الله ولا تعثوا في الارض مفسدين,سورة الاعراف,8
7,75,قال الملا الذين استكبروا من قومه للذين استضعفوا لمن ءامن منهم اتعلمون ان صٰلحا مرسل من ربه قالوا انا بما ارسل به مؤمنون,سورة الاعراف,37
7,76,قال الذين استكبروا انا بالذي ءامنتم به كٰفرون,سورة الاعراف,37
7,77,فعقروا الناقة وعتوا عن امر ربهم وقالوا يٰصٰلح ائتنا بما تعدنا ان كنت من المرسلين,سورة الاعراف,0
7,78,فاخذتهم الرجفة فاصبحوا في دارهم جٰثمين,سورة الاعراف,0
7,79,فتولىٰ عنهم وقال يٰقوم لقد ابلغتكم رسالة ربي ونصحت لكم ولٰكن لا تحبون النٰصحين,سورة الاعراف,46
7,80,ولوطا اذ قال لقومه اتاتون الفٰحشة ما سبقكم بها من احد من العٰلمين,سورة الاعراف,26
7,81,انكم لتاتون الرجال شهوة من دون النساء بل انتم قوم مسرفون,سورة الاعراف,9
7,82,وما كان جواب قومه الا ان قالوا اخرجوهم من قريتكم انهم اناس يتطهرون,سورة الاعراف,25
7,83,فانجينٰه واهله الا امراته كانت من الغٰبرين,سورة الاعراف,31
7,84,وامطرنا عليهم مطرا فانظر كيف كان عٰقبة المجرمين,سورة الاعراف,51
7,85,والىٰ مدين اخاهم شعيبا قال يٰقوم اعبدوا الله ما لكم من الٰه غيره قد جاءتكم بينة من ربكم فاوفوا الكيل والميزان ولا تبخسوا الناس اشياءهم ولا تفسدوا في الارض بعد اصلٰحها ذٰلكم خير لكم ان كنتم مؤمنين,سورة الاعراف,50
7,86,ولا تقعدوا بكل صرٰط توعدون وتصدون عن سبيل الله من ءامن به وتبغونها عوجا واذكروا اذ كنتم قليلا فكثركم وانظروا كيف كان عٰقبة المفسدين,سورة الاعراف,51
7,87,وان كان طائفة منكم ءامنوا بالذي ارسلت به وطائفة لم يؤمنوا فاصبروا حتىٰ يحكم الله بيننا وهو خير الحٰكمين,سورة الاعراف,41
7,88,قال الملا الذين استكبروا من قومه لنخرجنك يٰشعيب والذين ءامنوا معك من قريتنا او لتعودن في ملتنا قال اولو كنا كٰرهين,سورة الاعراف,26
7,89,قد افترينا على الله كذبا ان عدنا في ملتكم بعد اذ نجىٰنا الله منها وما يكون لنا ان نعود فيها الا ان يشاء الله ربنا وسع ربنا كل شيء علما على الله توكلنا ربنا افتح بيننا وبين قومنا بالحق وانت خير الفٰتحين,سورة الاعراف,53
7,90,وقال الملا الذين كفروا من قومه لئن اتبعتم شعيبا انكم اذا لخٰسرون,سورة الاعراف,11
7,91,فاخذتهم الرجفة فاصبحوا في دارهم جٰثمين,سورة الاعراف,0
7,92,الذين كذبوا شعيبا كان لم يغنوا فيها الذين كذبوا شعيبا كانوا هم الخٰسرين,سورة الاعراف,38
7,93,فتولىٰ عنهم وقال يٰقوم لقد ابلغتكم رسٰلٰت ربي ونصحت لكم فكيف ءاسىٰ علىٰ قوم كٰفرين,سورة الاعراف,7
7,94,وما ارسلنا في قرية من نبي الا اخذنا اهلها بالباساء والضراء لعلهم يضرعون,سورة الاعراف,24
7,95,ثم بدلنا مكان السيئة الحسنة حتىٰ عفوا وقالوا قد مس ءاباءنا الضراء والسراء فاخذنٰهم بغتة وهم لا يشعرون,سورة الاعراف,43
7,96,ولو ان اهل القرىٰ ءامنوا واتقوا لفتحنا عليهم بركٰت من السماء والارض ولٰكن كذبوا فاخذنٰهم بما كانوا يكسبون,سورة الاعراف,46
7,97,افامن اهل القرىٰ ان ياتيهم باسنا بيٰتا وهم نائمون,سورة الاعراف,0
7,98,اوامن اهل القرىٰ ان ياتيهم باسنا ضحى وهم يلعبون,سورة الاعراف,0
7,99,افامنوا مكر الله فلا يامن مكر الله الا القوم الخٰسرون,سورة الاعراف,35
7,100,اولم يهد للذين يرثون الارض من بعد اهلها ان لو نشاء اصبنٰهم بذنوبهم ونطبع علىٰ قلوبهم فهم لا يسمعون,سورة الاعراف,43
7,101,تلك القرىٰ نقص عليك من انبائها ولقد جاءتهم رسلهم بالبينٰت فما كانوا ليؤمنوا بما كذبوا من قبل كذٰلك يطبع الله علىٰ قلوب الكٰفرين,سورة الاعراف,7
7,102,وما وجدنا لاكثرهم من عهد وان وجدنا اكثرهم لفٰسقين,سورة الاعراف,29
7,103,ثم بعثنا من بعدهم موسىٰ بايٰتنا الىٰ فرعون وملايه فظلموا بها فانظر كيف كان عٰقبة المفسدين,سورة الاعراف,51
7,104,وقال موسىٰ يٰفرعون اني رسول من رب العٰلمين,سورة الاعراف,16
7,105,حقيق علىٰ ان لا اقول على الله الا الحق قد جئتكم ببينة من ربكم فارسل معي بني اسرٰءيل,سورة الاعراف,50
7,106,قال ان كنت جئت باية فات بها ان كنت من الصٰدقين,سورة الاعراف,26
7,107,فالقىٰ عصاه فاذا هي ثعبان مبين,سورة الاعراف,48
7,108,ونزع يده فاذا هي بيضاء للنٰظرين,سورة الاعراف,48
7,109,قال الملا من قوم فرعون ان هٰذا لسٰحر عليم,سورة الاعراف,42
7,110,يريد ان يخرجكم من ارضكم فماذا تامرون,سورة الاعراف,59
7,111,قالوا ارجه واخاه وارسل في المدائن حٰشرين,سورة الاعراف,0
7,112,ياتوك بكل سٰحر عليم,سورة الاعراف,5
7,113,وجاء السحرة فرعون قالوا ان لنا لاجرا ان كنا نحن الغٰلبين,سورة الاعراف,42
7,114,قال نعم وانكم لمن المقربين,سورة الاعراف,19
7,115,قالوا يٰموسىٰ اما ان تلقي واما ان نكون نحن الملقين,سورة الاعراف,0
7,116,قال القوا فلما القوا سحروا اعين الناس واسترهبوهم وجاءو بسحر عظيم,سورة الاعراف,26
7,117,واوحينا الىٰ موسىٰ ان الق عصاك فاذا هي تلقف ما يافكون,سورة الاعراف,48
7,118,فوقع الحق وبطل ما كانوا يعملون,سورة الاعراف,27
7,119,فغلبوا هنالك وانقلبوا صٰغرين,سورة الاعراف,0
7,120,والقي السحرة سٰجدين,سورة الاعراف,0
7,121,قالوا ءامنا برب العٰلمين,سورة الاعراف,16
7,122,رب موسىٰ وهٰرون,سورة الاعراف,16
7,123,قال فرعون ءامنتم به قبل ان ءاذن لكم ان هٰذا لمكر مكرتموه في المدينة لتخرجوا منها اهلها فسوف تعلمون,سورة الاعراف,64
7,124,لاقطعن ايديكم وارجلكم من خلٰف ثم لاصلبنكم اجمعين,سورة الاعراف,57
7,125,قالوا انا الىٰ ربنا منقلبون,سورة الاعراف,37
7,126,وما تنقم منا الا ان ءامنا بايٰت ربنا لما جاءتنا ربنا افرغ علينا صبرا وتوفنا مسلمين,سورة الاعراف,31
7,127,وقال الملا من قوم فرعون اتذر موسىٰ وقومه ليفسدوا في الارض ويذرك وءالهتك قال سنقتل ابناءهم ونستحي نساءهم وانا فوقهم قٰهرون,سورة الاعراف,42
7,128,قال موسىٰ لقومه استعينوا بالله واصبروا ان الارض لله يورثها من يشاء من عباده والعٰقبة للمتقين,سورة الاعراف,59
7,129,قالوا اوذينا من قبل ان تاتينا ومن بعد ما جئتنا قال عسىٰ ربكم ان يهلك عدوكم ويستخلفكم في الارض فينظر كيف تعملون,سورة الاعراف,50
7,130,ولقد اخذنا ءال فرعون بالسنين ونقص من الثمرٰت لعلهم يذكرون,سورة الاعراف,42
7,131,فاذا جاءتهم الحسنة قالوا لنا هٰذه وان تصبهم سيئة يطيروا بموسىٰ ومن معه الا انما طٰئرهم عند الله ولٰكن اكثرهم لا يعلمون,سورة الاعراف,46
7,132,وقالوا مهما تاتنا به من ءاية لتسحرنا بها فما نحن لك بمؤمنين,سورة الاعراف,41
7,133,فارسلنا عليهم الطوفان والجراد والقمل والضفادع والدم ءايٰت مفصلٰت فاستكبروا وكانوا قوما مجرمين,سورة الاعراف,0
7,134,ولما وقع عليهم الرجز قالوا يٰموسى ادع لنا ربك بما عهد عندك لئن كشفت عنا الرجز لنؤمنن لك ولنرسلن معك بني اسرٰءيل,سورة الاعراف,4
7,135,فلما كشفنا عنهم الرجز الىٰ اجل هم بٰلغوه اذا هم ينكثون,سورة الاعراف,9
7,136,فانتقمنا منهم فاغرقنٰهم في اليم بانهم كذبوا بايٰتنا وكانوا عنها غٰفلين,سورة الاعراف,28
7,137,واورثنا القوم الذين كانوا يستضعفون مشٰرق الارض ومغٰربها التي بٰركنا فيها وتمت كلمت ربك الحسنىٰ علىٰ بني اسرٰءيل بما صبروا ودمرنا ما كان يصنع فرعون وقومه وما كانوا يعرشون,سورة الاعراف,27
7,138,وجٰوزنا ببني اسرٰءيل البحر فاتوا علىٰ قوم يعكفون علىٰ اصنام لهم قالوا يٰموسى اجعل لنا الٰها كما لهم ءالهة قال انكم قوم تجهلون,سورة الاعراف,26
7,139,ان هٰؤلاء متبر ما هم فيه وبٰطل ما كانوا يعملون,سورة الاعراف,27
7,140,قال اغير الله ابغيكم الٰها وهو فضلكم على العٰلمين,سورة الاعراف,16
7,141,واذ انجينٰكم من ءال فرعون يسومونكم سوء العذاب يقتلون ابناءكم ويستحيون نساءكم وفي ذٰلكم بلاء من ربكم عظيم,سورة الاعراف,42
7,142,ووٰعدنا موسىٰ ثلٰثين ليلة واتممنٰها بعشر فتم ميقٰت ربه اربعين ليلة وقال موسىٰ لاخيه هٰرون اخلفني في قومي واصلح ولا تتبع سبيل المفسدين,سورة الاعراف,23
7,143,ولما جاء موسىٰ لميقٰتنا وكلمه ربه قال رب ارني انظر اليك قال لن ترىٰني ولٰكن انظر الى الجبل فان استقر مكانه فسوف ترىٰني فلما تجلىٰ ربه للجبل جعله دكا وخر موسىٰ صعقا فلما افاق قال سبحٰنك تبت اليك وانا اول المؤمنين,سورة الاعراف,26
7,144,قال يٰموسىٰ اني اصطفيتك على الناس برسٰلٰتي وبكلٰمي فخذ ما ءاتيتك وكن من الشٰكرين,سورة الاعراف,12
7,145,وكتبنا له في الالواح من كل شيء موعظة وتفصيلا لكل شيء فخذها بقوة وامر قومك ياخذوا باحسنها ساوريكم دار الفٰسقين,سورة الاعراف,0
7,146,ساصرف عن ءايٰتي الذين يتكبرون في الارض بغير الحق وان يروا كل ءاية لا يؤمنوا بها وان يروا سبيل الرشد لا يتخذوه سبيلا وان يروا سبيل الغي يتخذوه سبيلا ذٰلك بانهم كذبوا بايٰتنا وكانوا عنها غٰفلين,سورة الاعراف,28
7,147,والذين كذبوا بايٰتنا ولقاء الاخرة حبطت اعمٰلهم هل يجزون الا ما كانوا يعملون,سورة الاعراف,28
7,148,واتخذ قوم موسىٰ من بعده من حليهم عجلا جسدا له خوار الم يروا انه لا يكلمهم ولا يهديهم سبيلا اتخذوه وكانوا ظٰلمين,سورة الاعراف,59
7,149,ولما سقط في ايديهم وراوا انهم قد ضلوا قالوا لئن لم يرحمنا ربنا ويغفر لنا لنكونن من الخٰسرين,سورة الاعراف,25
7,150,ولما رجع موسىٰ الىٰ قومه غضبٰن اسفا قال بئسما خلفتموني من بعدي اعجلتم امر ربكم والقى الالواح واخذ براس اخيه يجره اليه قال ابن ام ان القوم استضعفوني وكادوا يقتلونني فلا تشمت بي الاعداء ولا تجعلني مع القوم الظٰلمين,سورة الاعراف,26
7,151,قال رب اغفر لي ولاخي وادخلنا في رحمتك وانت ارحم الرٰحمين,سورة الاعراف,26
7,152,ان الذين اتخذوا العجل سينالهم غضب من ربهم وذلة في الحيوٰة الدنيا وكذٰلك نجزي المفترين,سورة الاعراف,21
7,153,والذين عملوا السيات ثم تابوا من بعدها وءامنوا ان ربك من بعدها لغفور رحيم,سورة الاعراف,69
7,154,ولما سكت عن موسى الغضب اخذ الالواح وفي نسختها هدى ورحمة للذين هم لربهم يرهبون,سورة الاعراف,0
7,155,واختار موسىٰ قومه سبعين رجلا لميقٰتنا فلما اخذتهم الرجفة قال رب لو شئت اهلكتهم من قبل وايٰي اتهلكنا بما فعل السفهاء منا ان هي الا فتنتك تضل بها من تشاء وتهدي من تشاء انت ولينا فاغفر لنا وارحمنا وانت خير الغٰفرين,سورة الاعراف,59
7,156,واكتب لنا في هٰذه الدنيا حسنة وفي الاخرة انا هدنا اليك قال عذابي اصيب به من اشاء ورحمتي وسعت كل شيء فساكتبها للذين يتقون ويؤتون الزكوٰة والذين هم بايٰتنا يؤمنون,سورة الاعراف,28
7,157,الذين يتبعون الرسول النبي الامي الذي يجدونه مكتوبا عندهم في التورىٰة والانجيل يامرهم بالمعروف وينهىٰهم عن المنكر ويحل لهم الطيبٰت ويحرم عليهم الخبٰئث ويضع عنهم اصرهم والاغلٰل التي كانت عليهم فالذين ءامنوا به وعزروه ونصروه واتبعوا النور الذي انزل معه اولٰئك هم المفلحون,سورة الاعراف,63
7,158,قل يٰايها الناس اني رسول الله اليكم جميعا الذي له ملك السمٰوٰت والارض لا الٰه الا هو يحي ويميت فامنوا بالله ورسوله النبي الامي الذي يؤمن بالله وكلمٰته واتبعوه لعلكم تهتدون,سورة الاعراف,66
7,159,ومن قوم موسىٰ امة يهدون بالحق وبه يعدلون,سورة الاعراف,0
7,160,وقطعنٰهم اثنتي عشرة اسباطا امما واوحينا الىٰ موسىٰ اذ استسقىٰه قومه ان اضرب بعصاك الحجر فانبجست منه اثنتا عشرة عينا قد علم كل اناس مشربهم وظللنا عليهم الغمٰم وانزلنا عليهم المن والسلوىٰ كلوا من طيبٰت ما رزقنٰكم وما ظلمونا ولٰكن كانوا انفسهم يظلمون,سورة الاعراف,46
7,161,واذ قيل لهم اسكنوا هٰذه القرية وكلوا منها حيث شئتم وقولوا حطة وادخلوا الباب سجدا نغفر لكم خطيٰتكم سنزيد المحسنين,سورة الاعراف,64
7,162,فبدل الذين ظلموا منهم قولا غير الذي قيل لهم فارسلنا عليهم رجزا من السماء بما كانوا يظلمون,سورة الاعراف,27
7,163,وسلهم عن القرية التي كانت حاضرة البحر اذ يعدون في السبت اذ تاتيهم حيتانهم يوم سبتهم شرعا ويوم لا يسبتون لا تاتيهم كذٰلك نبلوهم بما كانوا يفسقون,سورة الاعراف,43
7,164,واذ قالت امة منهم لم تعظون قوما الله مهلكهم او معذبهم عذابا شديدا قالوا معذرة الىٰ ربكم ولعلهم يتقون,سورة الاعراف,30
7,165,فلما نسوا ما ذكروا به انجينا الذين ينهون عن السوء واخذنا الذين ظلموا بعذاب بيس بما كانوا يفسقون,سورة الاعراف,27
7,166,فلما عتوا عن ما نهوا عنه قلنا لهم كونوا قردة خٰسين,سورة الاعراف,15
7,167,واذ تاذن ربك ليبعثن عليهم الىٰ يوم القيٰمة من يسومهم سوء العذاب ان ربك لسريع العقاب وانه لغفور رحيم,سورة الاعراف,40
7,168,وقطعنٰهم في الارض امما منهم الصٰلحون ومنهم دون ذٰلك وبلونٰهم بالحسنٰت والسيات لعلهم يرجعون,سورة الاعراف,9
7,169,فخلف من بعدهم خلف ورثوا الكتٰب ياخذون عرض هٰذا الادنىٰ ويقولون سيغفر لنا وان ياتهم عرض مثله ياخذوه الم يؤخذ عليهم ميثٰق الكتٰب ان لا يقولوا على الله الا الحق ودرسوا ما فيه والدار الاخرة خير للذين يتقون افلا تعقلون,سورة الاعراف,50
7,170,والذين يمسكون بالكتٰب واقاموا الصلوٰة انا لا نضيع اجر المصلحين,سورة الاعراف,48
7,171,واذ نتقنا الجبل فوقهم كانه ظلة وظنوا انه واقع بهم خذوا ما ءاتينٰكم بقوة واذكروا ما فيه لعلكم تتقون,سورة الاعراف,45
7,172,واذ اخذ ربك من بني ءادم من ظهورهم ذريتهم واشهدهم علىٰ انفسهم الست بربكم قالوا بلىٰ شهدنا ان تقولوا يوم القيٰمة انا كنا عن هٰذا غٰفلين,سورة الاعراف,40
7,173,او تقولوا انما اشرك ءاباؤنا من قبل وكنا ذرية من بعدهم افتهلكنا بما فعل المبطلون,سورة الاعراف,59
7,174,وكذٰلك نفصل الايٰت ولعلهم يرجعون,سورة الاعراف,21
7,175,واتل عليهم نبا الذي ءاتينٰه ءايٰتنا فانسلخ منها فاتبعه الشيطٰن فكان من الغاوين,سورة الاعراف,28
7,176,ولو شئنا لرفعنٰه بها ولٰكنه اخلد الى الارض واتبع هوىٰه فمثله كمثل الكلب ان تحمل عليه يلهث او تتركه يلهث ذٰلك مثل القوم الذين كذبوا بايٰتنا فاقصص القصص لعلهم يتفكرون,سورة الاعراف,28
7,177,ساء مثلا القوم الذين كذبوا بايٰتنا وانفسهم كانوا يظلمون,سورة الاعراف,28
7,178,من يهد الله فهو المهتدي ومن يضلل فاولٰئك هم الخٰسرون,سورة الاعراف,35
7,179,ولقد ذرانا لجهنم كثيرا من الجن والانس لهم قلوب لا يفقهون بها ولهم اعين لا يبصرون بها ولهم ءاذان لا يسمعون بها اولٰئك كالانعٰم بل هم اضل اولٰئك هم الغٰفلون,سورة الاعراف,63
7,180,ولله الاسماء الحسنىٰ فادعوه بها وذروا الذين يلحدون في اسمٰئه سيجزون ما كانوا يعملون,سورة الاعراف,27
7,181,وممن خلقنا امة يهدون بالحق وبه يعدلون,سورة الاعراف,0
7,182,والذين كذبوا بايٰتنا سنستدرجهم من حيث لا يعلمون,سورة الاعراف,28
7,183,واملي لهم ان كيدي متين,سورة الاعراف,0
7,184,اولم يتفكروا ما بصاحبهم من جنة ان هو الا نذير مبين,سورة الاعراف,31
7,185,اولم ينظروا في ملكوت السمٰوٰت والارض وما خلق الله من شيء وان عسىٰ ان يكون قد اقترب اجلهم فباي حديث بعده يؤمنون,سورة الاعراف,66
7,186,من يضلل الله فلا هادي له ويذرهم في طغيٰنهم يعمهون,سورة الاعراف,14
7,187,يسلونك عن الساعة ايان مرسىٰها قل انما علمها عند ربي لا يجليها لوقتها الا هو ثقلت في السمٰوٰت والارض لا تاتيكم الا بغتة يسلونك كانك حفي عنها قل انما علمها عند الله ولٰكن اكثر الناس لا يعلمون,سورة الاعراف,17
7,188,قل لا املك لنفسي نفعا ولا ضرا الا ما شاء الله ولو كنت اعلم الغيب لاستكثرت من الخير وما مسني السوء ان انا الا نذير وبشير لقوم يؤمنون,سورة الاعراف,31
7,189,هو الذي خلقكم من نفس وٰحدة وجعل منها زوجها ليسكن اليها فلما تغشىٰها حملت حملا خفيفا فمرت به فلما اثقلت دعوا الله ربهما لئن ءاتيتنا صٰلحا لنكونن من الشٰكرين,سورة الاعراف,41
7,190,فلما ءاتىٰهما صٰلحا جعلا له شركاء فيما ءاتىٰهما فتعٰلى الله عما يشركون,سورة الاعراف,0
7,191,ايشركون ما لا يخلق شيا وهم يخلقون,سورة الاعراف,43
7,192,ولا يستطيعون لهم نصرا ولا انفسهم ينصرون,سورة الاعراف,44
7,193,وان تدعوهم الى الهدىٰ لا يتبعوكم سواء عليكم ادعوتموهم ام انتم صٰمتون,سورة الاعراف,60
7,194,ان الذين تدعون من دون الله عباد امثالكم فادعوهم فليستجيبوا لكم ان كنتم صٰدقين,سورة الاعراف,1
7,195,الهم ارجل يمشون بها ام لهم ايد يبطشون بها ام لهم اعين يبصرون بها ام لهم ءاذان يسمعون بها قل ادعوا شركاءكم ثم كيدون فلا تنظرون,سورة الاعراف,60
7,196,ان ولي الله الذي نزل الكتٰب وهو يتولى الصٰلحين,سورة الاعراف,49
7,197,والذين تدعون من دونه لا يستطيعون نصركم ولا انفسهم ينصرون,سورة الاعراف,44
7,198,وان تدعوهم الى الهدىٰ لا يسمعوا وترىٰهم ينظرون اليك وهم لا يبصرون,سورة الاعراف,43
7,199,خذ العفو وامر بالعرف واعرض عن الجٰهلين,سورة الاعراف,0
7,200,واما ينزغنك من الشيطٰن نزغ فاستعذ بالله انه سميع عليم,سورة الاعراف,36
7,201,ان الذين اتقوا اذا مسهم طٰئف من الشيطٰن تذكروا فاذا هم مبصرون,سورة الاعراف,11
7,202,واخوٰنهم يمدونهم في الغي ثم لا يقصرون,سورة الاعراف,69
7,203,واذا لم تاتهم باية قالوا لولا اجتبيتها قل انما اتبع ما يوحىٰ الي من ربي هٰذا بصائر من ربكم وهدى ورحمة لقوم يؤمنون,سورة الاعراف,54
7,204,واذا قرئ القرءان فاستمعوا له وانصتوا لعلكم ترحمون,سورة الاعراف,54
7,205,واذكر ربك في نفسك تضرعا وخيفة ودون الجهر من القول بالغدو والاصال ولا تكن من الغٰفلين,سورة الاعراف,59
7,206,ان الذين عند ربك لا يستكبرون عن عبادته ويسبحونه وله يسجدون,سورة الاعراف,43
8,0,سورة الانفال,سورة الانفال,6
8,0,بسم الله الرحمٰن الرحيم,سورة الانفال,10
8,1,يسلونك عن الانفال قل الانفال لله والرسول فاتقوا الله واصلحوا ذات بينكم واطيعوا الله ورسوله ان كنتم مؤمنين,سورة الانفال,3
8,2,انما المؤمنون الذين اذا ذكر الله وجلت قلوبهم واذا تليت عليهم ءايٰته زادتهم ايمٰنا وعلىٰ ربهم يتوكلون,سورة الانفال,11
8,3,الذين يقيمون الصلوٰة ومما رزقنٰهم ينفقون,سورة الانفال,48
8,4,اولٰئك هم المؤمنون حقا لهم درجٰت عند ربهم ومغفرة ورزق كريم,سورة الانفال,63
8,5,كما اخرجك ربك من بيتك بالحق وان فريقا من المؤمنين لكٰرهون,سورة الانفال,59
8,6,يجٰدلونك في الحق بعد ما تبين كانما يساقون الى الموت وهم ينظرون,سورة الانفال,8
8,7,واذ يعدكم الله احدى الطائفتين انها لكم وتودون ان غير ذات الشوكة تكون لكم ويريد الله ان يحق الحق بكلمٰته ويقطع دابر الكٰفرين,سورة الانفال,7
8,8,ليحق الحق ويبطل البٰطل ولو كره المجرمون,سورة الانفال,18
8,9,اذ تستغيثون ربكم فاستجاب لكم اني ممدكم بالف من الملٰئكة مردفين,سورة الانفال,12
8,10,وما جعله الله الا بشرىٰ ولتطمئن به قلوبكم وما النصر الا من عند الله ان الله عزيز حكيم,سورة الانفال,31
8,11,اذ يغشيكم النعاس امنة منه وينزل عليكم من السماء ماء ليطهركم به ويذهب عنكم رجز الشيطٰن وليربط علىٰ قلوبكم ويثبت به الاقدام,سورة الانفال,41
8,12,اذ يوحي ربك الى الملٰئكة اني معكم فثبتوا الذين ءامنوا سالقي في قلوب الذين كفروا الرعب فاضربوا فوق الاعناق واضربوا منهم كل بنان,سورة الانفال,62
8,13,ذٰلك بانهم شاقوا الله ورسوله ومن يشاقق الله ورسوله فان الله شديد العقاب,سورة الانفال,3
8,14,ذٰلكم فذوقوه وان للكٰفرين عذاب النار,سورة الانفال,7
8,15,يٰايها الذين ءامنوا اذا لقيتم الذين كفروا زحفا فلا تولوهم الادبار,سورة الانفال,62
8,16,ومن يولهم يومئذ دبره الا متحرفا لقتال او متحيزا الىٰ فئة فقد باء بغضب من الله وماوىٰه جهنم وبئس المصير,سورة الانفال,45
8,17,فلم تقتلوهم ولٰكن الله قتلهم وما رميت اذ رميت ولٰكن الله رمىٰ وليبلي المؤمنين منه بلاء حسنا ان الله سميع عليم,سورة الانفال,46
8,18,ذٰلكم وان الله موهن كيد الكٰفرين,سورة الانفال,7
8,19,ان تستفتحوا فقد جاءكم الفتح وان تنتهوا فهو خير لكم وان تعودوا نعد ولن تغني عنكم فئتكم شيا ولو كثرت وان الله مع المؤمنين,سورة الانفال,17
8,20,يٰايها الذين ءامنوا اطيعوا الله ورسوله ولا تولوا عنه وانتم تسمعون,سورة الانفال,62
8,21,ولا تكونوا كالذين قالوا سمعنا وهم لا يسمعون,سورة الانفال,44
8,22,ان شر الدواب عند الله الصم البكم الذين لا يعقلون,سورة الانفال,43
8,23,ولو علم الله فيهم خيرا لاسمعهم ولو اسمعهم لتولوا وهم معرضون,سورة الانفال,18
8,24,يٰايها الذين ءامنوا استجيبوا لله وللرسول اذا دعاكم لما يحييكم واعلموا ان الله يحول بين المرء وقلبه وانه اليه تحشرون,سورة الانفال,62
8,25,واتقوا فتنة لا تصيبن الذين ظلموا منكم خاصة واعلموا ان الله شديد العقاب,سورة الانفال,43
8,26,واذكروا اذ انتم قليل مستضعفون في الارض تخافون ان يتخطفكم الناس فاوىٰكم وايدكم بنصره ورزقكم من الطيبٰت لعلكم تشكرون,سورة الانفال,8
8,27,يٰايها الذين ءامنوا لا تخونوا الله والرسول وتخونوا امٰنٰتكم وانتم تعلمون,سورة الانفال,62
8,28,واعلموا انما اموٰلكم واولٰدكم فتنة وان الله عنده اجر عظيم,سورة الانفال,17
8,29,يٰايها الذين ءامنوا ان تتقوا الله يجعل لكم فرقانا ويكفر عنكم سياتكم ويغفر لكم والله ذو الفضل العظيم,سورة الانفال,62
8,30,واذ يمكر بك الذين كفروا ليثبتوك او يقتلوك او يخرجوك ويمكرون ويمكر الله والله خير المٰكرين,سورة الانفال,30
8,31,واذا تتلىٰ عليهم ءايٰتنا قالوا قد سمعنا لو نشاء لقلنا مثل هٰذا ان هٰذا الا اسٰطير الاولين,سورة الانفال,20
8,32,واذ قالوا اللهم ان كان هٰذا هو الحق من عندك فامطر علينا حجارة من السماء او ائتنا بعذاب اليم,سورة الانفال,20
8,33,وما كان الله ليعذبهم وانت فيهم وما كان الله معذبهم وهم يستغفرون,سورة الانفال,29
8,34,وما لهم الا يعذبهم الله وهم يصدون عن المسجد الحرام وما كانوا اولياءه ان اولياؤه الا المتقون ولٰكن اكثرهم لا يعلمون,سورة الانفال,46
8,35,وما كان صلاتهم عند البيت الا مكاء وتصدية فذوقوا العذاب بما كنتم تكفرون,سورة الانفال,31
8,36,ان الذين كفروا ينفقون اموٰلهم ليصدوا عن سبيل الله فسينفقونها ثم تكون عليهم حسرة ثم يغلبون والذين كفروا الىٰ جهنم يحشرون,سورة الانفال,69
8,37,ليميز الله الخبيث من الطيب ويجعل الخبيث بعضه علىٰ بعض فيركمه جميعا فيجعله في جهنم اولٰئك هم الخٰسرون,سورة الانفال,35
8,38,قل للذين كفروا ان ينتهوا يغفر لهم ما قد سلف وان يعودوا فقد مضت سنت الاولين,سورة الانفال,0
8,39,وقٰتلوهم حتىٰ لا تكون فتنة ويكون الدين كله لله فان انتهوا فان الله بما يعملون بصير,سورة الانفال,3
8,40,وان تولوا فاعلموا ان الله مولىٰكم نعم المولىٰ ونعم النصير,سورة الانفال,45
8,41,واعلموا انما غنمتم من شيء فان لله خمسه وللرسول ولذي القربىٰ واليتٰمىٰ والمسٰكين وابن السبيل ان كنتم ءامنتم بالله وما انزلنا علىٰ عبدنا يوم الفرقان يوم التقى الجمعان والله علىٰ كل شيء قدير,سورة الانفال,56
8,42,اذ انتم بالعدوة الدنيا وهم بالعدوة القصوىٰ والركب اسفل منكم ولو تواعدتم لاختلفتم في الميعٰد ولٰكن ليقضي الله امرا كان مفعولا ليهلك من هلك عن بينة ويحيىٰ من حي عن بينة وان الله لسميع عليم,سورة الانفال,46
8,43,اذ يريكهم الله في منامك قليلا ولو ارىٰكهم كثيرا لفشلتم ولتنٰزعتم في الامر ولٰكن الله سلم انه عليم بذات الصدور,سورة الانفال,46
8,44,واذ يريكموهم اذ التقيتم في اعينكم قليلا ويقللكم في اعينهم ليقضي الله امرا كان مفعولا والى الله ترجع الامور,سورة الانفال,8
8,45,يٰايها الذين ءامنوا اذا لقيتم فئة فاثبتوا واذكروا الله كثيرا لعلكم تفلحون,سورة الانفال,62
8,46,واطيعوا الله ورسوله ولا تنٰزعوا فتفشلوا وتذهب ريحكم واصبروا ان الله مع الصٰبرين,سورة الانفال,3
8,47,ولا تكونوا كالذين خرجوا من ديٰرهم بطرا ورئاء الناس ويصدون عن سبيل الله والله بما يعملون محيط,سورة الانفال,27
8,48,واذ زين لهم الشيطٰن اعمٰلهم وقال لا غالب لكم اليوم من الناس واني جار لكم فلما تراءت الفئتان نكص علىٰ عقبيه وقال اني بريء منكم اني ارىٰ ما لا ترون اني اخاف الله والله شديد العقاب,سورة الانفال,12
8,49,اذ يقول المنٰفقون والذين في قلوبهم مرض غر هٰؤلاء دينهم ومن يتوكل على الله فان الله عزيز حكيم,سورة الانفال,3
8,50,ولو ترىٰ اذ يتوفى الذين كفروا الملٰئكة يضربون وجوههم وادبٰرهم وذوقوا عذاب الحريق,سورة الانفال,43
8,51,ذٰلك بما قدمت ايديكم وان الله ليس بظلٰم للعبيد,سورة الانفال,21
8,52,كداب ءال فرعون والذين من قبلهم كفروا بايٰت الله فاخذهم الله بذنوبهم ان الله قوي شديد العقاب,سورة الانفال,42
8,53,ذٰلك بان الله لم يك مغيرا نعمة انعمها علىٰ قوم حتىٰ يغيروا ما بانفسهم وان الله سميع عليم,سورة الانفال,3
8,54,كداب ءال فرعون والذين من قبلهم كذبوا بايٰت ربهم فاهلكنٰهم بذنوبهم واغرقنا ءال فرعون وكل كانوا ظٰلمين,سورة الانفال,42
8,55,ان شر الدواب عند الله الذين كفروا فهم لا يؤمنون,سورة الانفال,43
8,56,الذين عٰهدت منهم ثم ينقضون عهدهم في كل مرة وهم لا يتقون,سورة الانفال,43
8,57,فاما تثقفنهم في الحرب فشرد بهم من خلفهم لعلهم يذكرون,سورة الانفال,59
8,58,واما تخافن من قوم خيانة فانبذ اليهم علىٰ سواء ان الله لا يحب الخائنين,سورة الانفال,43
8,59,ولا يحسبن الذين كفروا سبقوا انهم لا يعجزون,سورة الانفال,25
8,60,واعدوا لهم ما استطعتم من قوة ومن رباط الخيل ترهبون به عدو الله وعدوكم وءاخرين من دونهم لا تعلمونهم الله يعلمهم وما تنفقوا من شيء في سبيل الله يوف اليكم وانتم لا تظلمون,سورة الانفال,3
8,61,وان جنحوا للسلم فاجنح لها وتوكل على الله انه هو السميع العليم,سورة الانفال,36
8,62,وان يريدوا ان يخدعوك فان حسبك الله هو الذي ايدك بنصره وبالمؤمنين,سورة الانفال,3
8,63,والف بين قلوبهم لو انفقت ما في الارض جميعا ما الفت بين قلوبهم ولٰكن الله الف بينهم انه عزيز حكيم,سورة الانفال,46
8,64,يٰايها النبي حسبك الله ومن اتبعك من المؤمنين,سورة الانفال,3
8,65,يٰايها النبي حرض المؤمنين على القتال ان يكن منكم عشرون صٰبرون يغلبوا مائتين وان يكن منكم مائة يغلبوا الفا من الذين كفروا بانهم قوم لا يفقهون,سورة الانفال,19
8,66,الٰن خفف الله عنكم وعلم ان فيكم ضعفا فان يكن منكم مائة صابرة يغلبوا مائتين وان يكن منكم الف يغلبوا الفين باذن الله والله مع الصٰبرين,سورة الانفال,19
8,67,ما كان لنبي ان يكون له اسرىٰ حتىٰ يثخن في الارض تريدون عرض الدنيا والله يريد الاخرة والله عزيز حكيم,سورة الانفال,8
8,68,لولا كتٰب من الله سبق لمسكم فيما اخذتم عذاب عظيم,سورة الانفال,59
8,69,فكلوا مما غنمتم حلٰلا طيبا واتقوا الله ان الله غفور رحيم,سورة الانفال,3
8,70,يٰايها النبي قل لمن في ايديكم من الاسرىٰ ان يعلم الله في قلوبكم خيرا يؤتكم خيرا مما اخذ منكم ويغفر لكم والله غفور رحيم,سورة الانفال,19
8,71,وان يريدوا خيانتك فقد خانوا الله من قبل فامكن منهم والله عليم حكيم,سورة الانفال,5
8,72,ان الذين ءامنوا وهاجروا وجٰهدوا باموٰلهم وانفسهم في سبيل الله والذين ءاووا ونصروا اولٰئك بعضهم اولياء بعض والذين ءامنوا ولم يهاجروا ما لكم من ولٰيتهم من شيء حتىٰ يهاجروا وان استنصروكم في الدين فعليكم النصر الا علىٰ قوم بينكم وبينهم ميثٰق والله بما تعملون بصير,سورة الانفال,67
8,73,والذين كفروا بعضهم اولياء بعض الا تفعلوه تكن فتنة في الارض وفساد كبير,سورة الانفال,67
8,74,والذين ءامنوا وهاجروا وجٰهدوا في سبيل الله والذين ءاووا ونصروا اولٰئك هم المؤمنون حقا لهم مغفرة ورزق كريم,سورة الانفال,63
8,75,والذين ءامنوا من بعد وهاجروا وجٰهدوا معكم فاولٰئك منكم واولوا الارحام بعضهم اولىٰ ببعض في كتٰب الله ان الله بكل شيء عليم,سورة الانفال,32
9,0,سورة التوبة,سورة التوبة,6
9,1,براءة من الله ورسوله الى الذين عٰهدتم من المشركين,سورة التوبة,68
9,2,فسيحوا في الارض اربعة اشهر واعلموا انكم غير معجزي الله وان الله مخزي الكٰفرين,سورة التوبة,7
9,3,واذٰن من الله ورسوله الى الناس يوم الحج الاكبر ان الله بريء من المشركين ورسوله فان تبتم فهو خير لكم وان توليتم فاعلموا انكم غير معجزي الله وبشر الذين كفروا بعذاب اليم,سورة التوبة,3
9,4,الا الذين عٰهدتم من المشركين ثم لم ينقصوكم شيا ولم يظٰهروا عليكم احدا فاتموا اليهم عهدهم الىٰ مدتهم ان الله يحب المتقين,سورة التوبة,68
9,5,فاذا انسلخ الاشهر الحرم فاقتلوا المشركين حيث وجدتموهم وخذوهم واحصروهم واقعدوا لهم كل مرصد فان تابوا واقاموا الصلوٰة وءاتوا الزكوٰة فخلوا سبيلهم ان الله غفور رحيم,سورة التوبة,48
9,6,وان احد من المشركين استجارك فاجره حتىٰ يسمع كلٰم الله ثم ابلغه مامنه ذٰلك بانهم قوم لا يعلمون,سورة التوبة,68
9,7,كيف يكون للمشركين عهد عند الله وعند رسوله الا الذين عٰهدتم عند المسجد الحرام فما استقٰموا لكم فاستقيموا لهم ان الله يحب المتقين,سورة التوبة,17
9,8,كيف وان يظهروا عليكم لا يرقبوا فيكم الا ولا ذمة يرضونكم بافوٰههم وتابىٰ قلوبهم واكثرهم فٰسقون,سورة التوبة,44
9,9,اشتروا بايٰت الله ثمنا قليلا فصدوا عن سبيله انهم ساء ما كانوا يعملون,سورة التوبة,25
9,10,لا يرقبون في مؤمن الا ولا ذمة واولٰئك هم المعتدون,سورة التوبة,63
9,11,فان تابوا واقاموا الصلوٰة وءاتوا الزكوٰة فاخوٰنكم في الدين ونفصل الايٰت لقوم يعلمون,سورة التوبة,48
9,12,وان نكثوا ايمٰنهم من بعد عهدهم وطعنوا في دينكم فقٰتلوا ائمة الكفر انهم لا ايمٰن لهم لعلهم ينتهون,سورة التوبة,25
9,13,الا تقٰتلون قوما نكثوا ايمٰنهم وهموا باخراج الرسول وهم بدءوكم اول مرة اتخشونهم فالله احق ان تخشوه ان كنتم مؤمنين,سورة التوبة,31
9,14,قٰتلوهم يعذبهم الله بايديكم ويخزهم وينصركم عليهم ويشف صدور قوم مؤمنين,سورة التوبة,0
9,15,ويذهب غيظ قلوبهم ويتوب الله علىٰ من يشاء والله عليم حكيم,سورة التوبة,5
9,16,ام حسبتم ان تتركوا ولما يعلم الله الذين جٰهدوا منكم ولم يتخذوا من دون الله ولا رسوله ولا المؤمنين وليجة والله خبير بما تعملون,سورة التوبة,44
9,17,ما كان للمشركين ان يعمروا مسٰجد الله شٰهدين علىٰ انفسهم بالكفر اولٰئك حبطت اعمٰلهم وفي النار هم خٰلدون,سورة التوبة,63
9,18,انما يعمر مسٰجد الله من ءامن بالله واليوم الاخر واقام الصلوٰة وءاتى الزكوٰة ولم يخش الا الله فعسىٰ اولٰئك ان يكونوا من المهتدين,سورة التوبة,63
9,19,اجعلتم سقاية الحاج وعمارة المسجد الحرام كمن ءامن بالله واليوم الاخر وجٰهد في سبيل الله لا يستون عند الله والله لا يهدي القوم الظٰلمين,سورة التوبة,43
9,20,الذين ءامنوا وهاجروا وجٰهدوا في سبيل الله باموٰلهم وانفسهم اعظم درجة عند الله واولٰئك هم الفائزون,سورة التوبة,63
9,21,يبشرهم ربهم برحمة منه ورضوٰن وجنٰت لهم فيها نعيم مقيم,سورة التوبة,38
9,22,خٰلدين فيها ابدا ان الله عنده اجر عظيم,سورة التوبة,38
9,23,يٰايها الذين ءامنوا لا تتخذوا ءاباءكم واخوٰنكم اولياء ان استحبوا الكفر على الايمٰن ومن يتولهم منكم فاولٰئك هم الظٰلمون,سورة التوبة,62
9,24,قل ان كان ءاباؤكم وابناؤكم واخوٰنكم وازوٰجكم وعشيرتكم واموٰل اقترفتموها وتجٰرة تخشون كسادها ومسٰكن ترضونها احب اليكم من الله ورسوله وجهاد في سبيله فتربصوا حتىٰ ياتي الله بامره والله لا يهدي القوم الفٰسقين,سورة التوبة,3
9,25,لقد نصركم الله في مواطن كثيرة ويوم حنين اذ اعجبتكم كثرتكم فلم تغن عنكم شيا وضاقت عليكم الارض بما رحبت ثم وليتم مدبرين,سورة التوبة,69
9,26,ثم انزل الله سكينته علىٰ رسوله وعلى المؤمنين وانزل جنودا لم تروها وعذب الذين كفروا وذٰلك جزاء الكٰفرين,سورة التوبة,7
9,27,ثم يتوب الله من بعد ذٰلك علىٰ من يشاء والله غفور رحيم,سورة التوبة,69
9,28,يٰايها الذين ءامنوا انما المشركون نجس فلا يقربوا المسجد الحرام بعد عامهم هٰذا وان خفتم عيلة فسوف يغنيكم الله من فضله ان شاء ان الله عليم حكيم,سورة التوبة,62
9,29,قٰتلوا الذين لا يؤمنون بالله ولا باليوم الاخر ولا يحرمون ما حرم الله ورسوله ولا يدينون دين الحق من الذين اوتوا الكتٰب حتىٰ يعطوا الجزية عن يد وهم صٰغرون,سورة التوبة,44
9,30,وقالت اليهود عزير ابن الله وقالت النصٰرى المسيح ابن الله ذٰلك قولهم بافوٰههم يضٰهون قول الذين كفروا من قبل قٰتلهم الله انىٰ يؤفكون,سورة التوبة,3
9,31,اتخذوا احبارهم ورهبٰنهم اربابا من دون الله والمسيح ابن مريم وما امروا الا ليعبدوا الٰها وٰحدا لا الٰه الا هو سبحٰنه عما يشركون,سورة التوبة,31
9,32,يريدون ان يطفوا نور الله بافوٰههم ويابى الله الا ان يتم نوره ولو كره الكٰفرون,سورة التوبة,18
9,33,هو الذي ارسل رسوله بالهدىٰ ودين الحق ليظهره على الدين كله ولو كره المشركون,سورة التوبة,18
9,34,يٰايها الذين ءامنوا ان كثيرا من الاحبار والرهبان لياكلون اموٰل الناس بالبٰطل ويصدون عن سبيل الله والذين يكنزون الذهب والفضة ولا ينفقونها في سبيل الله فبشرهم بعذاب اليم,سورة التوبة,62
9,35,يوم يحمىٰ عليها في نار جهنم فتكوىٰ بها جباههم وجنوبهم وظهورهم هٰذا ما كنزتم لانفسكم فذوقوا ما كنتم تكنزون,سورة التوبة,0
9,36,ان عدة الشهور عند الله اثنا عشر شهرا في كتٰب الله يوم خلق السمٰوٰت والارض منها اربعة حرم ذٰلك الدين القيم فلا تظلموا فيهن انفسكم وقٰتلوا المشركين كافة كما يقٰتلونكم كافة واعلموا ان الله مع المتقين,سورة التوبة,66
9,37,انما النسيء زيادة في الكفر يضل به الذين كفروا يحلونه عاما ويحرمونه عاما ليواطوا عدة ما حرم الله فيحلوا ما حرم الله زين لهم سوء اعمٰلهم والله لا يهدي القوم الكٰفرين,سورة التوبة,43
9,38,يٰايها الذين ءامنوا ما لكم اذا قيل لكم انفروا في سبيل الله اثاقلتم الى الارض ارضيتم بالحيوٰة الدنيا من الاخرة فما متٰع الحيوٰة الدنيا في الاخرة الا قليل,سورة التوبة,8
9,39,الا تنفروا يعذبكم عذابا اليما ويستبدل قوما غيركم ولا تضروه شيا والله علىٰ كل شيء قدير,سورة التوبة,44
9,40,الا تنصروه فقد نصره الله اذ اخرجه الذين كفروا ثاني اثنين اذ هما في الغار اذ يقول لصٰحبه لا تحزن ان الله معنا فانزل الله سكينته عليه وايده بجنود لم تروها وجعل كلمة الذين كفروا السفلىٰ وكلمة الله هي العليا والله عزيز حكيم,سورة التوبة,43
9,41,انفروا خفافا وثقالا وجٰهدوا باموٰلكم وانفسكم في سبيل الله ذٰلكم خير لكم ان كنتم تعلمون,سورة التوبة,17
9,42,لو كان عرضا قريبا وسفرا قاصدا لاتبعوك ولٰكن بعدت عليهم الشقة وسيحلفون بالله لو استطعنا لخرجنا معكم يهلكون انفسهم والله يعلم انهم لكٰذبون,سورة التوبة,46
9,43,عفا الله عنك لم اذنت لهم حتىٰ يتبين لك الذين صدقوا وتعلم الكٰذبين,سورة التوبة,18
9,44,لا يستذنك الذين يؤمنون بالله واليوم الاخر ان يجٰهدوا باموٰلهم وانفسهم والله عليم بالمتقين,سورة التوبة,43
9,45,انما يستذنك الذين لا يؤمنون بالله واليوم الاخر وارتابت قلوبهم فهم في ريبهم يترددون,سورة التوبة,43
9,46,ولو ارادوا الخروج لاعدوا له عدة ولٰكن كره الله انبعاثهم فثبطهم وقيل اقعدوا مع القٰعدين,سورة التوبة,46
9,47,لو خرجوا فيكم ما زادوكم الا خبالا ولاوضعوا خلٰلكم يبغونكم الفتنة وفيكم سمٰعون لهم والله عليم بالظٰلمين,سورة التوبة,0
9,48,لقد ابتغوا الفتنة من قبل وقلبوا لك الامور حتىٰ جاء الحق وظهر امر الله وهم كٰرهون,سورة التوبة,35
9,49,ومنهم من يقول ائذن لي ولا تفتني الا في الفتنة سقطوا وان جهنم لمحيطة بالكٰفرين,سورة التوبة,7
9,50,ان تصبك حسنة تسؤهم وان تصبك مصيبة يقولوا قد اخذنا امرنا من قبل ويتولوا وهم فرحون,سورة التوبة,59
9,51,قل لن يصيبنا الا ما كتب الله لنا هو مولىٰنا وعلى الله فليتوكل المؤمنون,سورة التوبة,31
9,52,قل هل تربصون بنا الا احدى الحسنيين ونحن نتربص بكم ان يصيبكم الله بعذاب من عنده او بايدينا فتربصوا انا معكم متربصون,سورة التوبة,30
9,53,قل انفقوا طوعا او كرها لن يتقبل منكم انكم كنتم قوما فٰسقين,سورة التوبة,30
9,54,وما منعهم ان تقبل منهم نفقٰتهم الا انهم كفروا بالله وبرسوله ولا ياتون الصلوٰة الا وهم كسالىٰ ولا ينفقون الا وهم كٰرهون,سورة التوبة,31
9,55,فلا تعجبك اموٰلهم ولا اولٰدهم انما يريد الله ليعذبهم بها في الحيوٰة الدنيا وتزهق انفسهم وهم كٰفرون,سورة التوبة,17
9,56,ويحلفون بالله انهم لمنكم وما هم منكم ولٰكنهم قوم يفرقون,سورة التوبة,25
9,57,لو يجدون ملجا او مغٰرٰت او مدخلا لولوا اليه وهم يجمحون,سورة التوبة,30
9,58,ومنهم من يلمزك في الصدقٰت فان اعطوا منها رضوا وان لم يعطوا منها اذا هم يسخطون,سورة التوبة,64
9,59,ولو انهم رضوا ما ءاتىٰهم الله ورسوله وقالوا حسبنا الله سيؤتينا الله من فضله ورسوله انا الى الله رٰغبون,سورة التوبة,3
9,60,انما الصدقٰت للفقراء والمسٰكين والعٰملين عليها والمؤلفة قلوبهم وفي الرقاب والغٰرمين وفي سبيل الله وابن السبيل فريضة من الله والله عليم حكيم,سورة التوبة,17
9,61,ومنهم الذين يؤذون النبي ويقولون هو اذن قل اذن خير لكم يؤمن بالله ويؤمن للمؤمنين ورحمة للذين ءامنوا منكم والذين يؤذون رسول الله لهم عذاب اليم,سورة التوبة,17
9,62,يحلفون بالله لكم ليرضوكم والله ورسوله احق ان يرضوه ان كانوا مؤمنين,سورة التوبة,17
9,63,الم يعلموا انه من يحادد الله ورسوله فان له نار جهنم خٰلدا فيها ذٰلك الخزي العظيم,سورة التوبة,55
9,64,يحذر المنٰفقون ان تنزل عليهم سورة تنبئهم بما في قلوبهم قل استهزءوا ان الله مخرج ما تحذرون,سورة التوبة,17
9,65,ولئن سالتهم ليقولن انما كنا نخوض ونلعب قل ابالله وءايٰته ورسوله كنتم تستهزءون,سورة التوبة,17
9,66,لا تعتذروا قد كفرتم بعد ايمٰنكم ان نعف عن طائفة منكم نعذب طائفة بانهم كانوا مجرمين,سورة التوبة,27
9,67,المنٰفقون والمنٰفقٰت بعضهم من بعض يامرون بالمنكر وينهون عن المعروف ويقبضون ايديهم نسوا الله فنسيهم ان المنٰفقين هم الفٰسقون,سورة التوبة,67
9,68,وعد الله المنٰفقين والمنٰفقٰت والكفار نار جهنم خٰلدين فيها هي حسبهم ولعنهم الله ولهم عذاب مقيم,سورة التوبة,38
9,69,كالذين من قبلكم كانوا اشد منكم قوة واكثر اموٰلا واولٰدا فاستمتعوا بخلٰقهم فاستمتعتم بخلٰقكم كما استمتع الذين من قبلكم بخلٰقهم وخضتم كالذي خاضوا اولٰئك حبطت اعمٰلهم في الدنيا والاخرة واولٰئك هم الخٰسرون,سورة التوبة,35
9,70,الم ياتهم نبا الذين من قبلهم قوم نوح وعاد وثمود وقوم ابرٰهيم واصحٰب مدين والمؤتفكٰت اتتهم رسلهم بالبينٰت فما كان الله ليظلمهم ولٰكن كانوا انفسهم يظلمون,سورة التوبة,58
9,71,والمؤمنون والمؤمنٰت بعضهم اولياء بعض يامرون بالمعروف وينهون عن المنكر ويقيمون الصلوٰة ويؤتون الزكوٰة ويطيعون الله ورسوله اولٰئك سيرحمهم الله ان الله عزيز حكيم,سورة التوبة,63
9,72,وعد الله المؤمنين والمؤمنٰت جنٰت تجري من تحتها الانهٰر خٰلدين فيها ومسٰكن طيبة في جنٰت عدن ورضوٰن من الله اكبر ذٰلك هو الفوز العظيم,سورة التوبة,13
9,73,يٰايها النبي جٰهد الكفار والمنٰفقين واغلظ عليهم وماوىٰهم جهنم وبئس المصير,سورة التوبة,45
9,74,يحلفون بالله ما قالوا ولقد قالوا كلمة الكفر وكفروا بعد اسلٰمهم وهموا بما لم ينالوا وما نقموا الا ان اغنىٰهم الله ورسوله من فضله فان يتوبوا يك خيرا لهم وان يتولوا يعذبهم الله عذابا اليما في الدنيا والاخرة وما لهم في الارض من ولي ولا نصير,سورة التوبة,8
9,75,ومنهم من عٰهد الله لئن ءاتىٰنا من فضله لنصدقن ولنكونن من الصٰلحين,سورة التوبة,59
9,76,فلما ءاتىٰهم من فضله بخلوا به وتولوا وهم معرضون,سورة التوبة,41
9,77,فاعقبهم نفاقا في قلوبهم الىٰ يوم يلقونه بما اخلفوا الله ما وعدوه وبما كانوا يكذبون,سورة التوبة,27
9,78,الم يعلموا ان الله يعلم سرهم ونجوىٰهم وان الله علٰم الغيوب,سورة التوبة,55
9,79,الذين يلمزون المطوعين من المؤمنين في الصدقٰت والذين لا يجدون الا جهدهم فيسخرون منهم سخر الله منهم ولهم عذاب اليم,سورة التوبة,43
9,80,استغفر لهم او لا تستغفر لهم ان تستغفر لهم سبعين مرة فلن يغفر الله لهم ذٰلك بانهم كفروا بالله ورسوله والله لا يهدي القوم الفٰسقين,سورة التوبة,43
9,81,فرح المخلفون بمقعدهم خلٰف رسول الله وكرهوا ان يجٰهدوا باموٰلهم وانفسهم في سبيل الله وقالوا لا تنفروا في الحر قل نار جهنم اشد حرا لو كانوا يفقهون,سورة التوبة,8
9,82,فليضحكوا قليلا وليبكوا كثيرا جزاء بما كانوا يكسبون,سورة التوبة,27
9,83,فان رجعك الله الىٰ طائفة منهم فاستذنوك للخروج فقل لن تخرجوا معي ابدا ولن تقٰتلوا معي عدوا انكم رضيتم بالقعود اول مرة فاقعدوا مع الخٰلفين,سورة التوبة,0
9,84,ولا تصل علىٰ احد منهم مات ابدا ولا تقم علىٰ قبره انهم كفروا بالله ورسوله وماتوا وهم فٰسقون,سورة التوبة,44
9,85,ولا تعجبك اموٰلهم واولٰدهم انما يريد الله ان يعذبهم بها في الدنيا وتزهق انفسهم وهم كٰفرون,سورة التوبة,17
9,86,واذا انزلت سورة ان ءامنوا بالله وجٰهدوا مع رسوله استذنك اولوا الطول منهم وقالوا ذرنا نكن مع القٰعدين,سورة التوبة,54
9,87,رضوا بان يكونوا مع الخوالف وطبع علىٰ قلوبهم فهم لا يفقهون,سورة التوبة,43
9,88,لٰكن الرسول والذين ءامنوا معه جٰهدوا باموٰلهم وانفسهم واولٰئك لهم الخيرٰت واولٰئك هم المفلحون,سورة التوبة,63
9,89,اعد الله لهم جنٰت تجري من تحتها الانهٰر خٰلدين فيها ذٰلك الفوز العظيم,سورة التوبة,13
9,90,وجاء المعذرون من الاعراب ليؤذن لهم وقعد الذين كذبوا الله ورسوله سيصيب الذين كفروا منهم عذاب اليم,سورة التوبة,43
9,91,ليس على الضعفاء ولا على المرضىٰ ولا على الذين لا يجدون ما ينفقون حرج اذا نصحوا لله ورسوله ما على المحسنين من سبيل والله غفور رحيم,سورة التوبة,67
9,92,ولا على الذين اذا ما اتوك لتحملهم قلت لا اجد ما احملكم عليه تولوا واعينهم تفيض من الدمع حزنا الا يجدوا ما ينفقون,سورة التوبة,44
9,93,انما السبيل على الذين يستذنونك وهم اغنياء رضوا بان يكونوا مع الخوالف وطبع الله علىٰ قلوبهم فهم لا يعلمون,سورة التوبة,43
9,94,يعتذرون اليكم اذا رجعتم اليهم قل لا تعتذروا لن نؤمن لكم قد نبانا الله من اخباركم وسيرى الله عملكم ورسوله ثم تردون الىٰ عٰلم الغيب والشهٰدة فينبئكم بما كنتم تعملون,سورة التوبة,47
9,95,سيحلفون بالله لكم اذا انقلبتم اليهم لتعرضوا عنهم فاعرضوا عنهم انهم رجس وماوىٰهم جهنم جزاء بما كانوا يكسبون,سورة التوبة,27
9,96,يحلفون لكم لترضوا عنهم فان ترضوا عنهم فان الله لا يرضىٰ عن القوم الفٰسقين,سورة التوبة,3
9,97,الاعراب اشد كفرا ونفاقا واجدر الا يعلموا حدود ما انزل الله علىٰ رسوله والله عليم حكيم,سورة التوبة,5
9,98,ومن الاعراب من يتخذ ما ينفق مغرما ويتربص بكم الدوائر عليهم دائرة السوء والله سميع عليم,سورة التوبة,5
9,99,ومن الاعراب من يؤمن بالله واليوم الاخر ويتخذ ما ينفق قربٰت عند الله وصلوٰت الرسول الا انها قربة لهم سيدخلهم الله في رحمته ان الله غفور رحيم,سورة التوبة,3
9,100,والسٰبقون الاولون من المهٰجرين والانصار والذين اتبعوهم باحسٰن رضي الله عنهم ورضوا عنه واعد لهم جنٰت تجري تحتها الانهٰر خٰلدين فيها ابدا ذٰلك الفوز العظيم,سورة التوبة,13
9,101,وممن حولكم من الاعراب منٰفقون ومن اهل المدينة مردوا على النفاق لا تعلمهم نحن نعلمهم سنعذبهم مرتين ثم يردون الىٰ عذاب عظيم,سورة التوبة,59
9,102,وءاخرون اعترفوا بذنوبهم خلطوا عملا صٰلحا وءاخر سيئا عسى الله ان يتوب عليهم ان الله غفور رحيم,سورة التوبة,3
9,103,خذ من اموٰلهم صدقة تطهرهم وتزكيهم بها وصل عليهم ان صلوٰتك سكن لهم والله سميع عليم,سورة التوبة,43
9,104,الم يعلموا ان الله هو يقبل التوبة عن عباده وياخذ الصدقٰت وان الله هو التواب الرحيم,سورة التوبة,55
9,105,وقل اعملوا فسيرى الله عملكم ورسوله والمؤمنون وستردون الىٰ عٰلم الغيب والشهٰدة فينبئكم بما كنتم تعملون,سورة التوبة,47
9,106,وءاخرون مرجون لامر الله اما يعذبهم واما يتوب عليهم والله عليم حكيم,سورة التوبة,5
9,107,والذين اتخذوا مسجدا ضرارا وكفرا وتفريقا بين المؤمنين وارصادا لمن حارب الله ورسوله من قبل وليحلفن ان اردنا الا الحسنىٰ والله يشهد انهم لكٰذبون,سورة التوبة,19
9,108,لا تقم فيه ابدا لمسجد اسس على التقوىٰ من اول يوم احق ان تقوم فيه فيه رجال يحبون ان يتطهروا والله يحب المطهرين,سورة التوبة,43
9,109,افمن اسس بنيٰنه علىٰ تقوىٰ من الله ورضوٰن خير ام من اسس بنيٰنه علىٰ شفا جرف هار فانهار به في نار جهنم والله لا يهدي القوم الظٰلمين,سورة التوبة,60
9,110,لا يزال بنيٰنهم الذي بنوا ريبة في قلوبهم الا ان تقطع قلوبهم والله عليم حكيم,سورة التوبة,5
9,111,ان الله اشترىٰ من المؤمنين انفسهم واموٰلهم بان لهم الجنة يقٰتلون في سبيل الله فيقتلون ويقتلون وعدا عليه حقا في التورىٰة والانجيل والقرءان ومن اوفىٰ بعهده من الله فاستبشروا ببيعكم الذي بايعتم به وذٰلك هو الفوز العظيم,سورة التوبة,3
9,112,التٰئبون العٰبدون الحٰمدون السٰئحون الرٰكعون السٰجدون الامرون بالمعروف والناهون عن المنكر والحٰفظون لحدود الله وبشر المؤمنين,سورة التوبة,0
9,113,ما كان للنبي والذين ءامنوا ان يستغفروا للمشركين ولو كانوا اولي قربىٰ من بعد ما تبين لهم انهم اصحٰب الجحيم,سورة التوبة,25
9,114,وما كان استغفار ابرٰهيم لابيه الا عن موعدة وعدها اياه فلما تبين له انه عدو لله تبرا منه ان ابرٰهيم لاوٰه حليم,سورة التوبة,58
9,115,وما كان الله ليضل قوما بعد اذ هدىٰهم حتىٰ يبين لهم ما يتقون ان الله بكل شيء عليم,سورة التوبة,3
9,116,ان الله له ملك السمٰوٰت والارض يحي ويميت وما لكم من دون الله من ولي ولا نصير,سورة التوبة,66
9,117,لقد تاب الله على النبي والمهٰجرين والانصار الذين اتبعوه في ساعة العسرة من بعد ما كاد يزيغ قلوب فريق منهم ثم تاب عليهم انه بهم رءوف رحيم,سورة التوبة,69
9,118,وعلى الثلٰثة الذين خلفوا حتىٰ اذا ضاقت عليهم الارض بما رحبت وضاقت عليهم انفسهم وظنوا ان لا ملجا من الله الا اليه ثم تاب عليهم ليتوبوا ان الله هو التواب الرحيم,سورة التوبة,43
9,119,يٰايها الذين ءامنوا اتقوا الله وكونوا مع الصٰدقين,سورة التوبة,62
9,120,ما كان لاهل المدينة ومن حولهم من الاعراب ان يتخلفوا عن رسول الله ولا يرغبوا بانفسهم عن نفسه ذٰلك بانهم لا يصيبهم ظما ولا نصب ولا مخمصة في سبيل الله ولا يطون موطئا يغيظ الكفار ولا ينالون من عدو نيلا الا كتب لهم به عمل صٰلح ان الله لا يضيع اجر المحسنين,سورة التوبة,44
9,121,ولا ينفقون نفقة صغيرة ولا كبيرة ولا يقطعون واديا الا كتب لهم ليجزيهم الله احسن ما كانوا يعملون,سورة التوبة,44
9,122,وما كان المؤمنون لينفروا كافة فلولا نفر من كل فرقة منهم طائفة ليتفقهوا في الدين ولينذروا قومهم اذا رجعوا اليهم لعلهم يحذرون,سورة التوبة,11
9,123,يٰايها الذين ءامنوا قٰتلوا الذين يلونكم من الكفار وليجدوا فيكم غلظة واعلموا ان الله مع المتقين,سورة التوبة,62
9,124,واذا ما انزلت سورة فمنهم من يقول ايكم زادته هٰذه ايمٰنا فاما الذين ءامنوا فزادتهم ايمٰنا وهم يستبشرون,سورة التوبة,54
9,125,واما الذين في قلوبهم مرض فزادتهم رجسا الىٰ رجسهم وماتوا وهم كٰفرون,سورة التوبة,43
9,126,اولا يرون انهم يفتنون في كل عام مرة او مرتين ثم لا يتوبون ولا هم يذكرون,سورة التوبة,25
9,127,واذا ما انزلت سورة نظر بعضهم الىٰ بعض هل يرىٰكم من احد ثم انصرفوا صرف الله قلوبهم بانهم قوم لا يفقهون,سورة التوبة,67
9,128,لقد جاءكم رسول من انفسكم عزيز عليه ما عنتم حريص عليكم بالمؤمنين رءوف رحيم,سورة التوبة,59
9,129,فان تولوا فقل حسبي الله لا الٰه الا هو عليه توكلت وهو رب العرش العظيم,سورة التوبة,49
10,0,سورة يونس,سورة يونس,6
10,0,بسم الله الرحمٰن الرحيم,سورة يونس,10
10,1,الر تلك ءايٰت الكتٰب الحكيم,سورة يونس,61
10,2,اكان للناس عجبا ان اوحينا الىٰ رجل منهم ان انذر الناس وبشر الذين ءامنوا ان لهم قدم صدق عند ربهم قال الكٰفرون ان هٰذا لسٰحر مبين,سورة يونس,20
10,3,ان ربكم الله الذي خلق السمٰوٰت والارض في ستة ايام ثم استوىٰ على العرش يدبر الامر ما من شفيع الا من بعد اذنه ذٰلكم الله ربكم فاعبدوه افلا تذكرون,سورة يونس,50
10,4,اليه مرجعكم جميعا وعد الله حقا انه يبدؤا الخلق ثم يعيده ليجزي الذين ءامنوا وعملوا الصٰلحٰت بالقسط والذين كفروا لهم شراب من حميم وعذاب اليم بما كانوا يكفرون,سورة يونس,2
10,5,هو الذي جعل الشمس ضياء والقمر نورا وقدره منازل لتعلموا عدد السنين والحساب ما خلق الله ذٰلك الا بالحق يفصل الايٰت لقوم يعلمون,سورة يونس,21
10,6,ان في اختلٰف اليل والنهار وما خلق الله في السمٰوٰت والارض لايٰت لقوم يتقون,سورة يونس,66
10,7,ان الذين لا يرجون لقاءنا ورضوا بالحيوٰة الدنيا واطمانوا بها والذين هم عن ءايٰتنا غٰفلون,سورة يونس,28
10,8,اولٰئك ماوىٰهم النار بما كانوا يكسبون,سورة يونس,63
10,9,ان الذين ءامنوا وعملوا الصٰلحٰت يهديهم ربهم بايمٰنهم تجري من تحتهم الانهٰر في جنٰت النعيم,سورة يونس,2
10,10,دعوىٰهم فيها سبحٰنك اللهم وتحيتهم فيها سلٰم وءاخر دعوىٰهم ان الحمد لله رب العٰلمين,سورة يونس,16
10,11,ولو يعجل الله للناس الشر استعجالهم بالخير لقضي اليهم اجلهم فنذر الذين لا يرجون لقاءنا في طغيٰنهم يعمهون,سورة يونس,43
10,12,واذا مس الانسٰن الضر دعانا لجنبه او قاعدا او قائما فلما كشفنا عنه ضره مر كان لم يدعنا الىٰ ضر مسه كذٰلك زين للمسرفين ما كانوا يعملون,سورة يونس,30
10,13,ولقد اهلكنا القرون من قبلكم لما ظلموا وجاءتهم رسلهم بالبينٰت وما كانوا ليؤمنوا كذٰلك نجزي القوم المجرمين,سورة يونس,21
10,14,ثم جعلنٰكم خلٰئف في الارض من بعدهم لننظر كيف تعملون,سورة يونس,45
10,15,واذا تتلىٰ عليهم ءاياتنا بينٰت قال الذين لا يرجون لقاءنا ائت بقرءان غير هٰذا او بدله قل ما يكون لي ان ابدله من تلقاي نفسي ان اتبع الا ما يوحىٰ الي اني اخاف ان عصيت ربي عذاب يوم عظيم,سورة يونس,12
10,16,قل لو شاء الله ما تلوته عليكم ولا ادرىٰكم به فقد لبثت فيكم عمرا من قبله افلا تعقلون,سورة يونس,45
10,17,فمن اظلم ممن افترىٰ على الله كذبا او كذب بايٰته انه لا يفلح المجرمون,سورة يونس,53
10,18,ويعبدون من دون الله ما لا يضرهم ولا ينفعهم ويقولون هٰؤلاء شفعٰؤنا عند الله قل اتنبون الله بما لا يعلم في السمٰوٰت ولا في الارض سبحٰنه وتعٰلىٰ عما يشركون,سورة يونس,8
10,19,وما كان الناس الا امة وٰحدة فاختلفوا ولولا كلمة سبقت من ربك لقضي بينهم فيما فيه يختلفون,سورة يونس,39
10,20,ويقولون لولا انزل عليه ءاية من ربه فقل انما الغيب لله فانتظروا اني معكم من المنتظرين,سورة يونس,59
10,21,واذا اذقنا الناس رحمة من بعد ضراء مستهم اذا لهم مكر في ءاياتنا قل الله اسرع مكرا ان رسلنا يكتبون ما تمكرون,سورة يونس,11
10,22,هو الذي يسيركم في البر والبحر حتىٰ اذا كنتم في الفلك وجرين بهم بريح طيبة وفرحوا بها جاءتها ريح عاصف وجاءهم الموج من كل مكان وظنوا انهم احيط بهم دعوا الله مخلصين له الدين لئن انجيتنا من هٰذه لنكونن من الشٰكرين,سورة يونس,59
10,23,فلما انجىٰهم اذا هم يبغون في الارض بغير الحق يٰايها الناس انما بغيكم علىٰ انفسكم متٰع الحيوٰة الدنيا ثم الينا مرجعكم فننبئكم بما كنتم تعملون,سورة يونس,9
10,24,انما مثل الحيوٰة الدنيا كماء انزلنٰه من السماء فاختلط به نبات الارض مما ياكل الناس والانعٰم حتىٰ اذا اخذت الارض زخرفها وازينت وظن اهلها انهم قٰدرون عليها اتىٰها امرنا ليلا او نهارا فجعلنٰها حصيدا كان لم تغن بالامس كذٰلك نفصل الايٰت لقوم يتفكرون,سورة يونس,23
10,25,والله يدعوا الىٰ دار السلٰم ويهدي من يشاء الىٰ صرٰط مستقيم,سورة يونس,59
10,26,للذين احسنوا الحسنىٰ وزيادة ولا يرهق وجوههم قتر ولا ذلة اولٰئك اصحٰب الجنة هم فيها خٰلدون,سورة يونس,63
10,27,والذين كسبوا السيات جزاء سيئة بمثلها وترهقهم ذلة ما لهم من الله من عاصم كانما اغشيت وجوههم قطعا من اليل مظلما اولٰئك اصحٰب النار هم فيها خٰلدون,سورة يونس,63
10,28,ويوم نحشرهم جميعا ثم نقول للذين اشركوا مكانكم انتم وشركاؤكم فزيلنا بينهم وقال شركاؤهم ما كنتم ايانا تعبدون,سورة يونس,69
10,29,فكفىٰ بالله شهيدا بيننا وبينكم ان كنا عن عبادتكم لغٰفلين,سورة يونس,0
10,30,هنالك تبلوا كل نفس ما اسلفت وردوا الى الله مولىٰهم الحق وضل عنهم ما كانوا يفترون,سورة يونس,27
10,31,قل من يرزقكم من السماء والارض امن يملك السمع والابصٰر ومن يخرج الحي من الميت ويخرج الميت من الحي ومن يدبر الامر فسيقولون الله فقل افلا تتقون,سورة يونس,59
10,32,فذٰلكم الله ربكم الحق فماذا بعد الحق الا الضلٰل فانىٰ تصرفون,سورة يونس,50
10,33,كذٰلك حقت كلمت ربك على الذين فسقوا انهم لا يؤمنون,سورة يونس,25
10,34,قل هل من شركائكم من يبدؤا الخلق ثم يعيده قل الله يبدؤا الخلق ثم يعيده فانىٰ تؤفكون,سورة يونس,69
10,35,قل هل من شركائكم من يهدي الى الحق قل الله يهدي للحق افمن يهدي الى الحق احق ان يتبع امن لا يهدي الا ان يهدىٰ فما لكم كيف تحكمون,سورة يونس,17
10,36,وما يتبع اكثرهم الا ظنا ان الظن لا يغني من الحق شيا ان الله عليم بما يفعلون,سورة يونس,31
10,37,وما كان هٰذا القرءان ان يفترىٰ من دون الله ولٰكن تصديق الذي بين يديه وتفصيل الكتٰب لا ريب فيه من رب العٰلمين,سورة يونس,16
10,38,ام يقولون افترىٰه قل فاتوا بسورة مثله وادعوا من استطعتم من دون الله ان كنتم صٰدقين,سورة يونس,1
10,39,بل كذبوا بما لم يحيطوا بعلمه ولما ياتهم تاويله كذٰلك كذب الذين من قبلهم فانظر كيف كان عٰقبة الظٰلمين,سورة يونس,51
10,40,ومنهم من يؤمن به ومنهم من لا يؤمن به وربك اعلم بالمفسدين,سورة يونس,41
10,41,وان كذبوك فقل لي عملي ولكم عملكم انتم بريون مما اعمل وانا بريء مما تعملون,سورة يونس,0
10,42,ومنهم من يستمعون اليك افانت تسمع الصم ولو كانوا لا يعقلون,سورة يونس,18
10,43,ومنهم من ينظر اليك افانت تهدي العمي ولو كانوا لا يبصرون,سورة يونس,18
10,44,ان الله لا يظلم الناس شيا ولٰكن الناس انفسهم يظلمون,سورة يونس,46
10,45,ويوم يحشرهم كان لم يلبثوا الا ساعة من النهار يتعارفون بينهم قد خسر الذين كذبوا بلقاء الله وما كانوا مهتدين,سورة يونس,27
10,46,واما نرينك بعض الذي نعدهم او نتوفينك فالينا مرجعهم ثم الله شهيد علىٰ ما يفعلون,سورة يونس,30
10,47,ولكل امة رسول فاذا جاء رسولهم قضي بينهم بالقسط وهم لا يظلمون,سورة يونس,48
10,48,ويقولون متىٰ هٰذا الوعد ان كنتم صٰدقين,سورة يونس,1
10,49,قل لا املك لنفسي ضرا ولا نفعا الا ما شاء الله لكل امة اجل اذا جاء اجلهم فلا يستخرون ساعة ولا يستقدمون,سورة يونس,44
10,50,قل ارءيتم ان اتىٰكم عذابه بيٰتا او نهارا ماذا يستعجل منه المجرمون,سورة يونس,45
10,51,اثم اذا ما وقع ءامنتم به ءالٰن وقد كنتم به تستعجلون,سورة يونس,41
10,52,ثم قيل للذين ظلموا ذوقوا عذاب الخلد هل تجزون الا بما كنتم تكسبون,سورة يونس,69
10,53,ويستنبونك احق هو قل اي وربي انه لحق وما انتم بمعجزين,سورة يونس,36
10,54,ولو ان لكل نفس ظلمت ما في الارض لافتدت به واسروا الندامة لما راوا العذاب وقضي بينهم بالقسط وهم لا يظلمون,سورة يونس,18
10,55,الا ان لله ما في السمٰوٰت والارض الا ان وعد الله حق ولٰكن اكثرهم لا يعلمون,سورة يونس,46
10,56,هو يحي ويميت واليه ترجعون,سورة يونس,0
10,57,يٰايها الناس قد جاءتكم موعظة من ربكم وشفاء لما في الصدور وهدى ورحمة للمؤمنين,سورة يونس,50
10,58,قل بفضل الله وبرحمته فبذٰلك فليفرحوا هو خير مما يجمعون,سورة يونس,17
10,59,قل ارءيتم ما انزل الله لكم من رزق فجعلتم منه حراما وحلٰلا قل ءالله اذن لكم ام على الله تفترون,سورة يونس,17
10,60,وما ظن الذين يفترون على الله الكذب يوم القيٰمة ان الله لذو فضل على الناس ولٰكن اكثرهم لا يشكرون,سورة يونس,46
10,61,وما تكون في شان وما تتلوا منه من قرءان ولا تعملون من عمل الا كنا عليكم شهودا اذ تفيضون فيه وما يعزب عن ربك من مثقال ذرة في الارض ولا في السماء ولا اصغر من ذٰلك ولا اكبر الا في كتٰب مبين,سورة يونس,8
10,62,الا ان اولياء الله لا خوف عليهم ولا هم يحزنون,سورة يونس,44
10,63,الذين ءامنوا وكانوا يتقون,سورة يونس,62
10,64,لهم البشرىٰ في الحيوٰة الدنيا وفي الاخرة لا تبديل لكلمٰت الله ذٰلك هو الفوز العظيم,سورة يونس,21
10,65,ولا يحزنك قولهم ان العزة لله جميعا هو السميع العليم,سورة يونس,44
10,66,الا ان لله من في السمٰوٰت ومن في الارض وما يتبع الذين يدعون من دون الله شركاء ان يتبعون الا الظن وان هم الا يخرصون,سورة يونس,31
10,67,هو الذي جعل لكم اليل لتسكنوا فيه والنهار مبصرا ان في ذٰلك لايٰت لقوم يسمعون,سورة يونس,21
10,68,قالوا اتخذ الله ولدا سبحٰنه هو الغني له ما في السمٰوٰت وما في الارض ان عندكم من سلطٰن بهٰذا اتقولون على الله ما لا تعلمون,سورة يونس,8
10,69,قل ان الذين يفترون على الله الكذب لا يفلحون,سورة يونس,43
10,70,متٰع في الدنيا ثم الينا مرجعهم ثم نذيقهم العذاب الشديد بما كانوا يكفرون,سورة يونس,69
10,71,واتل عليهم نبا نوح اذ قال لقومه يٰقوم ان كان كبر عليكم مقامي وتذكيري بايٰت الله فعلى الله توكلت فاجمعوا امركم وشركاءكم ثم لا يكن امركم عليكم غمة ثم اقضوا الي ولا تنظرون,سورة يونس,69
10,72,فان توليتم فما سالتكم من اجر ان اجري الا على الله وامرت ان اكون من المسلمين,سورة يونس,31
10,73,فكذبوه فنجينٰه ومن معه في الفلك وجعلنٰهم خلٰئف واغرقنا الذين كذبوا بايٰتنا فانظر كيف كان عٰقبة المنذرين,سورة يونس,51
10,74,ثم بعثنا من بعده رسلا الىٰ قومهم فجاءوهم بالبينٰت فما كانوا ليؤمنوا بما كذبوا به من قبل كذٰلك نطبع علىٰ قلوب المعتدين,سورة يونس,41
10,75,ثم بعثنا من بعدهم موسىٰ وهٰرون الىٰ فرعون وملايه بايٰتنا فاستكبروا وكانوا قوما مجرمين,سورة يونس,42
10,76,فلما جاءهم الحق من عندنا قالوا ان هٰذا لسحر مبين,سورة يونس,20
10,77,قال موسىٰ اتقولون للحق لما جاءكم اسحر هٰذا ولا يفلح السٰحرون,سورة يونس,26
10,78,قالوا اجئتنا لتلفتنا عما وجدنا عليه ءاباءنا وتكون لكما الكبرياء في الارض وما نحن لكما بمؤمنين,سورة يونس,8
10,79,وقال فرعون ائتوني بكل سٰحر عليم,سورة يونس,42
10,80,فلما جاء السحرة قال لهم موسىٰ القوا ما انتم ملقون,سورة يونس,26
10,81,فلما القوا قال موسىٰ ما جئتم به السحر ان الله سيبطله ان الله لا يصلح عمل المفسدين,سورة يونس,41
10,82,ويحق الله الحق بكلمٰته ولو كره المجرمون,سورة يونس,18
10,83,فما ءامن لموسىٰ الا ذرية من قومه علىٰ خوف من فرعون وملايهم ان يفتنهم وان فرعون لعال في الارض وانه لمن المسرفين,سورة يونس,42
10,84,وقال موسىٰ يٰقوم ان كنتم ءامنتم بالله فعليه توكلوا ان كنتم مسلمين,سورة يونس,1
10,85,فقالوا على الله توكلنا ربنا لا تجعلنا فتنة للقوم الظٰلمين,سورة يونس,43
10,86,ونجنا برحمتك من القوم الكٰفرين,سورة يونس,7
10,87,واوحينا الىٰ موسىٰ واخيه ان تبوءا لقومكما بمصر بيوتا واجعلوا بيوتكم قبلة واقيموا الصلوٰة وبشر المؤمنين,سورة يونس,48
10,88,وقال موسىٰ ربنا انك ءاتيت فرعون وملاه زينة واموٰلا في الحيوٰة الدنيا ربنا ليضلوا عن سبيلك ربنا اطمس علىٰ اموٰلهم واشدد علىٰ قلوبهم فلا يؤمنوا حتىٰ يروا العذاب الاليم,سورة يونس,18
10,89,قال قد اجيبت دعوتكما فاستقيما ولا تتبعان سبيل الذين لا يعلمون,سورة يونس,44
10,90,وجٰوزنا ببني اسرٰءيل البحر فاتبعهم فرعون وجنوده بغيا وعدوا حتىٰ اذا ادركه الغرق قال ءامنت انه لا الٰه الا الذي ءامنت به بنوا اسرٰءيل وانا من المسلمين,سورة يونس,41
10,91,ءالٰن وقد عصيت قبل وكنت من المفسدين,سورة يونس,59
10,92,فاليوم ننجيك ببدنك لتكون لمن خلفك ءاية وان كثيرا من الناس عن ءايٰتنا لغٰفلون,سورة يونس,28
10,93,ولقد بوانا بني اسرٰءيل مبوا صدق ورزقنٰهم من الطيبٰت فما اختلفوا حتىٰ جاءهم العلم ان ربك يقضي بينهم يوم القيٰمة فيما كانوا فيه يختلفون,سورة يونس,40
10,94,فان كنت في شك مما انزلنا اليك فسل الذين يقرءون الكتٰب من قبلك لقد جاءك الحق من ربك فلا تكونن من الممترين,سورة يونس,59
10,95,ولا تكونن من الذين كذبوا بايٰت الله فتكون من الخٰسرين,سورة يونس,28
10,96,ان الذين حقت عليهم كلمت ربك لا يؤمنون,سورة يونس,43
10,97,ولو جاءتهم كل ءاية حتىٰ يروا العذاب الاليم,سورة يونس,18
10,98,فلولا كانت قرية ءامنت فنفعها ايمٰنها الا قوم يونس لما ءامنوا كشفنا عنهم عذاب الخزي في الحيوٰة الدنيا ومتعنٰهم الىٰ حين,سورة يونس,24
10,99,ولو شاء ربك لامن من في الارض كلهم جميعا افانت تكره الناس حتىٰ يكونوا مؤمنين,سورة يونس,18
10,100,وما كان لنفس ان تؤمن الا باذن الله ويجعل الرجس على الذين لا يعقلون,سورة يونس,31
10,101,قل انظروا ماذا في السمٰوٰت والارض وما تغني الايٰت والنذر عن قوم لا يؤمنون,سورة يونس,66
10,102,فهل ينتظرون الا مثل ايام الذين خلوا من قبلهم قل فانتظروا اني معكم من المنتظرين,سورة يونس,59
10,103,ثم ننجي رسلنا والذين ءامنوا كذٰلك حقا علينا ننج المؤمنين,سورة يونس,69
10,104,قل يٰايها الناس ان كنتم في شك من ديني فلا اعبد الذين تعبدون من دون الله ولٰكن اعبد الله الذي يتوفىٰكم وامرت ان اكون من المؤمنين,سورة يونس,46
10,105,وان اقم وجهك للدين حنيفا ولا تكونن من المشركين,سورة يونس,68
10,106,ولا تدع من دون الله ما لا ينفعك ولا يضرك فان فعلت فانك اذا من الظٰلمين,سورة يونس,44
10,107,وان يمسسك الله بضر فلا كاشف له الا هو وان يردك بخير فلا راد لفضله يصيب به من يشاء من عباده وهو الغفور الرحيم,سورة يونس,14
10,108,قل يٰايها الناس قد جاءكم الحق من ربكم فمن اهتدىٰ فانما يهتدي لنفسه ومن ضل فانما يضل عليها وما انا عليكم بوكيل,سورة يونس,50
10,109,واتبع ما يوحىٰ اليك واصبر حتىٰ يحكم الله وهو خير الحٰكمين,سورة يونس,49
11,0,سورة هود,سورة هود,6
11,0,بسم الله الرحمٰن الرحيم,سورة هود,10
11,1,الر كتٰب احكمت ءايٰته ثم فصلت من لدن حكيم خبير,سورة هود,69
11,2,الا تعبدوا الا الله انني لكم منه نذير وبشير,سورة هود,31
11,3,وان استغفروا ربكم ثم توبوا اليه يمتعكم متٰعا حسنا الىٰ اجل مسمى ويؤت كل ذي فضل فضله وان تولوا فاني اخاف عليكم عذاب يوم كبير,سورة هود,69
11,4,الى الله مرجعكم وهو علىٰ كل شيء قدير,سورة هود,49
11,5,الا انهم يثنون صدورهم ليستخفوا منه الا حين يستغشون ثيابهم يعلم ما يسرون وما يعلنون انه عليم بذات الصدور,سورة هود,31
11,6,وما من دابة في الارض الا على الله رزقها ويعلم مستقرها ومستودعها كل في كتٰب مبين,سورة هود,8
11,7,وهو الذي خلق السمٰوٰت والارض في ستة ايام وكان عرشه على الماء ليبلوكم ايكم احسن عملا ولئن قلت انكم مبعوثون من بعد الموت ليقولن الذين كفروا ان هٰذا الا سحر مبين,سورة هود,66
11,8,ولئن اخرنا عنهم العذاب الىٰ امة معدودة ليقولن ما يحبسه الا يوم ياتيهم ليس مصروفا عنهم وحاق بهم ما كانوا به يستهزءون,سورة هود,41
11,9,ولئن اذقنا الانسٰن منا رحمة ثم نزعنٰها منه انه ليوس كفور,سورة هود,23
11,10,ولئن اذقنٰه نعماء بعد ضراء مسته ليقولن ذهب السيات عني انه لفرح فخور,سورة هود,36
11,11,الا الذين صبروا وعملوا الصٰلحٰت اولٰئك لهم مغفرة واجر كبير,سورة هود,2
11,12,فلعلك تارك بعض ما يوحىٰ اليك وضائق به صدرك ان يقولوا لولا انزل عليه كنز او جاء معه ملك انما انت نذير والله علىٰ كل شيء وكيل,سورة هود,41
11,13,ام يقولون افترىٰه قل فاتوا بعشر سور مثله مفتريٰت وادعوا من استطعتم من دون الله ان كنتم صٰدقين,سورة هود,1
11,14,فالم يستجيبوا لكم فاعلموا انما انزل بعلم الله وان لا الٰه الا هو فهل انتم مسلمون,سورة هود,17
11,15,من كان يريد الحيوٰة الدنيا وزينتها نوف اليهم اعمٰلهم فيها وهم فيها لا يبخسون,سورة هود,38
11,16,اولٰئك الذين ليس لهم في الاخرة الا النار وحبط ما صنعوا فيها وبٰطل ما كانوا يعملون,سورة هود,63
11,17,افمن كان علىٰ بينة من ربه ويتلوه شاهد منه ومن قبله كتٰب موسىٰ اماما ورحمة اولٰئك يؤمنون به ومن يكفر به من الاحزاب فالنار موعده فلا تك في مرية منه انه الحق من ربك ولٰكن اكثر الناس لا يؤمنون,سورة هود,46
11,18,ومن اظلم ممن افترىٰ على الله كذبا اولٰئك يعرضون علىٰ ربهم ويقول الاشهٰد هٰؤلاء الذين كذبوا علىٰ ربهم الا لعنة الله على الظٰلمين,سورة هود,53
11,19,الذين يصدون عن سبيل الله ويبغونها عوجا وهم بالاخرة هم كٰفرون,سورة هود,43
11,20,اولٰئك لم يكونوا معجزين في الارض وما كان لهم من دون الله من اولياء يضٰعف لهم العذاب ما كانوا يستطيعون السمع وما كانوا يبصرون,سورة هود,63
11,21,اولٰئك الذين خسروا انفسهم وضل عنهم ما كانوا يفترون,سورة هود,63
11,22,لا جرم انهم في الاخرة هم الاخسرون,سورة هود,25
11,23,ان الذين ءامنوا وعملوا الصٰلحٰت واخبتوا الىٰ ربهم اولٰئك اصحٰب الجنة هم فيها خٰلدون,سورة هود,2
11,24,مثل الفريقين كالاعمىٰ والاصم والبصير والسميع هل يستويان مثلا افلا تذكرون,سورة هود,50
11,25,ولقد ارسلنا نوحا الىٰ قومه اني لكم نذير مبين,سورة هود,12
11,26,ان لا تعبدوا الا الله اني اخاف عليكم عذاب يوم اليم,سورة هود,12
11,27,فقال الملا الذين كفروا من قومه ما نرىٰك الا بشرا مثلنا وما نرىٰك اتبعك الا الذين هم اراذلنا بادي الراي وما نرىٰ لكم علينا من فضل بل نظنكم كٰذبين,سورة هود,31
11,28,قال يٰقوم ارءيتم ان كنت علىٰ بينة من ربي وءاتىٰني رحمة من عنده فعميت عليكم انلزمكموها وانتم لها كٰرهون,سورة هود,39
11,29,ويٰقوم لا اسلكم عليه مالا ان اجري الا على الله وما انا بطارد الذين ءامنوا انهم ملٰقوا ربهم ولٰكني ارىٰكم قوما تجهلون,سورة هود,25
11,30,ويٰقوم من ينصرني من الله ان طردتهم افلا تذكرون,سورة هود,50
11,31,ولا اقول لكم عندي خزائن الله ولا اعلم الغيب ولا اقول اني ملك ولا اقول للذين تزدري اعينكم لن يؤتيهم الله خيرا الله اعلم بما في انفسهم اني اذا لمن الظٰلمين,سورة هود,44
11,32,قالوا يٰنوح قد جٰدلتنا فاكثرت جدٰلنا فاتنا بما تعدنا ان كنت من الصٰدقين,سورة هود,27
11,33,قال انما ياتيكم به الله ان شاء وما انتم بمعجزين,سورة هود,19
11,34,ولا ينفعكم نصحي ان اردت ان انصح لكم ان كان الله يريد ان يغويكم هو ربكم واليه ترجعون,سورة هود,17
11,35,ام يقولون افترىٰه قل ان افتريته فعلي اجرامي وانا بريء مما تجرمون,سورة هود,60
11,36,واوحي الىٰ نوح انه لن يؤمن من قومك الا من قد ءامن فلا تبتئس بما كانوا يفعلون,سورة هود,27
11,37,واصنع الفلك باعيننا ووحينا ولا تخٰطبني في الذين ظلموا انهم مغرقون,سورة هود,25
11,38,ويصنع الفلك وكلما مر عليه ملا من قومه سخروا منه قال ان تسخروا منا فانا نسخر منكم كما تسخرون,سورة هود,19
11,39,فسوف تعلمون من ياتيه عذاب يخزيه ويحل عليه عذاب مقيم,سورة هود,43
11,40,حتىٰ اذا جاء امرنا وفار التنور قلنا احمل فيها من كل زوجين اثنين واهلك الا من سبق عليه القول ومن ءامن وما ءامن معه الا قليل,سورة هود,31
11,41,وقال اركبوا فيها بسم الله مجرىٰها ومرسىٰها ان ربي لغفور رحيم,سورة هود,23
11,42,وهي تجري بهم في موج كالجبال ونادىٰ نوح ابنه وكان في معزل يٰبني اركب معنا ولا تكن مع الكٰفرين,سورة هود,7
11,43,قال ساوي الىٰ جبل يعصمني من الماء قال لا عاصم اليوم من امر الله الا من رحم وحال بينهما الموج فكان من المغرقين,سورة هود,59
11,44,وقيل يٰارض ابلعي ماءك ويٰسماء اقلعي وغيض الماء وقضي الامر واستوت على الجودي وقيل بعدا للقوم الظٰلمين,سورة هود,0
11,45,ونادىٰ نوح ربه فقال رب ان ابني من اهلي وان وعدك الحق وانت احكم الحٰكمين,سورة هود,59
11,46,قال يٰنوح انه ليس من اهلك انه عمل غير صٰلح فلا تسلن ما ليس لك به علم اني اعظك ان تكون من الجٰهلين,سورة هود,15
11,47,قال رب اني اعوذ بك ان اسلك ما ليس لي به علم والا تغفر لي وترحمني اكن من الخٰسرين,سورة هود,15
11,48,قيل يٰنوح اهبط بسلٰم منا وبركٰت عليك وعلىٰ امم ممن معك وامم سنمتعهم ثم يمسهم منا عذاب اليم,سورة هود,0
11,49,تلك من انباء الغيب نوحيها اليك ما كنت تعلمها انت ولا قومك من قبل هٰذا فاصبر ان العٰقبة للمتقين,سورة هود,20
11,50,والىٰ عاد اخاهم هودا قال يٰقوم اعبدوا الله ما لكم من الٰه غيره ان انتم الا مفترون,سورة هود,50
11,51,يٰقوم لا اسلكم عليه اجرا ان اجري الا على الذي فطرني افلا تعقلون,سورة هود,50
11,52,ويٰقوم استغفروا ربكم ثم توبوا اليه يرسل السماء عليكم مدرارا ويزدكم قوة الىٰ قوتكم ولا تتولوا مجرمين,سورة هود,69
11,53,قالوا يٰهود ما جئتنا ببينة وما نحن بتاركي ءالهتنا عن قولك وما نحن لك بمؤمنين,سورة هود,29
11,54,ان نقول الا اعترىٰك بعض ءالهتنا بسوء قال اني اشهد الله واشهدوا اني بريء مما تشركون,سورة هود,12
11,55,من دونه فكيدوني جميعا ثم لا تنظرون,سورة هود,69
11,56,اني توكلت على الله ربي وربكم ما من دابة الا هو ءاخذ بناصيتها ان ربي علىٰ صرٰط مستقيم,سورة هود,67
11,57,فان تولوا فقد ابلغتكم ما ارسلت به اليكم ويستخلف ربي قوما غيركم ولا تضرونه شيا ان ربي علىٰ كل شيء حفيظ,سورة هود,41
11,58,ولما جاء امرنا نجينا هودا والذين ءامنوا معه برحمة منا ونجينٰهم من عذاب غليظ,سورة هود,9
11,59,وتلك عاد جحدوا بايٰت ربهم وعصوا رسله واتبعوا امر كل جبار عنيد,سورة هود,0
11,60,واتبعوا في هٰذه الدنيا لعنة ويوم القيٰمة الا ان عادا كفروا ربهم الا بعدا لعاد قوم هود,سورة هود,40
11,61,والىٰ ثمود اخاهم صٰلحا قال يٰقوم اعبدوا الله ما لكم من الٰه غيره هو انشاكم من الارض واستعمركم فيها فاستغفروه ثم توبوا اليه ان ربي قريب مجيب,سورة هود,50
11,62,قالوا يٰصٰلح قد كنت فينا مرجوا قبل هٰذا اتنهىٰنا ان نعبد ما يعبد ءاباؤنا واننا لفي شك مما تدعونا اليه مريب,سورة هود,20
11,63,قال يٰقوم ارءيتم ان كنت علىٰ بينة من ربي وءاتىٰني منه رحمة فمن ينصرني من الله ان عصيته فما تزيدونني غير تخسير,سورة هود,53
11,64,ويٰقوم هٰذه ناقة الله لكم ءاية فذروها تاكل في ارض الله ولا تمسوها بسوء فياخذكم عذاب قريب,سورة هود,44
11,65,فعقروها فقال تمتعوا في داركم ثلٰثة ايام ذٰلك وعد غير مكذوب,سورة هود,21
11,66,فلما جاء امرنا نجينا صٰلحا والذين ءامنوا معه برحمة منا ومن خزي يومئذ ان ربك هو القوي العزيز,سورة هود,4
11,67,واخذ الذين ظلموا الصيحة فاصبحوا في ديٰرهم جٰثمين,سورة هود,0
11,68,كان لم يغنوا فيها الا ان ثمودا كفروا ربهم الا بعدا لثمود,سورة هود,31
11,69,ولقد جاءت رسلنا ابرٰهيم بالبشرىٰ قالوا سلٰما قال سلٰم فما لبث ان جاء بعجل حنيذ,سورة هود,58
11,70,فلما رءا ايديهم لا تصل اليه نكرهم واوجس منهم خيفة قالوا لا تخف انا ارسلنا الىٰ قوم لوط,سورة هود,37
11,71,وامراته قائمة فضحكت فبشرنٰها باسحٰق ومن وراء اسحٰق يعقوب,سورة هود,23
11,72,قالت يٰويلتىٰ ءالد وانا عجوز وهٰذا بعلي شيخا ان هٰذا لشيء عجيب,سورة هود,20
11,73,قالوا اتعجبين من امر الله رحمت الله وبركٰته عليكم اهل البيت انه حميد مجيد,سورة هود,3
11,74,فلما ذهب عن ابرٰهيم الروع وجاءته البشرىٰ يجٰدلنا في قوم لوط,سورة هود,58
11,75,ان ابرٰهيم لحليم اوٰه منيب,سورة هود,58
11,76,يٰابرٰهيم اعرض عن هٰذا انه قد جاء امر ربك وانهم ءاتيهم عذاب غير مردود,سورة هود,58
11,77,ولما جاءت رسلنا لوطا سيء بهم وضاق بهم ذرعا وقال هٰذا يوم عصيب,سورة هود,56
11,78,وجاءه قومه يهرعون اليه ومن قبل كانوا يعملون السيات قال يٰقوم هٰؤلاء بناتي هن اطهر لكم فاتقوا الله ولا تخزون في ضيفي اليس منكم رجل رشيد,سورة هود,3
11,79,قالوا لقد علمت ما لنا في بناتك من حق وانك لتعلم ما نريد,سورة هود,59
11,80,قال لو ان لي بكم قوة او ءاوي الىٰ ركن شديد,سورة هود,30
11,81,قالوا يٰلوط انا رسل ربك لن يصلوا اليك فاسر باهلك بقطع من اليل ولا يلتفت منكم احد الا امراتك انه مصيبها ما اصابهم ان موعدهم الصبح اليس الصبح بقريب,سورة هود,37
11,82,فلما جاء امرنا جعلنا عٰليها سافلها وامطرنا عليها حجارة من سجيل منضود,سورة هود,59
11,83,مسومة عند ربك وما هي من الظٰلمين ببعيد,سورة هود,4
11,84,والىٰ مدين اخاهم شعيبا قال يٰقوم اعبدوا الله ما لكم من الٰه غيره ولا تنقصوا المكيال والميزان اني ارىٰكم بخير واني اخاف عليكم عذاب يوم محيط,سورة هود,12
11,85,ويٰقوم اوفوا المكيال والميزان بالقسط ولا تبخسوا الناس اشياءهم ولا تعثوا في الارض مفسدين,سورة هود,44
11,86,بقيت الله خير لكم ان كنتم مؤمنين وما انا عليكم بحفيظ,سورة هود,17
11,87,قالوا يٰشعيب اصلوٰتك تامرك ان نترك ما يعبد ءاباؤنا او ان نفعل في اموٰلنا ما نشٰؤا انك لانت الحليم الرشيد,سورة هود,0
11,88,قال يٰقوم ارءيتم ان كنت علىٰ بينة من ربي ورزقني منه رزقا حسنا وما اريد ان اخالفكم الىٰ ما انهىٰكم عنه ان اريد الا الاصلٰح ما استطعت وما توفيقي الا بالله عليه توكلت واليه انيب,سورة هود,31
11,89,ويٰقوم لا يجرمنكم شقاقي ان يصيبكم مثل ما اصاب قوم نوح او قوم هود او قوم صٰلح وما قوم لوط منكم ببعيد,سورة هود,30
11,90,واستغفروا ربكم ثم توبوا اليه ان ربي رحيم ودود,سورة هود,69
11,91,قالوا يٰشعيب ما نفقه كثيرا مما تقول وانا لنرىٰك فينا ضعيفا ولولا رهطك لرجمنٰك وما انت علينا بعزيز,سورة هود,29
11,92,قال يٰقوم ارهطي اعز عليكم من الله واتخذتموه وراءكم ظهريا ان ربي بما تعملون محيط,سورة هود,26
11,93,ويٰقوم اعملوا علىٰ مكانتكم اني عٰمل سوف تعلمون من ياتيه عذاب يخزيه ومن هو كٰذب وارتقبوا اني معكم رقيب,سورة هود,12
11,94,ولما جاء امرنا نجينا شعيبا والذين ءامنوا معه برحمة منا واخذت الذين ظلموا الصيحة فاصبحوا في ديٰرهم جٰثمين,سورة هود,62
11,95,كان لم يغنوا فيها الا بعدا لمدين كما بعدت ثمود,سورة هود,38
11,96,ولقد ارسلنا موسىٰ بايٰتنا وسلطٰن مبين,سورة هود,28
11,97,الىٰ فرعون وملايه فاتبعوا امر فرعون وما امر فرعون برشيد,سورة هود,42
11,98,يقدم قومه يوم القيٰمة فاوردهم النار وبئس الورد المورود,سورة هود,40
11,99,واتبعوا في هٰذه لعنة ويوم القيٰمة بئس الرفد المرفود,سورة هود,40
11,100,ذٰلك من انباء القرىٰ نقصه عليك منها قائم وحصيد,سورة هود,64
11,101,وما ظلمنٰهم ولٰكن ظلموا انفسهم فما اغنت عنهم ءالهتهم التي يدعون من دون الله من شيء لما جاء امر ربك وما زادوهم غير تتبيب,سورة هود,46
11,102,وكذٰلك اخذ ربك اذا اخذ القرىٰ وهي ظٰلمة ان اخذه اليم شديد,سورة هود,11
11,103,ان في ذٰلك لاية لمن خاف عذاب الاخرة ذٰلك يوم مجموع له الناس وذٰلك يوم مشهود,سورة هود,56
11,104,وما نؤخره الا لاجل معدود,سورة هود,31
11,105,يوم يات لا تكلم نفس الا باذنه فمنهم شقي وسعيد,سورة هود,56
11,106,فاما الذين شقوا ففي النار لهم فيها زفير وشهيق,سورة هود,38
11,107,خٰلدين فيها ما دامت السمٰوٰت والارض الا ما شاء ربك ان ربك فعال لما يريد,سورة هود,4
11,108,واما الذين سعدوا ففي الجنة خٰلدين فيها ما دامت السمٰوٰت والارض الا ما شاء ربك عطاء غير مجذوذ,سورة هود,66
11,109,فلا تك في مرية مما يعبد هٰؤلاء ما يعبدون الا كما يعبد ءاباؤهم من قبل وانا لموفوهم نصيبهم غير منقوص,سورة هود,39
11,110,ولقد ءاتينا موسى الكتٰب فاختلف فيه ولولا كلمة سبقت من ربك لقضي بينهم وانهم لفي شك منه مريب,سورة هود,59
11,111,وان كلا لما ليوفينهم ربك اعمٰلهم انه بما يعملون خبير,سورة هود,22
11,112,فاستقم كما امرت ومن تاب معك ولا تطغوا انه بما تعملون بصير,سورة هود,44
11,113,ولا تركنوا الى الذين ظلموا فتمسكم النار وما لكم من دون الله من اولياء ثم لا تنصرون,سورة هود,44
11,114,واقم الصلوٰة طرفي النهار وزلفا من اليل ان الحسنٰت يذهبن السيات ذٰلك ذكرىٰ للذٰكرين,سورة هود,48
11,115,واصبر فان الله لا يضيع اجر المحسنين,سورة هود,3
11,116,فلولا كان من القرون من قبلكم اولوا بقية ينهون عن الفساد في الارض الا قليلا ممن انجينا منهم واتبع الذين ظلموا ما اترفوا فيه وكانوا مجرمين,سورة هود,59
11,117,وما كان ربك ليهلك القرىٰ بظلم واهلها مصلحون,سورة هود,4
11,118,ولو شاء ربك لجعل الناس امة وٰحدة ولا يزالون مختلفين,سورة هود,39
11,119,الا من رحم ربك ولذٰلك خلقهم وتمت كلمة ربك لاملان جهنم من الجنة والناس اجمعين,سورة هود,57
11,120,وكلا نقص عليك من انباء الرسل ما نثبت به فؤادك وجاءك في هٰذه الحق وموعظة وذكرىٰ للمؤمنين,سورة هود,41
11,121,وقل للذين لا يؤمنون اعملوا علىٰ مكانتكم انا عٰملون,سورة هود,37
11,122,وانتظروا انا منتظرون,سورة هود,37
11,123,ولله غيب السمٰوٰت والارض واليه يرجع الامر كله فاعبده وتوكل عليه وما ربك بغٰفل عما تعملون,سورة هود,66
12,0,سورة يوسف,سورة يوسف,6
12,0,بسم الله الرحمٰن الرحيم,سورة يوسف,10
12,1,الر تلك ءايٰت الكتٰب المبين,سورة يوسف,0
12,2,انا انزلنٰه قرءٰنا عربيا لعلكم تعقلون,سورة يوسف,37
12,3,نحن نقص عليك احسن القصص بما اوحينا اليك هٰذا القرءان وان كنت من قبله لمن الغٰفلين,سورة يوسف,68
12,4,اذ قال يوسف لابيه يٰابت اني رايت احد عشر كوكبا والشمس والقمر رايتهم لي سٰجدين,سورة يوسف,26
12,5,قال يٰبني لا تقصص رءياك علىٰ اخوتك فيكيدوا لك كيدا ان الشيطٰن للانسٰن عدو مبين,سورة يوسف,26
12,6,وكذٰلك يجتبيك ربك ويعلمك من تاويل الاحاديث ويتم نعمته عليك وعلىٰ ءال يعقوب كما اتمها علىٰ ابويك من قبل ابرٰهيم واسحٰق ان ربك عليم حكيم,سورة يوسف,58
12,7,لقد كان في يوسف واخوته ءايٰت للسائلين,سورة يوسف,0
12,8,اذ قالوا ليوسف واخوه احب الىٰ ابينا منا ونحن عصبة ان ابانا لفي ضلٰل مبين,سورة يوسف,0
12,9,اقتلوا يوسف او اطرحوه ارضا يخل لكم وجه ابيكم وتكونوا من بعده قوما صٰلحين,سورة يوسف,30
12,10,قال قائل منهم لا تقتلوا يوسف والقوه في غيٰبت الجب يلتقطه بعض السيارة ان كنتم فٰعلين,سورة يوسف,67
12,11,قالوا يٰابانا ما لك لا تامنا علىٰ يوسف وانا له لنٰصحون,سورة يوسف,53
12,12,ارسله معنا غدا يرتع ويلعب وانا له لحٰفظون,سورة يوسف,0
12,13,قال اني ليحزنني ان تذهبوا به واخاف ان ياكله الذئب وانتم عنه غٰفلون,سورة يوسف,12
12,14,قالوا لئن اكله الذئب ونحن عصبة انا اذا لخٰسرون,سورة يوسف,37
12,15,فلما ذهبوا به واجمعوا ان يجعلوه في غيٰبت الجب واوحينا اليه لتنبئنهم بامرهم هٰذا وهم لا يشعرون,سورة يوسف,41
12,16,وجاءو اباهم عشاء يبكون,سورة يوسف,0
12,17,قالوا يٰابانا انا ذهبنا نستبق وتركنا يوسف عند متٰعنا فاكله الذئب وما انت بمؤمن لنا ولو كنا صٰدقين,سورة يوسف,37
12,18,وجاءو علىٰ قميصه بدم كذب قال بل سولت لكم انفسكم امرا فصبر جميل والله المستعان علىٰ ما تصفون,سورة يوسف,53
12,19,وجاءت سيارة فارسلوا واردهم فادلىٰ دلوه قال يٰبشرىٰ هٰذا غلٰم واسروه بضٰعة والله عليم بما يعملون,سورة يوسف,27
12,20,وشروه بثمن بخس درٰهم معدودة وكانوا فيه من الزٰهدين,سورة يوسف,9
12,21,وقال الذي اشترىٰه من مصر لامراته اكرمي مثوىٰه عسىٰ ان ينفعنا او نتخذه ولدا وكذٰلك مكنا ليوسف في الارض ولنعلمه من تاويل الاحاديث والله غالب علىٰ امره ولٰكن اكثر الناس لا يعلمون,سورة يوسف,46
12,22,ولما بلغ اشده ءاتينٰه حكما وعلما وكذٰلك نجزي المحسنين,سورة يوسف,21
12,23,ورٰودته التي هو في بيتها عن نفسه وغلقت الابوٰب وقالت هيت لك قال معاذ الله انه ربي احسن مثواي انه لا يفلح الظٰلمون,سورة يوسف,36
12,24,ولقد همت به وهم بها لولا ان رءا برهٰن ربه كذٰلك لنصرف عنه السوء والفحشاء انه من عبادنا المخلصين,سورة يوسف,15
12,25,واستبقا الباب وقدت قميصه من دبر والفيا سيدها لدا الباب قالت ما جزاء من اراد باهلك سوءا الا ان يسجن او عذاب اليم,سورة يوسف,59
12,26,قال هي رٰودتني عن نفسي وشهد شاهد من اهلها ان كان قميصه قد من قبل فصدقت وهو من الكٰذبين,سورة يوسف,59
12,27,وان كان قميصه قد من دبر فكذبت وهو من الصٰدقين,سورة يوسف,49
12,28,فلما رءا قميصه قد من دبر قال انه من كيدكن ان كيدكن عظيم,سورة يوسف,59
12,29,يوسف اعرض عن هٰذا واستغفري لذنبك انك كنت من الخاطين,سورة يوسف,20
12,30,وقال نسوة في المدينة امرات العزيز ترٰود فتىٰها عن نفسه قد شغفها حبا انا لنرىٰها في ضلٰل مبين,سورة يوسف,23
12,31,فلما سمعت بمكرهن ارسلت اليهن واعتدت لهن متكا وءاتت كل وٰحدة منهن سكينا وقالت اخرج عليهن فلما راينه اكبرنه وقطعن ايديهن وقلن حٰش لله ما هٰذا بشرا ان هٰذا الا ملك كريم,سورة يوسف,20
12,32,قالت فذٰلكن الذي لمتنني فيه ولقد رٰودته عن نفسه فاستعصم ولئن لم يفعل ما ءامره ليسجنن وليكونا من الصٰغرين,سورة يوسف,0
12,33,قال رب السجن احب الي مما يدعونني اليه والا تصرف عني كيدهن اصب اليهن واكن من الجٰهلين,سورة يوسف,0
12,34,فاستجاب له ربه فصرف عنه كيدهن انه هو السميع العليم,سورة يوسف,36
12,35,ثم بدا لهم من بعد ما راوا الايٰت ليسجننه حتىٰ حين,سورة يوسف,69
12,36,ودخل معه السجن فتيان قال احدهما اني ارىٰني اعصر خمرا وقال الاخر اني ارىٰني احمل فوق راسي خبزا تاكل الطير منه نبئنا بتاويله انا نرىٰك من المحسنين,سورة يوسف,12
12,37,قال لا ياتيكما طعام ترزقانه الا نباتكما بتاويله قبل ان ياتيكما ذٰلكما مما علمني ربي اني تركت ملة قوم لا يؤمنون بالله وهم بالاخرة هم كٰفرون,سورة يوسف,43
12,38,واتبعت ملة ءاباءي ابرٰهيم واسحٰق ويعقوب ما كان لنا ان نشرك بالله من شيء ذٰلك من فضل الله علينا وعلى الناس ولٰكن اكثر الناس لا يشكرون,سورة يوسف,46
12,39,يٰصٰحبي السجن ءارباب متفرقون خير ام الله الوٰحد القهار,سورة يوسف,60
12,40,ما تعبدون من دونه الا اسماء سميتموها انتم وءاباؤكم ما انزل الله بها من سلطٰن ان الحكم الا لله امر الا تعبدوا الا اياه ذٰلك الدين القيم ولٰكن اكثر الناس لا يعلمون,سورة يوسف,31
12,41,يٰصٰحبي السجن اما احدكما فيسقي ربه خمرا واما الاخر فيصلب فتاكل الطير من راسه قضي الامر الذي فيه تستفتيان,سورة يوسف,0
12,42,وقال للذي ظن انه ناج منهما اذكرني عند ربك فانسىٰه الشيطٰن ذكر ربه فلبث في السجن بضع سنين,سورة يوسف,36
12,43,وقال الملك اني ارىٰ سبع بقرٰت سمان ياكلهن سبع عجاف وسبع سنبلٰت خضر واخر يابسٰت يٰايها الملا افتوني في رءيٰي ان كنتم للرءيا تعبرون,سورة يوسف,12
12,44,قالوا اضغٰث احلٰم وما نحن بتاويل الاحلٰم بعٰلمين,سورة يوسف,29
12,45,وقال الذي نجا منهما وادكر بعد امة انا انبئكم بتاويله فارسلون,سورة يوسف,37
12,46,يوسف ايها الصديق افتنا في سبع بقرٰت سمان ياكلهن سبع عجاف وسبع سنبلٰت خضر واخر يابسٰت لعلي ارجع الى الناس لعلهم يعلمون,سورة يوسف,0
12,47,قال تزرعون سبع سنين دابا فما حصدتم فذروه في سنبله الا قليلا مما تاكلون,سورة يوسف,26
12,48,ثم ياتي من بعد ذٰلك سبع شداد ياكلن ما قدمتم لهن الا قليلا مما تحصنون,سورة يوسف,69
12,49,ثم ياتي من بعد ذٰلك عام فيه يغاث الناس وفيه يعصرون,سورة يوسف,69
12,50,وقال الملك ائتوني به فلما جاءه الرسول قال ارجع الىٰ ربك فسله ما بال النسوة الٰتي قطعن ايديهن ان ربي بكيدهن عليم,سورة يوسف,41
12,51,قال ما خطبكن اذ رٰودتن يوسف عن نفسه قلن حٰش لله ما علمنا عليه من سوء قالت امرات العزيز الٰن حصحص الحق انا رٰودته عن نفسه وانه لمن الصٰدقين,سورة يوسف,26
12,52,ذٰلك ليعلم اني لم اخنه بالغيب وان الله لا يهدي كيد الخائنين,سورة يوسف,21
12,53,وما ابرئ نفسي ان النفس لامارة بالسوء الا ما رحم ربي ان ربي غفور رحيم,سورة يوسف,31
12,54,وقال الملك ائتوني به استخلصه لنفسي فلما كلمه قال انك اليوم لدينا مكين امين,سورة يوسف,41
12,55,قال اجعلني علىٰ خزائن الارض اني حفيظ عليم,سورة يوسف,12
12,56,وكذٰلك مكنا ليوسف في الارض يتبوا منها حيث يشاء نصيب برحمتنا من نشاء ولا نضيع اجر المحسنين,سورة يوسف,8
12,57,ولاجر الاخرة خير للذين ءامنوا وكانوا يتقون,سورة يوسف,62
12,58,وجاء اخوة يوسف فدخلوا عليه فعرفهم وهم له منكرون,سورة يوسف,0
12,59,ولما جهزهم بجهازهم قال ائتوني باخ لكم من ابيكم الا ترون اني اوفي الكيل وانا خير المنزلين,سورة يوسف,12
12,60,فان لم تاتوني به فلا كيل لكم عندي ولا تقربون,سورة يوسف,14
12,61,قالوا سنرٰود عنه اباه وانا لفٰعلون,سورة يوسف,15
12,62,وقال لفتيٰنه اجعلوا بضٰعتهم في رحالهم لعلهم يعرفونها اذا انقلبوا الىٰ اهلهم لعلهم يرجعون,سورة يوسف,11
12,63,فلما رجعوا الىٰ ابيهم قالوا يٰابانا منع منا الكيل فارسل معنا اخانا نكتل وانا له لحٰفظون,سورة يوسف,0
12,64,قال هل ءامنكم عليه الا كما امنتكم علىٰ اخيه من قبل فالله خير حٰفظا وهو ارحم الرٰحمين,سورة يوسف,49
12,65,ولما فتحوا متٰعهم وجدوا بضٰعتهم ردت اليهم قالوا يٰابانا ما نبغي هٰذه بضٰعتنا ردت الينا ونمير اهلنا ونحفظ اخانا ونزداد كيل بعير ذٰلك كيل يسير,سورة يوسف,0
12,66,قال لن ارسله معكم حتىٰ تؤتون موثقا من الله لتاتنني به الا ان يحاط بكم فلما ءاتوه موثقهم قال الله علىٰ ما نقول وكيل,سورة يوسف,26
12,67,وقال يٰبني لا تدخلوا من باب وٰحد وادخلوا من ابوٰب متفرقة وما اغني عنكم من الله من شيء ان الحكم الا لله عليه توكلت وعليه فليتوكل المتوكلون,سورة يوسف,59
12,68,ولما دخلوا من حيث امرهم ابوهم ما كان يغني عنهم من الله من شيء الا حاجة في نفس يعقوب قضىٰها وانه لذو علم لما علمنٰه ولٰكن اكثر الناس لا يعلمون,سورة يوسف,46
12,69,ولما دخلوا علىٰ يوسف ءاوىٰ اليه اخاه قال اني انا اخوك فلا تبتئس بما كانوا يعملون,سورة يوسف,27
12,70,فلما جهزهم بجهازهم جعل السقاية في رحل اخيه ثم اذن مؤذن ايتها العير انكم لسٰرقون,سورة يوسف,69
12,71,قالوا واقبلوا عليهم ماذا تفقدون,سورة يوسف,0
12,72,قالوا نفقد صواع الملك ولمن جاء به حمل بعير وانا به زعيم,سورة يوسف,41
12,73,قالوا تالله لقد علمتم ما جئنا لنفسد في الارض وما كنا سٰرقين,سورة يوسف,8
12,74,قالوا فما جزٰؤه ان كنتم كٰذبين,سورة يوسف,1
12,75,قالوا جزٰؤه من وجد في رحله فهو جزٰؤه كذٰلك نجزي الظٰلمين,سورة يوسف,21
12,76,فبدا باوعيتهم قبل وعاء اخيه ثم استخرجها من وعاء اخيه كذٰلك كدنا ليوسف ما كان لياخذ اخاه في دين الملك الا ان يشاء الله نرفع درجٰت من نشاء وفوق كل ذي علم عليم,سورة يوسف,59
12,77,قالوا ان يسرق فقد سرق اخ له من قبل فاسرها يوسف في نفسه ولم يبدها لهم قال انتم شر مكانا والله اعلم بما تصفون,سورة يوسف,26
12,78,قالوا يٰايها العزيز ان له ابا شيخا كبيرا فخذ احدنا مكانه انا نرىٰك من المحسنين,سورة يوسف,37
12,79,قال معاذ الله ان ناخذ الا من وجدنا متٰعنا عنده انا اذا لظٰلمون,سورة يوسف,11
12,80,فلما استيسوا منه خلصوا نجيا قال كبيرهم الم تعلموا ان اباكم قد اخذ عليكم موثقا من الله ومن قبل ما فرطتم في يوسف فلن ابرح الارض حتىٰ ياذن لي ابي او يحكم الله لي وهو خير الحٰكمين,سورة يوسف,8
12,81,ارجعوا الىٰ ابيكم فقولوا يٰابانا ان ابنك سرق وما شهدنا الا بما علمنا وما كنا للغيب حٰفظين,سورة يوسف,29
12,82,وسل القرية التي كنا فيها والعير التي اقبلنا فيها وانا لصٰدقون,سورة يوسف,38
12,83,قال بل سولت لكم انفسكم امرا فصبر جميل عسى الله ان ياتيني بهم جميعا انه هو العليم الحكيم,سورة يوسف,36
12,84,وتولىٰ عنهم وقال يٰاسفىٰ علىٰ يوسف وابيضت عيناه من الحزن فهو كظيم,سورة يوسف,53
12,85,قالوا تالله تفتؤا تذكر يوسف حتىٰ تكون حرضا او تكون من الهٰلكين,سورة يوسف,30
12,86,قال انما اشكوا بثي وحزني الى الله واعلم من الله ما لا تعلمون,سورة يوسف,17
12,87,يٰبني اذهبوا فتحسسوا من يوسف واخيه ولا تايسوا من روح الله انه لا يايس من روح الله الا القوم الكٰفرون,سورة يوسف,59
12,88,فلما دخلوا عليه قالوا يٰايها العزيز مسنا واهلنا الضر وجئنا ببضٰعة مزجىٰة فاوف لنا الكيل وتصدق علينا ان الله يجزي المتصدقين,سورة يوسف,0
12,89,قال هل علمتم ما فعلتم بيوسف واخيه اذ انتم جٰهلون,سورة يوسف,26
12,90,قالوا اءنك لانت يوسف قال انا يوسف وهٰذا اخي قد من الله علينا انه من يتق ويصبر فان الله لا يضيع اجر المحسنين,سورة يوسف,20
12,91,قالوا تالله لقد ءاثرك الله علينا وان كنا لخٰطين,سورة يوسف,0
12,92,قال لا تثريب عليكم اليوم يغفر الله لكم وهو ارحم الرٰحمين,سورة يوسف,49
12,93,اذهبوا بقميصي هٰذا فالقوه علىٰ وجه ابي يات بصيرا واتوني باهلكم اجمعين,سورة يوسف,57
12,94,ولما فصلت العير قال ابوهم اني لاجد ريح يوسف لولا ان تفندون,سورة يوسف,12
12,95,قالوا تالله انك لفي ضلٰلك القديم,سورة يوسف,21
12,96,فلما ان جاء البشير القىٰه علىٰ وجهه فارتد بصيرا قال الم اقل لكم اني اعلم من الله ما لا تعلمون,سورة يوسف,12
12,97,قالوا يٰابانا استغفر لنا ذنوبنا انا كنا خٰطين,سورة يوسف,37
12,98,قال سوف استغفر لكم ربي انه هو الغفور الرحيم,سورة يوسف,36
12,99,فلما دخلوا علىٰ يوسف ءاوىٰ اليه ابويه وقال ادخلوا مصر ان شاء الله ءامنين,سورة يوسف,19
12,100,ورفع ابويه على العرش وخروا له سجدا وقال يٰابت هٰذا تاويل رءيٰي من قبل قد جعلها ربي حقا وقد احسن بي اذ اخرجني من السجن وجاء بكم من البدو من بعد ان نزغ الشيطٰن بيني وبين اخوتي ان ربي لطيف لما يشاء انه هو العليم الحكيم,سورة يوسف,36
12,101,رب قد ءاتيتني من الملك وعلمتني من تاويل الاحاديث فاطر السمٰوٰت والارض انت ولي في الدنيا والاخرة توفني مسلما والحقني بالصٰلحين,سورة يوسف,66
12,102,ذٰلك من انباء الغيب نوحيه اليك وما كنت لديهم اذ اجمعوا امرهم وهم يمكرون,سورة يوسف,29
12,103,وما اكثر الناس ولو حرصت بمؤمنين,سورة يوسف,18
12,104,وما تسلهم عليه من اجر ان هو الا ذكر للعٰلمين,سورة يوسف,31
12,105,وكاين من ءاية في السمٰوٰت والارض يمرون عليها وهم عنها معرضون,سورة يوسف,66
12,106,وما يؤمن اكثرهم بالله الا وهم مشركون,سورة يوسف,31
12,107,افامنوا ان تاتيهم غٰشية من عذاب الله او تاتيهم الساعة بغتة وهم لا يشعرون,سورة يوسف,43
12,108,قل هٰذه سبيلي ادعوا الى الله علىٰ بصيرة انا ومن اتبعني وسبحٰن الله وما انا من المشركين,سورة يوسف,37
12,109,وما ارسلنا من قبلك الا رجالا نوحي اليهم من اهل القرىٰ افلم يسيروا في الارض فينظروا كيف كان عٰقبة الذين من قبلهم ولدار الاخرة خير للذين اتقوا افلا تعقلون,سورة يوسف,51
12,110,حتىٰ اذا استيس الرسل وظنوا انهم قد كذبوا جاءهم نصرنا فنجي من نشاء ولا يرد باسنا عن القوم المجرمين,سورة يوسف,25
12,111,لقد كان في قصصهم عبرة لاولي الالبٰب ما كان حديثا يفترىٰ ولٰكن تصديق الذي بين يديه وتفصيل كل شيء وهدى ورحمة لقوم يؤمنون,سورة يوسف,46
13,0,سورة الرعد,سورة الرعد,6
13,0,بسم الله الرحمٰن الرحيم,سورة الرعد,10
13,1,المر تلك ءايٰت الكتٰب والذي انزل اليك من ربك الحق ولٰكن اكثر الناس لا يؤمنون,سورة الرعد,46
13,2,الله الذي رفع السمٰوٰت بغير عمد ترونها ثم استوىٰ على العرش وسخر الشمس والقمر كل يجري لاجل مسمى يدبر الامر يفصل الايٰت لعلكم بلقاء ربكم توقنون,سورة الرعد,50
13,3,وهو الذي مد الارض وجعل فيها روٰسي وانهٰرا ومن كل الثمرٰت جعل فيها زوجين اثنين يغشي اليل النهار ان في ذٰلك لايٰت لقوم يتفكرون,سورة الرعد,38
13,4,وفي الارض قطع متجٰورٰت وجنٰت من اعنٰب وزرع ونخيل صنوان وغير صنوان يسقىٰ بماء وٰحد ونفضل بعضها علىٰ بعض في الاكل ان في ذٰلك لايٰت لقوم يعقلون,سورة الرعد,21
13,5,وان تعجب فعجب قولهم اءذا كنا ترٰبا اءنا لفي خلق جديد اولٰئك الذين كفروا بربهم واولٰئك الاغلٰل في اعناقهم واولٰئك اصحٰب النار هم فيها خٰلدون,سورة الرعد,63
13,6,ويستعجلونك بالسيئة قبل الحسنة وقد خلت من قبلهم المثلٰت وان ربك لذو مغفرة للناس علىٰ ظلمهم وان ربك لشديد العقاب,سورة الرعد,4
13,7,ويقول الذين كفروا لولا انزل عليه ءاية من ربه انما انت منذر ولكل قوم هاد,سورة الرعد,17
13,8,الله يعلم ما تحمل كل انثىٰ وما تغيض الارحام وما تزداد وكل شيء عنده بمقدار,سورة الرعد,29
13,9,عٰلم الغيب والشهٰدة الكبير المتعال,سورة الرعد,47
13,10,سواء منكم من اسر القول ومن جهر به ومن هو مستخف باليل وسارب بالنهار,سورة الرعد,41
13,11,له معقبٰت من بين يديه ومن خلفه يحفظونه من امر الله ان الله لا يغير ما بقوم حتىٰ يغيروا ما بانفسهم واذا اراد الله بقوم سوءا فلا مرد له وما لهم من دونه من وال,سورة الرعد,59
13,12,هو الذي يريكم البرق خوفا وطمعا وينشئ السحاب الثقال,سورة الرعد,0
13,13,ويسبح الرعد بحمده والملٰئكة من خيفته ويرسل الصوٰعق فيصيب بها من يشاء وهم يجٰدلون في الله وهو شديد المحال,سورة الرعد,59
13,14,له دعوة الحق والذين يدعون من دونه لا يستجيبون لهم بشيء الا كبٰسط كفيه الى الماء ليبلغ فاه وما هو ببٰلغه وما دعاء الكٰفرين الا في ضلٰل,سورة الرعد,31
13,15,ولله يسجد من في السمٰوٰت والارض طوعا وكرها وظلٰلهم بالغدو والاصال,سورة الرعد,66
13,16,قل من رب السمٰوٰت والارض قل الله قل افاتخذتم من دونه اولياء لا يملكون لانفسهم نفعا ولا ضرا قل هل يستوي الاعمىٰ والبصير ام هل تستوي الظلمٰت والنور ام جعلوا لله شركاء خلقوا كخلقه فتشٰبه الخلق عليهم قل الله خٰلق كل شيء وهو الوٰحد القهٰر,سورة الرعد,60
13,17,انزل من السماء ماء فسالت اودية بقدرها فاحتمل السيل زبدا رابيا ومما يوقدون عليه في النار ابتغاء حلية او متٰع زبد مثله كذٰلك يضرب الله الحق والبٰطل فاما الزبد فيذهب جفاء واما ما ينفع الناس فيمكث في الارض كذٰلك يضرب الله الامثال,سورة الرعد,21
13,18,للذين استجابوا لربهم الحسنىٰ والذين لم يستجيبوا له لو ان لهم ما في الارض جميعا ومثله معه لافتدوا به اولٰئك لهم سوء الحساب وماوىٰهم جهنم وبئس المهاد,سورة الرعد,35
13,19,افمن يعلم انما انزل اليك من ربك الحق كمن هو اعمىٰ انما يتذكر اولوا الالبٰب,سورة الرعد,17
13,20,الذين يوفون بعهد الله ولا ينقضون الميثٰق,سورة الرعد,44
13,21,والذين يصلون ما امر الله به ان يوصل ويخشون ربهم ويخافون سوء الحساب,سورة الرعد,35
13,22,والذين صبروا ابتغاء وجه ربهم واقاموا الصلوٰة وانفقوا مما رزقنٰهم سرا وعلانية ويدرءون بالحسنة السيئة اولٰئك لهم عقبى الدار,سورة الرعد,63
13,23,جنٰت عدن يدخلونها ومن صلح من ءابائهم وازوٰجهم وذريٰتهم والملٰئكة يدخلون عليهم من كل باب,سورة الرعد,59
13,24,سلٰم عليكم بما صبرتم فنعم عقبى الدار,سورة الرعد,27
13,25,والذين ينقضون عهد الله من بعد ميثٰقه ويقطعون ما امر الله به ان يوصل ويفسدون في الارض اولٰئك لهم اللعنة ولهم سوء الدار,سورة الرعد,35
13,26,الله يبسط الرزق لمن يشاء ويقدر وفرحوا بالحيوٰة الدنيا وما الحيوٰة الدنيا في الاخرة الا متٰع,سورة الرعد,8
13,27,ويقول الذين كفروا لولا انزل عليه ءاية من ربه قل ان الله يضل من يشاء ويهدي اليه من اناب,سورة الرعد,59
13,28,الذين ءامنوا وتطمئن قلوبهم بذكر الله الا بذكر الله تطمئن القلوب,سورة الرعد,62
13,29,الذين ءامنوا وعملوا الصٰلحٰت طوبىٰ لهم وحسن ماب,سورة الرعد,2
13,30,كذٰلك ارسلنٰك في امة قد خلت من قبلها امم لتتلوا عليهم الذي اوحينا اليك وهم يكفرون بالرحمٰن قل هو ربي لا الٰه الا هو عليه توكلت واليه متاب,سورة الرعد,68
13,31,ولو ان قرءانا سيرت به الجبال او قطعت به الارض او كلم به الموتىٰ بل لله الامر جميعا افلم يايس الذين ءامنوا ان لو يشاء الله لهدى الناس جميعا ولا يزال الذين كفروا تصيبهم بما صنعوا قارعة او تحل قريبا من دارهم حتىٰ ياتي وعد الله ان الله لا يخلف الميعاد,سورة الرعد,30
13,32,ولقد استهزئ برسل من قبلك فامليت للذين كفروا ثم اخذتهم فكيف كان عقاب,سورة الرعد,69
13,33,افمن هو قائم علىٰ كل نفس بما كسبت وجعلوا لله شركاء قل سموهم ام تنبونه بما لا يعلم في الارض ام بظٰهر من القول بل زين للذين كفروا مكرهم وصدوا عن السبيل ومن يضلل الله فما له من هاد,سورة الرعد,60
13,34,لهم عذاب في الحيوٰة الدنيا ولعذاب الاخرة اشق وما لهم من الله من واق,سورة الرعد,8
13,35,مثل الجنة التي وعد المتقون تجري من تحتها الانهٰر اكلها دائم وظلها تلك عقبى الذين اتقوا وعقبى الكٰفرين النار,سورة الرعد,7
13,36,والذين ءاتينٰهم الكتٰب يفرحون بما انزل اليك ومن الاحزاب من ينكر بعضه قل انما امرت ان اعبد الله ولا اشرك به اليه ادعوا واليه ماب,سورة الرعد,17
13,37,وكذٰلك انزلنٰه حكما عربيا ولئن اتبعت اهواءهم بعد ما جاءك من العلم ما لك من الله من ولي ولا واق,سورة الرعد,21
13,38,ولقد ارسلنا رسلا من قبلك وجعلنا لهم ازوٰجا وذرية وما كان لرسول ان ياتي باية الا باذن الله لكل اجل كتاب,سورة الرعد,31
13,39,يمحوا الله ما يشاء ويثبت وعنده ام الكتٰب,سورة الرعد,60
13,40,وان ما نرينك بعض الذي نعدهم او نتوفينك فانما عليك البلٰغ وعلينا الحساب,سورة الرعد,30
13,41,اولم يروا انا ناتي الارض ننقصها من اطرافها والله يحكم لا معقب لحكمه وهو سريع الحساب,سورة الرعد,49
13,42,وقد مكر الذين من قبلهم فلله المكر جميعا يعلم ما تكسب كل نفس وسيعلم الكفٰر لمن عقبى الدار,سورة الرعد,19
13,43,ويقول الذين كفروا لست مرسلا قل كفىٰ بالله شهيدا بيني وبينكم ومن عنده علم الكتٰب,سورة الرعد,0
14,0,سورة ابراهيم,سورة ابراهيم,6
14,0,بسم الله الرحمٰن الرحيم,سورة ابراهيم,10
14,1,الر كتٰب انزلنٰه اليك لتخرج الناس من الظلمٰت الى النور باذن ربهم الىٰ صرٰط العزيز الحميد,سورة ابراهيم,59
14,2,الله الذي له ما في السمٰوٰت وما في الارض وويل للكٰفرين من عذاب شديد,سورة ابراهيم,8
14,3,الذين يستحبون الحيوٰة الدنيا على الاخرة ويصدون عن سبيل الله ويبغونها عوجا اولٰئك في ضلٰل بعيد,سورة ابراهيم,63
14,4,وما ارسلنا من رسول الا بلسان قومه ليبين لهم فيضل الله من يشاء ويهدي من يشاء وهو العزيز الحكيم,سورة ابراهيم,61
14,5,ولقد ارسلنا موسىٰ بايٰتنا ان اخرج قومك من الظلمٰت الى النور وذكرهم بايىٰم الله ان في ذٰلك لايٰت لكل صبار شكور,سورة ابراهيم,28
14,6,واذ قال موسىٰ لقومه اذكروا نعمة الله عليكم اذ انجىٰكم من ءال فرعون يسومونكم سوء العذاب ويذبحون ابناءكم ويستحيون نساءكم وفي ذٰلكم بلاء من ربكم عظيم,سورة ابراهيم,42
14,7,واذ تاذن ربكم لئن شكرتم لازيدنكم ولئن كفرتم ان عذابي لشديد,سورة ابراهيم,50
14,8,وقال موسىٰ ان تكفروا انتم ومن في الارض جميعا فان الله لغني حميد,سورة ابراهيم,8
14,9,الم ياتكم نبؤا الذين من قبلكم قوم نوح وعاد وثمود والذين من بعدهم لا يعلمهم الا الله جاءتهم رسلهم بالبينٰت فردوا ايديهم في افوٰههم وقالوا انا كفرنا بما ارسلتم به وانا لفي شك مما تدعوننا اليه مريب,سورة ابراهيم,59
14,10,قالت رسلهم افي الله شك فاطر السمٰوٰت والارض يدعوكم ليغفر لكم من ذنوبكم ويؤخركم الىٰ اجل مسمى قالوا ان انتم الا بشر مثلنا تريدون ان تصدونا عما كان يعبد ءاباؤنا فاتونا بسلطٰن مبين,سورة ابراهيم,66
14,11,قالت لهم رسلهم ان نحن الا بشر مثلكم ولٰكن الله يمن علىٰ من يشاء من عباده وما كان لنا ان ناتيكم بسلطٰن الا باذن الله وعلى الله فليتوكل المؤمنون,سورة ابراهيم,31
14,12,وما لنا الا نتوكل على الله وقد هدىٰنا سبلنا ولنصبرن علىٰ ما ءاذيتمونا وعلى الله فليتوكل المتوكلون,سورة ابراهيم,53
14,13,وقال الذين كفروا لرسلهم لنخرجنكم من ارضنا او لتعودن في ملتنا فاوحىٰ اليهم ربهم لنهلكن الظٰلمين,سورة ابراهيم,30
14,14,ولنسكننكم الارض من بعدهم ذٰلك لمن خاف مقامي وخاف وعيد,سورة ابراهيم,19
14,15,واستفتحوا وخاب كل جبار عنيد,سورة ابراهيم,0
14,16,من ورائه جهنم ويسقىٰ من ماء صديد,سورة ابراهيم,59
14,17,يتجرعه ولا يكاد يسيغه وياتيه الموت من كل مكان وما هو بميت ومن ورائه عذاب غليظ,سورة ابراهيم,44
14,18,مثل الذين كفروا بربهم اعمٰلهم كرماد اشتدت به الريح في يوم عاصف لا يقدرون مما كسبوا علىٰ شيء ذٰلك هو الضلٰل البعيد,سورة ابراهيم,41
14,19,الم تر ان الله خلق السمٰوٰت والارض بالحق ان يشا يذهبكم ويات بخلق جديد,سورة ابراهيم,55
14,20,وما ذٰلك على الله بعزيز,سورة ابراهيم,29
14,21,وبرزوا لله جميعا فقال الضعفٰؤا للذين استكبروا انا كنا لكم تبعا فهل انتم مغنون عنا من عذاب الله من شيء قالوا لو هدىٰنا الله لهدينٰكم سواء علينا اجزعنا ام صبرنا ما لنا من محيص,سورة ابراهيم,37
14,22,وقال الشيطٰن لما قضي الامر ان الله وعدكم وعد الحق ووعدتكم فاخلفتكم وما كان لي عليكم من سلطٰن الا ان دعوتكم فاستجبتم لي فلا تلوموني ولوموا انفسكم ما انا بمصرخكم وما انتم بمصرخي اني كفرت بما اشركتمون من قبل ان الظٰلمين لهم عذاب اليم,سورة ابراهيم,31
14,23,وادخل الذين ءامنوا وعملوا الصٰلحٰت جنٰت تجري من تحتها الانهٰر خٰلدين فيها باذن ربهم تحيتهم فيها سلٰم,سورة ابراهيم,2
14,24,الم تر كيف ضرب الله مثلا كلمة طيبة كشجرة طيبة اصلها ثابت وفرعها في السماء,سورة ابراهيم,55
14,25,تؤتي اكلها كل حين باذن ربها ويضرب الله الامثال للناس لعلهم يتذكرون,سورة ابراهيم,0
14,26,ومثل كلمة خبيثة كشجرة خبيثة اجتثت من فوق الارض ما لها من قرار,سورة ابراهيم,39
14,27,يثبت الله الذين ءامنوا بالقول الثابت في الحيوٰة الدنيا وفي الاخرة ويضل الله الظٰلمين ويفعل الله ما يشاء,سورة ابراهيم,62
14,28,الم تر الى الذين بدلوا نعمت الله كفرا واحلوا قومهم دار البوار,سورة ابراهيم,55
14,29,جهنم يصلونها وبئس القرار,سورة ابراهيم,45
14,30,وجعلوا لله اندادا ليضلوا عن سبيله قل تمتعوا فان مصيركم الى النار,سورة ابراهيم,0
14,31,قل لعبادي الذين ءامنوا يقيموا الصلوٰة وينفقوا مما رزقنٰهم سرا وعلانية من قبل ان ياتي يوم لا بيع فيه ولا خلٰل,سورة ابراهيم,56
14,32,الله الذي خلق السمٰوٰت والارض وانزل من السماء ماء فاخرج به من الثمرٰت رزقا لكم وسخر لكم الفلك لتجري في البحر بامره وسخر لكم الانهٰر,سورة ابراهيم,66
14,33,وسخر لكم الشمس والقمر دائبين وسخر لكم اليل والنهار,سورة ابراهيم,64
14,34,وءاتىٰكم من كل ما سالتموه وان تعدوا نعمت الله لا تحصوها ان الانسٰن لظلوم كفار,سورة ابراهيم,45
14,35,واذ قال ابرٰهيم رب اجعل هٰذا البلد ءامنا واجنبني وبني ان نعبد الاصنام,سورة ابراهيم,58
14,36,رب انهن اضللن كثيرا من الناس فمن تبعني فانه مني ومن عصاني فانك غفور رحيم,سورة ابراهيم,0
14,37,ربنا اني اسكنت من ذريتي بواد غير ذي زرع عند بيتك المحرم ربنا ليقيموا الصلوٰة فاجعل افدة من الناس تهوي اليهم وارزقهم من الثمرٰت لعلهم يشكرون,سورة ابراهيم,59
14,38,ربنا انك تعلم ما نخفي وما نعلن وما يخفىٰ على الله من شيء في الارض ولا في السماء,سورة ابراهيم,8
14,39,الحمد لله الذي وهب لي على الكبر اسمٰعيل واسحٰق ان ربي لسميع الدعاء,سورة ابراهيم,0
14,40,رب اجعلني مقيم الصلوٰة ومن ذريتي ربنا وتقبل دعاء,سورة ابراهيم,48
14,41,ربنا اغفر لي ولوٰلدي وللمؤمنين يوم يقوم الحساب,سورة ابراهيم,18
14,42,ولا تحسبن الله غٰفلا عما يعمل الظٰلمون انما يؤخرهم ليوم تشخص فيه الابصٰر,سورة ابراهيم,44
14,43,مهطعين مقنعي رءوسهم لا يرتد اليهم طرفهم وافدتهم هواء,سورة ابراهيم,43
14,44,وانذر الناس يوم ياتيهم العذاب فيقول الذين ظلموا ربنا اخرنا الىٰ اجل قريب نجب دعوتك ونتبع الرسل اولم تكونوا اقسمتم من قبل ما لكم من زوال,سورة ابراهيم,59
14,45,وسكنتم في مسٰكن الذين ظلموا انفسهم وتبين لكم كيف فعلنا بهم وضربنا لكم الامثال,سورة ابراهيم,0
14,46,وقد مكروا مكرهم وعند الله مكرهم وان كان مكرهم لتزول منه الجبال,سورة ابراهيم,0
14,47,فلا تحسبن الله مخلف وعده رسله ان الله عزيز ذو انتقام,سورة ابراهيم,14
14,48,يوم تبدل الارض غير الارض والسمٰوٰت وبرزوا لله الوٰحد القهار,سورة ابراهيم,56
14,49,وترى المجرمين يومئذ مقرنين في الاصفاد,سورة ابراهيم,34
14,50,سرابيلهم من قطران وتغشىٰ وجوههم النار,سورة ابراهيم,59
14,51,ليجزي الله كل نفس ما كسبت ان الله سريع الحساب,سورة ابراهيم,3
14,52,هٰذا بلٰغ للناس ولينذروا به وليعلموا انما هو الٰه وٰحد وليذكر اولوا الالبٰب,سورة ابراهيم,17
15,0,سورة الحجر,سورة الحجر,6
15,0,بسم الله الرحمٰن الرحيم,سورة الحجر,10
15,1,الر تلك ءايٰت الكتٰب وقرءان مبين,سورة الحجر,0
15,2,ربما يود الذين كفروا لو كانوا مسلمين,سورة الحجر,27
15,3,ذرهم ياكلوا ويتمتعوا ويلههم الامل فسوف يعلمون,سورة الحجر,0
15,4,وما اهلكنا من قرية الا ولها كتاب معلوم,سورة الحجر,24
15,5,ما تسبق من امة اجلها وما يستخرون,سورة الحجر,29
15,6,وقالوا يٰايها الذي نزل عليه الذكر انك لمجنون,سورة الحجر,0
15,7,لوما تاتينا بالملٰئكة ان كنت من الصٰدقين,سورة الحجر,59
15,8,ما ننزل الملٰئكة الا بالحق وما كانوا اذا منظرين,سورة الحجر,29
15,9,انا نحن نزلنا الذكر وانا له لحٰفظون,سورة الحجر,37
15,10,ولقد ارسلنا من قبلك في شيع الاولين,سورة الحجر,59
15,11,وما ياتيهم من رسول الا كانوا به يستهزءون,سورة الحجر,41
15,12,كذٰلك نسلكه في قلوب المجرمين,سورة الحجر,21
15,13,لا يؤمنون به وقد خلت سنة الاولين,سورة الحجر,41
15,14,ولو فتحنا عليهم بابا من السماء فظلوا فيه يعرجون,سورة الحجر,18
15,15,لقالوا انما سكرت ابصٰرنا بل نحن قوم مسحورون,سورة الحجر,9
15,16,ولقد جعلنا في السماء بروجا وزينٰها للنٰظرين,سورة الحجر,23
15,17,وحفظنٰها من كل شيطٰن رجيم,سورة الحجر,23
15,18,الا من استرق السمع فاتبعه شهاب مبين,سورة الحجر,31
15,19,والارض مددنٰها والقينا فيها روٰسي وانبتنا فيها من كل شيء موزون,سورة الحجر,38
15,20,وجعلنا لكم فيها معٰيش ومن لستم له برٰزقين,سورة الحجر,38
15,21,وان من شيء الا عندنا خزائنه وما ننزله الا بقدر معلوم,سورة الحجر,31
15,22,وارسلنا الريٰح لوٰقح فانزلنا من السماء ماء فاسقينٰكموه وما انتم له بخٰزنين,سورة الحجر,59
15,23,وانا لنحن نحي ونميت ونحن الوٰرثون,سورة الحجر,0
15,24,ولقد علمنا المستقدمين منكم ولقد علمنا المستخرين,سورة الحجر,0
15,25,وان ربك هو يحشرهم انه حكيم عليم,سورة الحجر,36
15,26,ولقد خلقنا الانسٰن من صلصٰل من حما مسنون,سورة الحجر,59
15,27,والجان خلقنٰه من قبل من نار السموم,سورة الحجر,59
15,28,واذ قال ربك للملٰئكة اني خٰلق بشرا من صلصٰل من حما مسنون,سورة الحجر,12
15,29,فاذا سويته ونفخت فيه من روحي فقعوا له سٰجدين,سورة الحجر,48
15,30,فسجد الملٰئكة كلهم اجمعون,سورة الحجر,0
15,31,الا ابليس ابىٰ ان يكون مع السٰجدين,سورة الحجر,31
15,32,قال يٰابليس ما لك الا تكون مع السٰجدين,سورة الحجر,26
15,33,قال لم اكن لاسجد لبشر خلقته من صلصٰل من حما مسنون,سورة الحجر,59
15,34,قال فاخرج منها فانك رجيم,سورة الحجر,64
15,35,وان عليك اللعنة الىٰ يوم الدين,سورة الحجر,56
15,36,قال رب فانظرني الىٰ يوم يبعثون,سورة الحجر,56
15,37,قال فانك من المنظرين,سورة الحجر,26
15,38,الىٰ يوم الوقت المعلوم,سورة الحجر,56
15,39,قال رب بما اغويتني لازينن لهم في الارض ولاغوينهم اجمعين,سورة الحجر,57
15,40,الا عبادك منهم المخلصين,سورة الحجر,31
15,41,قال هٰذا صرٰط علي مستقيم,سورة الحجر,20
15,42,ان عبادي ليس لك عليهم سلطٰن الا من اتبعك من الغاوين,سورة الحجر,31
15,43,وان جهنم لموعدهم اجمعين,سورة الحجر,57
15,44,لها سبعة ابوٰب لكل باب منهم جزء مقسوم,سورة الحجر,39
15,45,ان المتقين في جنٰت وعيون,سورة الحجر,13
15,46,ادخلوها بسلٰم ءامنين,سورة الحجر,0
15,47,ونزعنا ما في صدورهم من غل اخوٰنا علىٰ سرر متقٰبلين,سورة الحجر,67
15,48,لا يمسهم فيها نصب وما هم منها بمخرجين,سورة الحجر,64
15,49,نبئ عبادي اني انا الغفور الرحيم,سورة الحجر,12
15,50,وان عذابي هو العذاب الاليم,سورة الحجر,18
15,51,ونبئهم عن ضيف ابرٰهيم,سورة الحجر,58
15,52,اذ دخلوا عليه فقالوا سلٰما قال انا منكم وجلون,سورة الحجر,26
15,53,قالوا لا توجل انا نبشرك بغلٰم عليم,سورة الحجر,37
15,54,قال ابشرتموني علىٰ ان مسني الكبر فبم تبشرون,سورة الحجر,26
15,55,قالوا بشرنٰك بالحق فلا تكن من القٰنطين,سورة الحجر,14
15,56,قال ومن يقنط من رحمة ربه الا الضالون,سورة الحجر,26
15,57,قال فما خطبكم ايها المرسلون,سورة الحجر,26
15,58,قالوا انا ارسلنا الىٰ قوم مجرمين,سورة الحجر,37
15,59,الا ءال لوط انا لمنجوهم اجمعين,سورة الحجر,57
15,60,الا امراته قدرنا انها لمن الغٰبرين,سورة الحجر,19
15,61,فلما جاء ءال لوط المرسلون,سورة الحجر,0
15,62,قال انكم قوم منكرون,سورة الحجر,26
15,63,قالوا بل جئنٰك بما كانوا فيه يمترون,سورة الحجر,27
15,64,واتينٰك بالحق وانا لصٰدقون,سورة الحجر,0
15,65,فاسر باهلك بقطع من اليل واتبع ادبٰرهم ولا يلتفت منكم احد وامضوا حيث تؤمرون,سورة الحجر,0
15,66,وقضينا اليه ذٰلك الامر ان دابر هٰؤلاء مقطوع مصبحين,سورة الحجر,39
15,67,وجاء اهل المدينة يستبشرون,سورة الحجر,0
15,68,قال ان هٰؤلاء ضيفي فلا تفضحون,سورة الحجر,14
15,69,واتقوا الله ولا تخزون,سورة الحجر,44
15,70,قالوا اولم ننهك عن العٰلمين,سورة الحجر,16
15,71,قال هٰؤلاء بناتي ان كنتم فٰعلين,سورة الحجر,1
15,72,لعمرك انهم لفي سكرتهم يعمهون,سورة الحجر,25
15,73,فاخذتهم الصيحة مشرقين,سورة الحجر,0
15,74,فجعلنا عٰليها سافلها وامطرنا عليهم حجارة من سجيل,سورة الحجر,59
15,75,ان في ذٰلك لايٰت للمتوسمين,سورة الحجر,21
15,76,وانها لبسبيل مقيم,سورة الحجر,0
15,77,ان في ذٰلك لاية للمؤمنين,سورة الحجر,21
15,78,وان كان اصحٰب الايكة لظٰلمين,سورة الحجر,52
15,79,فانتقمنا منهم وانهما لبامام مبين,سورة الحجر,0
15,80,ولقد كذب اصحٰب الحجر المرسلين,سورة الحجر,52
15,81,وءاتينٰهم ءايٰتنا فكانوا عنها معرضين,سورة الحجر,28
15,82,وكانوا ينحتون من الجبال بيوتا ءامنين,سورة الحجر,59
15,83,فاخذتهم الصيحة مصبحين,سورة الحجر,0
15,84,فما اغنىٰ عنهم ما كانوا يكسبون,سورة الحجر,27
15,85,وما خلقنا السمٰوٰت والارض وما بينهما الا بالحق وان الساعة لاتية فاصفح الصفح الجميل,سورة الحجر,66
15,86,ان ربك هو الخلٰق العليم,سورة الحجر,4
15,87,ولقد ءاتينٰك سبعا من المثاني والقرءان العظيم,سورة الحجر,59
15,88,لا تمدن عينيك الىٰ ما متعنا به ازوٰجا منهم ولا تحزن عليهم واخفض جناحك للمؤمنين,سورة الحجر,44
15,89,وقل اني انا النذير المبين,سورة الحجر,12
15,90,كما انزلنا على المقتسمين,سورة الحجر,67
15,91,الذين جعلوا القرءان عضين,سورة الحجر,0
15,92,فوربك لنسلنهم اجمعين,سورة الحجر,57
15,93,عما كانوا يعملون,سورة الحجر,27
15,94,فاصدع بما تؤمر واعرض عن المشركين,سورة الحجر,68
15,95,انا كفينٰك المستهزءين,سورة الحجر,37
15,96,الذين يجعلون مع الله الٰها ءاخر فسوف يعلمون,سورة الحجر,23
15,97,ولقد نعلم انك يضيق صدرك بما يقولون,سورة الحجر,0
15,98,فسبح بحمد ربك وكن من السٰجدين,سورة الحجر,4
15,99,واعبد ربك حتىٰ ياتيك اليقين,سورة الحجر,4
16,0,سورة النحل,سورة النحل,6
16,0,بسم الله الرحمٰن الرحيم,سورة النحل,10
16,1,اتىٰ امر الله فلا تستعجلوه سبحٰنه وتعٰلىٰ عما يشركون,سورة النحل,35
16,2,ينزل الملٰئكة بالروح من امره علىٰ من يشاء من عباده ان انذروا انه لا الٰه الا انا فاتقون,سورة النحل,59
16,3,خلق السمٰوٰت والارض بالحق تعٰلىٰ عما يشركون,سورة النحل,66
16,4,خلق الانسٰن من نطفة فاذا هو خصيم مبين,سورة النحل,5
16,5,والانعٰم خلقها لكم فيها دفء ومنٰفع ومنها تاكلون,سورة النحل,64
16,6,ولكم فيها جمال حين تريحون وحين تسرحون,سورة النحل,38
16,7,وتحمل اثقالكم الىٰ بلد لم تكونوا بٰلغيه الا بشق الانفس ان ربكم لرءوف رحيم,سورة النحل,50
16,8,والخيل والبغال والحمير لتركبوها وزينة ويخلق ما لا تعلمون,سورة النحل,0
16,9,وعلى الله قصد السبيل ومنها جائر ولو شاء لهدىٰكم اجمعين,سورة النحل,19
16,10,هو الذي انزل من السماء ماء لكم منه شراب ومنه شجر فيه تسيمون,سورة النحل,59
16,11,ينبت لكم به الزرع والزيتون والنخيل والاعنٰب ومن كل الثمرٰت ان في ذٰلك لاية لقوم يتفكرون,سورة النحل,21
16,12,وسخر لكم اليل والنهار والشمس والقمر والنجوم مسخرٰت بامره ان في ذٰلك لايٰت لقوم يعقلون,سورة النحل,21
16,13,وما ذرا لكم في الارض مختلفا الوٰنه ان في ذٰلك لاية لقوم يذكرون,سورة النحل,8
16,14,وهو الذي سخر البحر لتاكلوا منه لحما طريا وتستخرجوا منه حلية تلبسونها وترى الفلك مواخر فيه ولتبتغوا من فضله ولعلكم تشكرون,سورة النحل,49
16,15,والقىٰ في الارض روٰسي ان تميد بكم وانهٰرا وسبلا لعلكم تهتدون,سورة النحل,65
16,16,وعلٰمٰت وبالنجم هم يهتدون,سورة النحل,9
16,17,افمن يخلق كمن لا يخلق افلا تذكرون,سورة النحل,50
16,18,وان تعدوا نعمة الله لا تحصوها ان الله لغفور رحيم,سورة النحل,3
16,19,والله يعلم ما تسرون وما تعلنون,سورة النحل,29
16,20,والذين يدعون من دون الله لا يخلقون شيا وهم يخلقون,سورة النحل,43
16,21,اموٰت غير احياء وما يشعرون ايان يبعثون,سورة النحل,29
16,22,الٰهكم الٰه وٰحد فالذين لا يؤمنون بالاخرة قلوبهم منكرة وهم مستكبرون,سورة النحل,43
16,23,لا جرم ان الله يعلم ما يسرون وما يعلنون انه لا يحب المستكبرين,سورة النحل,29
16,24,واذا قيل لهم ماذا انزل ربكم قالوا اسٰطير الاولين,سورة النحل,54
16,25,ليحملوا اوزارهم كاملة يوم القيٰمة ومن اوزار الذين يضلونهم بغير علم الا ساء ما يزرون,سورة النحل,40
16,26,قد مكر الذين من قبلهم فاتى الله بنيٰنهم من القواعد فخر عليهم السقف من فوقهم واتىٰهم العذاب من حيث لا يشعرون,سورة النحل,59
16,27,ثم يوم القيٰمة يخزيهم ويقول اين شركاءي الذين كنتم تشٰقون فيهم قال الذين اوتوا العلم ان الخزي اليوم والسوء على الكٰفرين,سورة النحل,40
16,28,الذين تتوفىٰهم الملٰئكة ظالمي انفسهم فالقوا السلم ما كنا نعمل من سوء بلىٰ ان الله عليم بما كنتم تعملون,سورة النحل,1
16,29,فادخلوا ابوٰب جهنم خٰلدين فيها فلبئس مثوى المتكبرين,سورة النحل,38
16,30,وقيل للذين اتقوا ماذا انزل ربكم قالوا خيرا للذين احسنوا في هٰذه الدنيا حسنة ولدار الاخرة خير ولنعم دار المتقين,سورة النحل,50
16,31,جنٰت عدن يدخلونها تجري من تحتها الانهٰر لهم فيها ما يشاءون كذٰلك يجزي الله المتقين,سورة النحل,13
16,32,الذين تتوفىٰهم الملٰئكة طيبين يقولون سلٰم عليكم ادخلوا الجنة بما كنتم تعملون,سورة النحل,1
16,33,هل ينظرون الا ان تاتيهم الملٰئكة او ياتي امر ربك كذٰلك فعل الذين من قبلهم وما ظلمهم الله ولٰكن كانوا انفسهم يظلمون,سورة النحل,46
16,34,فاصابهم سيات ما عملوا وحاق بهم ما كانوا به يستهزءون,سورة النحل,41
16,35,وقال الذين اشركوا لو شاء الله ما عبدنا من دونه من شيء نحن ولا ءاباؤنا ولا حرمنا من دونه من شيء كذٰلك فعل الذين من قبلهم فهل على الرسل الا البلٰغ المبين,سورة النحل,59
16,36,ولقد بعثنا في كل امة رسولا ان اعبدوا الله واجتنبوا الطٰغوت فمنهم من هدى الله ومنهم من حقت عليه الضلٰلة فسيروا في الارض فانظروا كيف كان عٰقبة المكذبين,سورة النحل,51
16,37,ان تحرص علىٰ هدىٰهم فان الله لا يهدي من يضل وما لهم من نٰصرين,سورة النحل,43
16,38,واقسموا بالله جهد ايمٰنهم لا يبعث الله من يموت بلىٰ وعدا عليه حقا ولٰكن اكثر الناس لا يعلمون,سورة النحل,46
16,39,ليبين لهم الذي يختلفون فيه وليعلم الذين كفروا انهم كانوا كٰذبين,سورة النحل,25
16,40,انما قولنا لشيء اذا اردنٰه ان نقول له كن فيكون,سورة النحل,11
16,41,والذين هاجروا في الله من بعد ما ظلموا لنبوئنهم في الدنيا حسنة ولاجر الاخرة اكبر لو كانوا يعلمون,سورة النحل,8
16,42,الذين صبروا وعلىٰ ربهم يتوكلون,سورة النحل,62
16,43,وما ارسلنا من قبلك الا رجالا نوحي اليهم فسلوا اهل الذكر ان كنتم لا تعلمون,سورة النحل,31
16,44,بالبينٰت والزبر وانزلنا اليك الذكر لتبين للناس ما نزل اليهم ولعلهم يتفكرون,سورة النحل,68
16,45,افامن الذين مكروا السيات ان يخسف الله بهم الارض او ياتيهم العذاب من حيث لا يشعرون,سورة النحل,43
16,46,او ياخذهم في تقلبهم فما هم بمعجزين,سورة النحل,30
16,47,او ياخذهم علىٰ تخوف فان ربكم لرءوف رحيم,سورة النحل,30
16,48,اولم يروا الىٰ ما خلق الله من شيء يتفيؤا ظلٰله عن اليمين والشمائل سجدا لله وهم دٰخرون,سورة النحل,52
16,49,ولله يسجد ما في السمٰوٰت وما في الارض من دابة والملٰئكة وهم لا يستكبرون,سورة النحل,8
16,50,يخافون ربهم من فوقهم ويفعلون ما يؤمرون,سورة النحل,59
16,51,وقال الله لا تتخذوا الٰهين اثنين انما هو الٰه وٰحد فايٰي فارهبون,سورة النحل,17
16,52,وله ما في السمٰوٰت والارض وله الدين واصبا افغير الله تتقون,سورة النحل,66
16,53,وما بكم من نعمة فمن الله ثم اذا مسكم الضر فاليه تجرون,سورة النحل,11
16,54,ثم اذا كشف الضر عنكم اذا فريق منكم بربهم يشركون,سورة النحل,11
16,55,ليكفروا بما ءاتينٰهم فتمتعوا فسوف تعلمون,سورة النحل,9
16,56,ويجعلون لما لا يعلمون نصيبا مما رزقنٰهم تالله لتسلن عما كنتم تفترون,سورة النحل,9
16,57,ويجعلون لله البنٰت سبحٰنه ولهم ما يشتهون,سورة النحل,0
16,58,واذا بشر احدهم بالانثىٰ ظل وجهه مسودا وهو كظيم,سورة النحل,49
16,59,يتوٰرىٰ من القوم من سوء ما بشر به ايمسكه علىٰ هون ام يدسه في التراب الا ساء ما يحكمون,سورة النحل,60
16,60,للذين لا يؤمنون بالاخرة مثل السوء ولله المثل الاعلىٰ وهو العزيز الحكيم,سورة النحل,61
16,61,ولو يؤاخذ الله الناس بظلمهم ما ترك عليها من دابة ولٰكن يؤخرهم الىٰ اجل مسمى فاذا جاء اجلهم لا يستخرون ساعة ولا يستقدمون,سورة النحل,46
16,62,ويجعلون لله ما يكرهون وتصف السنتهم الكذب ان لهم الحسنىٰ لا جرم ان لهم النار وانهم مفرطون,سورة النحل,43
16,63,تالله لقد ارسلنا الىٰ امم من قبلك فزين لهم الشيطٰن اعمٰلهم فهو وليهم اليوم ولهم عذاب اليم,سورة النحل,43
16,64,وما انزلنا عليك الكتٰب الا لتبين لهم الذي اختلفوا فيه وهدى ورحمة لقوم يؤمنون,سورة النحل,31
16,65,والله انزل من السماء ماء فاحيا به الارض بعد موتها ان في ذٰلك لاية لقوم يسمعون,سورة النحل,21
16,66,وان لكم في الانعٰم لعبرة نسقيكم مما في بطونه من بين فرث ودم لبنا خالصا سائغا للشٰربين,سورة النحل,8
16,67,ومن ثمرٰت النخيل والاعنٰب تتخذون منه سكرا ورزقا حسنا ان في ذٰلك لاية لقوم يعقلون,سورة النحل,21
16,68,واوحىٰ ربك الى النحل ان اتخذي من الجبال بيوتا ومن الشجر ومما يعرشون,سورة النحل,4
16,69,ثم كلي من كل الثمرٰت فاسلكي سبل ربك ذللا يخرج من بطونها شراب مختلف الوٰنه فيه شفاء للناس ان في ذٰلك لاية لقوم يتفكرون,سورة النحل,21
16,70,والله خلقكم ثم يتوفىٰكم ومنكم من يرد الىٰ ارذل العمر لكي لا يعلم بعد علم شيا ان الله عليم قدير,سورة النحل,69
16,71,والله فضل بعضكم علىٰ بعض في الرزق فما الذين فضلوا برادي رزقهم علىٰ ما ملكت ايمٰنهم فهم فيه سواء افبنعمة الله يجحدون,سورة النحل,67
16,72,والله جعل لكم من انفسكم ازوٰجا وجعل لكم من ازوٰجكم بنين وحفدة ورزقكم من الطيبٰت افبالبٰطل يؤمنون وبنعمت الله هم يكفرون,سورة النحل,59
16,73,ويعبدون من دون الله ما لا يملك لهم رزقا من السمٰوٰت والارض شيا ولا يستطيعون,سورة النحل,66
16,74,فلا تضربوا لله الامثال ان الله يعلم وانتم لا تعلمون,سورة النحل,14
16,75,ضرب الله مثلا عبدا مملوكا لا يقدر علىٰ شيء ومن رزقنٰه منا رزقا حسنا فهو ينفق منه سرا وجهرا هل يستون الحمد لله بل اكثرهم لا يعلمون,سورة النحل,43
16,76,وضرب الله مثلا رجلين احدهما ابكم لا يقدر علىٰ شيء وهو كل علىٰ مولىٰه اينما يوجهه لا يات بخير هل يستوي هو ومن يامر بالعدل وهو علىٰ صرٰط مستقيم,سورة النحل,49
16,77,ولله غيب السمٰوٰت والارض وما امر الساعة الا كلمح البصر او هو اقرب ان الله علىٰ كل شيء قدير,سورة النحل,66
16,78,والله اخرجكم من بطون امهٰتكم لا تعلمون شيا وجعل لكم السمع والابصٰر والافدة لعلكم تشكرون,سورة النحل,15
16,79,الم يروا الى الطير مسخرٰت في جو السماء ما يمسكهن الا الله ان في ذٰلك لايٰت لقوم يؤمنون,سورة النحل,21
16,80,والله جعل لكم من بيوتكم سكنا وجعل لكم من جلود الانعٰم بيوتا تستخفونها يوم ظعنكم ويوم اقامتكم ومن اصوافها واوبارها واشعارها اثٰثا ومتٰعا الىٰ حين,سورة النحل,59
16,81,والله جعل لكم مما خلق ظلٰلا وجعل لكم من الجبال اكنٰنا وجعل لكم سرٰبيل تقيكم الحر وسرٰبيل تقيكم باسكم كذٰلك يتم نعمته عليكم لعلكم تسلمون,سورة النحل,0
16,82,فان تولوا فانما عليك البلٰغ المبين,سورة النحل,3
16,83,يعرفون نعمت الله ثم ينكرونها واكثرهم الكٰفرون,سورة النحل,69
16,84,ويوم نبعث من كل امة شهيدا ثم لا يؤذن للذين كفروا ولا هم يستعتبون,سورة النحل,69
16,85,واذا رءا الذين ظلموا العذاب فلا يخفف عنهم ولا هم ينظرون,سورة النحل,54
16,86,واذا رءا الذين اشركوا شركاءهم قالوا ربنا هٰؤلاء شركاؤنا الذين كنا ندعوا من دونك فالقوا اليهم القول انكم لكٰذبون,سورة النحل,54
16,87,والقوا الى الله يومئذ السلم وضل عنهم ما كانوا يفترون,سورة النحل,27
16,88,الذين كفروا وصدوا عن سبيل الله زدنٰهم عذابا فوق العذاب بما كانوا يفسدون,سورة النحل,27
16,89,ويوم نبعث في كل امة شهيدا عليهم من انفسهم وجئنا بك شهيدا علىٰ هٰؤلاء ونزلنا عليك الكتٰب تبيٰنا لكل شيء وهدى ورحمة وبشرىٰ للمسلمين,سورة النحل,53
16,90,ان الله يامر بالعدل والاحسٰن وايتاي ذي القربىٰ وينهىٰ عن الفحشاء والمنكر والبغي يعظكم لعلكم تذكرون,سورة النحل,0
16,91,واوفوا بعهد الله اذا عٰهدتم ولا تنقضوا الايمٰن بعد توكيدها وقد جعلتم الله عليكم كفيلا ان الله يعلم ما تفعلون,سورة النحل,3
16,92,ولا تكونوا كالتي نقضت غزلها من بعد قوة انكٰثا تتخذون ايمٰنكم دخلا بينكم ان تكون امة هي اربىٰ من امة انما يبلوكم الله به وليبينن لكم يوم القيٰمة ما كنتم فيه تختلفون,سورة النحل,40
16,93,ولو شاء الله لجعلكم امة وٰحدة ولٰكن يضل من يشاء ويهدي من يشاء ولتسلن عما كنتم تعملون,سورة النحل,46
16,94,ولا تتخذوا ايمٰنكم دخلا بينكم فتزل قدم بعد ثبوتها وتذوقوا السوء بما صددتم عن سبيل الله ولكم عذاب عظيم,سورة النحل,43
16,95,ولا تشتروا بعهد الله ثمنا قليلا انما عند الله هو خير لكم ان كنتم تعلمون,سورة النحل,17
16,96,ما عندكم ينفد وما عند الله باق ولنجزين الذين صبروا اجرهم باحسن ما كانوا يعملون,سورة النحل,27
16,97,من عمل صٰلحا من ذكر او انثىٰ وهو مؤمن فلنحيينه حيوٰة طيبة ولنجزينهم اجرهم باحسن ما كانوا يعملون,سورة النحل,27
16,98,فاذا قرات القرءان فاستعذ بالله من الشيطٰن الرجيم,سورة النحل,48
16,99,انه ليس له سلطٰن على الذين ءامنوا وعلىٰ ربهم يتوكلون,سورة النحل,62
16,100,انما سلطٰنه على الذين يتولونه والذين هم به مشركون,سورة النحل,41
16,101,واذا بدلنا ءاية مكان ءاية والله اعلم بما ينزل قالوا انما انت مفتر بل اكثرهم لا يعلمون,سورة النحل,54
16,102,قل نزله روح القدس من ربك بالحق ليثبت الذين ءامنوا وهدى وبشرىٰ للمسلمين,سورة النحل,62
16,103,ولقد نعلم انهم يقولون انما يعلمه بشر لسان الذي يلحدون اليه اعجمي وهٰذا لسان عربي مبين,سورة النحل,20
16,104,ان الذين لا يؤمنون بايٰت الله لا يهديهم الله ولهم عذاب اليم,سورة النحل,43
16,105,انما يفتري الكذب الذين لا يؤمنون بايٰت الله واولٰئك هم الكٰذبون,سورة النحل,63
16,106,من كفر بالله من بعد ايمٰنه الا من اكره وقلبه مطمئن بالايمٰن ولٰكن من شرح بالكفر صدرا فعليهم غضب من الله ولهم عذاب عظيم,سورة النحل,59
16,107,ذٰلك بانهم استحبوا الحيوٰة الدنيا على الاخرة وان الله لا يهدي القوم الكٰفرين,سورة النحل,7
16,108,اولٰئك الذين طبع الله علىٰ قلوبهم وسمعهم وابصٰرهم واولٰئك هم الغٰفلون,سورة النحل,63
16,109,لا جرم انهم في الاخرة هم الخٰسرون,سورة النحل,35
16,110,ثم ان ربك للذين هاجروا من بعد ما فتنوا ثم جٰهدوا وصبروا ان ربك من بعدها لغفور رحيم,سورة النحل,69
16,111,يوم تاتي كل نفس تجٰدل عن نفسها وتوفىٰ كل نفس ما عملت وهم لا يظلمون,سورة النحل,56
16,112,وضرب الله مثلا قرية كانت ءامنة مطمئنة ياتيها رزقها رغدا من كل مكان فكفرت بانعم الله فاذٰقها الله لباس الجوع والخوف بما كانوا يصنعون,سورة النحل,24
16,113,ولقد جاءهم رسول منهم فكذبوه فاخذهم العذاب وهم ظٰلمون,سورة النحل,18
16,114,فكلوا مما رزقكم الله حلٰلا طيبا واشكروا نعمت الله ان كنتم اياه تعبدون,سورة النحل,3
16,115,انما حرم عليكم الميتة والدم ولحم الخنزير وما اهل لغير الله به فمن اضطر غير باغ ولا عاد فان الله غفور رحيم,سورة النحل,3
16,116,ولا تقولوا لما تصف السنتكم الكذب هٰذا حلٰل وهٰذا حرام لتفتروا على الله الكذب ان الذين يفترون على الله الكذب لا يفلحون,سورة النحل,20
16,117,متٰع قليل ولهم عذاب اليم,سورة النحل,43
16,118,وعلى الذين هادوا حرمنا ما قصصنا عليك من قبل وما ظلمنٰهم ولٰكن كانوا انفسهم يظلمون,سورة النحل,46
16,119,ثم ان ربك للذين عملوا السوء بجهٰلة ثم تابوا من بعد ذٰلك واصلحوا ان ربك من بعدها لغفور رحيم,سورة النحل,69
16,120,ان ابرٰهيم كان امة قانتا لله حنيفا ولم يك من المشركين,سورة النحل,68
16,121,شاكرا لانعمه اجتبىٰه وهدىٰه الىٰ صرٰط مستقيم,سورة النحل,0
16,122,وءاتينٰه في الدنيا حسنة وانه في الاخرة لمن الصٰلحين,سورة النحل,65
16,123,ثم اوحينا اليك ان اتبع ملة ابرٰهيم حنيفا وما كان من المشركين,سورة النحل,68
16,124,انما جعل السبت على الذين اختلفوا فيه وان ربك ليحكم بينهم يوم القيٰمة فيما كانوا فيه يختلفون,سورة النحل,40
16,125,ادع الىٰ سبيل ربك بالحكمة والموعظة الحسنة وجٰدلهم بالتي هي احسن ان ربك هو اعلم بمن ضل عن سبيله وهو اعلم بالمهتدين,سورة النحل,4
16,126,وان عاقبتم فعاقبوا بمثل ما عوقبتم به ولئن صبرتم لهو خير للصٰبرين,سورة النحل,41
16,127,واصبر وما صبرك الا بالله ولا تحزن عليهم ولا تك في ضيق مما يمكرون,سورة النحل,44
16,128,ان الله مع الذين اتقوا والذين هم محسنون,سورة النحل,9
17,0,بسم الله الرحمٰن الرحيم,سورة الاسراء,10
17,0,سورة الاسراء,سورة الاسراء,6
17,1,سبحٰن الذي اسرىٰ بعبده ليلا من المسجد الحرام الى المسجد الاقصا الذي بٰركنا حوله لنريه من ءايٰتنا انه هو السميع البصير,سورة الاسراء,59
17,2,وءاتينا موسى الكتٰب وجعلنٰه هدى لبني اسرٰءيل الا تتخذوا من دوني وكيلا,سورة الاسراء,31
17,3,ذرية من حملنا مع نوح انه كان عبدا شكورا,سورة الاسراء,36
17,4,وقضينا الىٰ بني اسرٰءيل في الكتٰب لتفسدن في الارض مرتين ولتعلن علوا كبيرا,سورة الاسراء,8
17,5,فاذا جاء وعد اولىٰهما بعثنا عليكم عبادا لنا اولي باس شديد فجاسوا خلٰل الديار وكان وعدا مفعولا,سورة الاسراء,48
17,6,ثم رددنا لكم الكرة عليهم وامددنٰكم باموٰل وبنين وجعلنٰكم اكثر نفيرا,سورة الاسراء,45
17,7,ان احسنتم احسنتم لانفسكم وان اساتم فلها فاذا جاء وعد الاخرة ليسوا وجوهكم وليدخلوا المسجد كما دخلوه اول مرة وليتبروا ما علوا تتبيرا,سورة الاسراء,48
17,8,عسىٰ ربكم ان يرحمكم وان عدتم عدنا وجعلنا جهنم للكٰفرين حصيرا,سورة الاسراء,7
17,9,ان هٰذا القرءان يهدي للتي هي اقوم ويبشر المؤمنين الذين يعملون الصٰلحٰت ان لهم اجرا كبيرا,سورة الاسراء,20
17,10,وان الذين لا يؤمنون بالاخرة اعتدنا لهم عذابا اليما,سورة الاسراء,43
17,11,ويدع الانسٰن بالشر دعاءه بالخير وكان الانسٰن عجولا,سورة الاسراء,32
17,12,وجعلنا اليل والنهار ءايتين فمحونا ءاية اليل وجعلنا ءاية النهار مبصرة لتبتغوا فضلا من ربكم ولتعلموا عدد السنين والحساب وكل شيء فصلنٰه تفصيلا,سورة الاسراء,0
17,13,وكل انسٰن الزمنٰه طٰئره في عنقه ونخرج له يوم القيٰمة كتٰبا يلقىٰه منشورا,سورة الاسراء,40
17,14,اقرا كتٰبك كفىٰ بنفسك اليوم عليك حسيبا,سورة الاسراء,0
17,15,من اهتدىٰ فانما يهتدي لنفسه ومن ضل فانما يضل عليها ولا تزر وازرة وزر اخرىٰ وما كنا معذبين حتىٰ نبعث رسولا,سورة الاسراء,0
17,16,واذا اردنا ان نهلك قرية امرنا مترفيها ففسقوا فيها فحق عليها القول فدمرنٰها تدميرا,سورة الاسراء,24
17,17,وكم اهلكنا من القرون من بعد نوح وكفىٰ بربك بذنوب عباده خبيرا بصيرا,سورة الاسراء,24
17,18,من كان يريد العاجلة عجلنا له فيها ما نشاء لمن نريد ثم جعلنا له جهنم يصلىٰها مذموما مدحورا,سورة الاسراء,38
17,19,ومن اراد الاخرة وسعىٰ لها سعيها وهو مؤمن فاولٰئك كان سعيهم مشكورا,سورة الاسراء,32
17,20,كلا نمد هٰؤلاء وهٰؤلاء من عطاء ربك وما كان عطاء ربك محظورا,سورة الاسراء,4
17,21,انظر كيف فضلنا بعضهم علىٰ بعض وللاخرة اكبر درجٰت واكبر تفضيلا,سورة الاسراء,67
17,22,لا تجعل مع الله الٰها ءاخر فتقعد مذموما مخذولا,سورة الاسراء,23
17,23,وقضىٰ ربك الا تعبدوا الا اياه وبالوٰلدين احسٰنا اما يبلغن عندك الكبر احدهما او كلاهما فلا تقل لهما اف ولا تنهرهما وقل لهما قولا كريما,سورة الاسراء,31
17,24,واخفض لهما جناح الذل من الرحمة وقل رب ارحمهما كما ربياني صغيرا,سورة الاسراء,0
17,25,ربكم اعلم بما في نفوسكم ان تكونوا صٰلحين فانه كان للاوٰبين غفورا,سورة الاسراء,50
17,26,وءات ذا القربىٰ حقه والمسكين وابن السبيل ولا تبذر تبذيرا,سورة الاسراء,44
17,27,ان المبذرين كانوا اخوٰن الشيٰطين وكان الشيطٰن لربه كفورا,سورة الاسراء,32
17,28,واما تعرضن عنهم ابتغاء رحمة من ربك ترجوها فقل لهم قولا ميسورا,سورة الاسراء,4
17,29,ولا تجعل يدك مغلولة الىٰ عنقك ولا تبسطها كل البسط فتقعد ملوما محسورا,سورة الاسراء,44
17,30,ان ربك يبسط الرزق لمن يشاء ويقدر انه كان بعباده خبيرا بصيرا,سورة الاسراء,36
17,31,ولا تقتلوا اولٰدكم خشية املٰق نحن نرزقهم واياكم ان قتلهم كان خطا كبيرا,سورة الاسراء,44
17,32,ولا تقربوا الزنىٰ انه كان فٰحشة وساء سبيلا,سورة الاسراء,36
17,33,ولا تقتلوا النفس التي حرم الله الا بالحق ومن قتل مظلوما فقد جعلنا لوليه سلطٰنا فلا يسرف في القتل انه كان منصورا,سورة الاسراء,44
17,34,ولا تقربوا مال اليتيم الا بالتي هي احسن حتىٰ يبلغ اشده واوفوا بالعهد ان العهد كان مسولا,سورة الاسراء,44
17,35,واوفوا الكيل اذا كلتم وزنوا بالقسطاس المستقيم ذٰلك خير واحسن تاويلا,سورة الاسراء,11
17,36,ولا تقف ما ليس لك به علم ان السمع والبصر والفؤاد كل اولٰئك كان عنه مسولا,سورة الاسراء,15
17,37,ولا تمش في الارض مرحا انك لن تخرق الارض ولن تبلغ الجبال طولا,سورة الاسراء,8
17,38,كل ذٰلك كان سيئه عند ربك مكروها,سورة الاسراء,4
17,39,ذٰلك مما اوحىٰ اليك ربك من الحكمة ولا تجعل مع الله الٰها ءاخر فتلقىٰ في جهنم ملوما مدحورا,سورة الاسراء,23
17,40,افاصفىٰكم ربكم بالبنين واتخذ من الملٰئكة انٰثا انكم لتقولون قولا عظيما,سورة الاسراء,50
17,41,ولقد صرفنا في هٰذا القرءان ليذكروا وما يزيدهم الا نفورا,سورة الاسراء,20
17,42,قل لو كان معه ءالهة كما يقولون اذا لابتغوا الىٰ ذي العرش سبيلا,سورة الاسراء,11
17,43,سبحٰنه وتعٰلىٰ عما يقولون علوا كبيرا,سورة الاسراء,0
17,44,تسبح له السمٰوٰت السبع والارض ومن فيهن وان من شيء الا يسبح بحمده ولٰكن لا تفقهون تسبيحهم انه كان حليما غفورا,سورة الاسراء,46
17,45,واذا قرات القرءان جعلنا بينك وبين الذين لا يؤمنون بالاخرة حجابا مستورا,سورة الاسراء,43
17,46,وجعلنا علىٰ قلوبهم اكنة ان يفقهوه وفي ءاذانهم وقرا واذا ذكرت ربك في القرءان وحده ولوا علىٰ ادبٰرهم نفورا,سورة الاسراء,54
17,47,نحن اعلم بما يستمعون به اذ يستمعون اليك واذ هم نجوىٰ اذ يقول الظٰلمون ان تتبعون الا رجلا مسحورا,سورة الاسراء,41
17,48,انظر كيف ضربوا لك الامثال فضلوا فلا يستطيعون سبيلا,سورة الاسراء,14
17,49,وقالوا اءذا كنا عظٰما ورفٰتا اءنا لمبعوثون خلقا جديدا,سورة الاسراء,0
17,50,قل كونوا حجارة او حديدا,سورة الاسراء,30
17,51,او خلقا مما يكبر في صدوركم فسيقولون من يعيدنا قل الذي فطركم اول مرة فسينغضون اليك رءوسهم ويقولون متىٰ هو قل عسىٰ ان يكون قريبا,سورة الاسراء,30
17,52,يوم يدعوكم فتستجيبون بحمده وتظنون ان لبثتم الا قليلا,سورة الاسراء,31
17,53,وقل لعبادي يقولوا التي هي احسن ان الشيطٰن ينزغ بينهم ان الشيطٰن كان للانسٰن عدوا مبينا,سورة الاسراء,0
17,54,ربكم اعلم بكم ان يشا يرحمكم او ان يشا يعذبكم وما ارسلنٰك عليهم وكيلا,سورة الاسراء,30
17,55,وربك اعلم بمن في السمٰوٰت والارض ولقد فضلنا بعض النبين علىٰ بعض وءاتينا داود زبورا,سورة الاسراء,67
17,56,قل ادعوا الذين زعمتم من دونه فلا يملكون كشف الضر عنكم ولا تحويلا,سورة الاسراء,44
17,57,اولٰئك الذين يدعون يبتغون الىٰ ربهم الوسيلة ايهم اقرب ويرجون رحمته ويخافون عذابه ان عذاب ربك كان محذورا,سورة الاسراء,63
17,58,وان من قرية الا نحن مهلكوها قبل يوم القيٰمة او معذبوها عذابا شديدا كان ذٰلك في الكتٰب مسطورا,سورة الاسراء,40
17,59,وما منعنا ان نرسل بالايٰت الا ان كذب بها الاولون وءاتينا ثمود الناقة مبصرة فظلموا بها وما نرسل بالايٰت الا تخويفا,سورة الاسراء,31
17,60,واذ قلنا لك ان ربك احاط بالناس وما جعلنا الرءيا التي ارينٰك الا فتنة للناس والشجرة الملعونة في القرءان ونخوفهم فما يزيدهم الا طغيٰنا كبيرا,سورة الاسراء,31
17,61,واذ قلنا للملٰئكة اسجدوا لادم فسجدوا الا ابليس قال ءاسجد لمن خلقت طينا,سورة الاسراء,19
17,62,قال ارءيتك هٰذا الذي كرمت علي لئن اخرتن الىٰ يوم القيٰمة لاحتنكن ذريته الا قليلا,سورة الاسراء,40
17,63,قال اذهب فمن تبعك منهم فان جهنم جزاؤكم جزاء موفورا,سورة الاسراء,26
17,64,واستفزز من استطعت منهم بصوتك واجلب عليهم بخيلك ورجلك وشاركهم في الاموٰل والاولٰد وعدهم وما يعدهم الشيطٰن الا غرورا,سورة الاسراء,31
17,65,ان عبادي ليس لك عليهم سلطٰن وكفىٰ بربك وكيلا,سورة الاسراء,15
17,66,ربكم الذي يزجي لكم الفلك في البحر لتبتغوا من فضله انه كان بكم رحيما,سورة الاسراء,50
17,67,واذا مسكم الضر في البحر ضل من تدعون الا اياه فلما نجىٰكم الى البر اعرضتم وكان الانسٰن كفورا,سورة الاسراء,54
17,68,افامنتم ان يخسف بكم جانب البر او يرسل عليكم حاصبا ثم لا تجدوا لكم وكيلا,سورة الاسراء,69
17,69,ام امنتم ان يعيدكم فيه تارة اخرىٰ فيرسل عليكم قاصفا من الريح فيغرقكم بما كفرتم ثم لا تجدوا لكم علينا به تبيعا,سورة الاسراء,41
17,70,ولقد كرمنا بني ءادم وحملنٰهم في البر والبحر ورزقنٰهم من الطيبٰت وفضلنٰهم علىٰ كثير ممن خلقنا تفضيلا,سورة الاسراء,9
17,71,يوم ندعوا كل اناس بامٰمهم فمن اوتي كتٰبه بيمينه فاولٰئك يقرءون كتٰبهم ولا يظلمون فتيلا,سورة الاسراء,32
17,72,ومن كان في هٰذه اعمىٰ فهو في الاخرة اعمىٰ واضل سبيلا,سورة الاسراء,8
17,73,وان كادوا ليفتنونك عن الذي اوحينا اليك لتفتري علينا غيره واذا لاتخذوك خليلا,سورة الاسراء,68
17,74,ولولا ان ثبتنٰك لقد كدت تركن اليهم شيا قليلا,سورة الاسراء,0
17,75,اذا لاذقنٰك ضعف الحيوٰة وضعف الممات ثم لا تجد لك علينا نصيرا,سورة الاسراء,11
17,76,وان كادوا ليستفزونك من الارض ليخرجوك منها واذا لا يلبثون خلٰفك الا قليلا,سورة الاسراء,64
17,77,سنة من قد ارسلنا قبلك من رسلنا ولا تجد لسنتنا تحويلا,سورة الاسراء,59
17,78,اقم الصلوٰة لدلوك الشمس الىٰ غسق اليل وقرءان الفجر ان قرءان الفجر كان مشهودا,سورة الاسراء,48
17,79,ومن اليل فتهجد به نافلة لك عسىٰ ان يبعثك ربك مقاما محمودا,سورة الاسراء,41
17,80,وقل رب ادخلني مدخل صدق واخرجني مخرج صدق واجعل لي من لدنك سلطٰنا نصيرا,سورة الاسراء,0
17,81,وقل جاء الحق وزهق البٰطل ان البٰطل كان زهوقا,سورة الاسراء,0
17,82,وننزل من القرءان ما هو شفاء ورحمة للمؤمنين ولا يزيد الظٰلمين الا خسارا,سورة الاسراء,31
17,83,واذا انعمنا على الانسٰن اعرض ونا بجانبه واذا مسه الشر كان يوسا,سورة الاسراء,54
17,84,قل كل يعمل علىٰ شاكلته فربكم اعلم بمن هو اهدىٰ سبيلا,سورة الاسراء,0
17,85,ويسلونك عن الروح قل الروح من امر ربي وما اوتيتم من العلم الا قليلا,سورة الاسراء,31
17,86,ولئن شئنا لنذهبن بالذي اوحينا اليك ثم لا تجد لك به علينا وكيلا,سورة الاسراء,68
17,87,الا رحمة من ربك ان فضله كان عليك كبيرا,سورة الاسراء,4
17,88,قل لئن اجتمعت الانس والجن علىٰ ان ياتوا بمثل هٰذا القرءان لا ياتون بمثله ولو كان بعضهم لبعض ظهيرا,سورة الاسراء,67
17,89,ولقد صرفنا للناس في هٰذا القرءان من كل مثل فابىٰ اكثر الناس الا كفورا,سورة الاسراء,20
17,90,وقالوا لن نؤمن لك حتىٰ تفجر لنا من الارض ينبوعا,سورة الاسراء,21
17,91,او تكون لك جنة من نخيل وعنب فتفجر الانهٰر خلٰلها تفجيرا,سورة الاسراء,39
17,92,او تسقط السماء كما زعمت علينا كسفا او تاتي بالله والملٰئكة قبيلا,سورة الاسراء,30
17,93,او يكون لك بيت من زخرف او ترقىٰ في السماء ولن نؤمن لرقيك حتىٰ تنزل علينا كتٰبا نقرؤه قل سبحان ربي هل كنت الا بشرا رسولا,سورة الاسراء,30
17,94,وما منع الناس ان يؤمنوا اذ جاءهم الهدىٰ الا ان قالوا ابعث الله بشرا رسولا,سورة الاسراء,31
17,95,قل لو كان في الارض ملٰئكة يمشون مطمئنين لنزلنا عليهم من السماء ملكا رسولا,سورة الاسراء,8
17,96,قل كفىٰ بالله شهيدا بيني وبينكم انه كان بعباده خبيرا بصيرا,سورة الاسراء,36
17,97,ومن يهد الله فهو المهتد ومن يضلل فلن تجد لهم اولياء من دونه ونحشرهم يوم القيٰمة علىٰ وجوههم عميا وبكما وصما ماوىٰهم جهنم كلما خبت زدنٰهم سعيرا,سورة الاسراء,40
17,98,ذٰلك جزاؤهم بانهم كفروا بايٰتنا وقالوا اءذا كنا عظٰما ورفٰتا اءنا لمبعوثون خلقا جديدا,سورة الاسراء,28
17,99,اولم يروا ان الله الذي خلق السمٰوٰت والارض قادر علىٰ ان يخلق مثلهم وجعل لهم اجلا لا ريب فيه فابى الظٰلمون الا كفورا,سورة الاسراء,66
17,100,قل لو انتم تملكون خزائن رحمة ربي اذا لامسكتم خشية الانفاق وكان الانسٰن قتورا,سورة الاسراء,11
17,101,ولقد ءاتينا موسىٰ تسع ءايٰت بينٰت فسل بني اسرٰءيل اذ جاءهم فقال له فرعون اني لاظنك يٰموسىٰ مسحورا,سورة الاسراء,42
17,102,قال لقد علمت ما انزل هٰؤلاء الا رب السمٰوٰت والارض بصائر واني لاظنك يٰفرعون مثبورا,سورة الاسراء,66
17,103,فاراد ان يستفزهم من الارض فاغرقنٰه ومن معه جميعا,سورة الاسراء,8
17,104,وقلنا من بعده لبني اسرٰءيل اسكنوا الارض فاذا جاء وعد الاخرة جئنا بكم لفيفا,سورة الاسراء,48
17,105,وبالحق انزلنٰه وبالحق نزل وما ارسلنٰك الا مبشرا ونذيرا,سورة الاسراء,31
17,106,وقرءانا فرقنٰه لتقراه على الناس علىٰ مكث ونزلنٰه تنزيلا,سورة الاسراء,67
17,107,قل ءامنوا به او لا تؤمنوا ان الذين اوتوا العلم من قبله اذا يتلىٰ عليهم يخرون للاذقان سجدا,سورة الاسراء,62
17,108,ويقولون سبحٰن ربنا ان كان وعد ربنا لمفعولا,سورة الاسراء,0
17,109,ويخرون للاذقان يبكون ويزيدهم خشوعا,سورة الاسراء,0
17,110,قل ادعوا الله او ادعوا الرحمٰن ايا ما تدعوا فله الاسماء الحسنىٰ ولا تجهر بصلاتك ولا تخافت بها وابتغ بين ذٰلك سبيلا,سورة الاسراء,44
17,111,وقل الحمد لله الذي لم يتخذ ولدا ولم يكن له شريك في الملك ولم يكن له ولي من الذل وكبره تكبيرا,سورة الاسراء,0
18,0,سورة الكهف,سورة الكهف,6
18,0,بسم الله الرحمٰن الرحيم,سورة الكهف,10
18,1,الحمد لله الذي انزل علىٰ عبده الكتٰب ولم يجعل له عوجا,سورة الكهف,0
18,2,قيما لينذر باسا شديدا من لدنه ويبشر المؤمنين الذين يعملون الصٰلحٰت ان لهم اجرا حسنا,سورة الكهف,2
18,3,مٰكثين فيه ابدا,سورة الكهف,0
18,4,وينذر الذين قالوا اتخذ الله ولدا,سورة الكهف,43
18,5,ما لهم به من علم ولا لابائهم كبرت كلمة تخرج من افوٰههم ان يقولون الا كذبا,سورة الكهف,15
18,6,فلعلك بٰخع نفسك علىٰ ءاثٰرهم ان لم يؤمنوا بهٰذا الحديث اسفا,سورة الكهف,41
18,7,انا جعلنا ما على الارض زينة لها لنبلوهم ايهم احسن عملا,سورة الكهف,39
18,8,وانا لجٰعلون ما عليها صعيدا جرزا,سورة الكهف,0
18,9,ام حسبت ان اصحٰب الكهف والرقيم كانوا من ءايٰتنا عجبا,سورة الكهف,60
18,10,اذ اوى الفتية الى الكهف فقالوا ربنا ءاتنا من لدنك رحمة وهيئ لنا من امرنا رشدا,سورة الكهف,59
18,11,فضربنا علىٰ ءاذانهم في الكهف سنين عددا,سورة الكهف,0
18,12,ثم بعثنٰهم لنعلم اي الحزبين احصىٰ لما لبثوا امدا,سورة الكهف,69
18,13,نحن نقص عليك نباهم بالحق انهم فتية ءامنوا بربهم وزدنٰهم هدى,سورة الكهف,25
18,14,وربطنا علىٰ قلوبهم اذ قاموا فقالوا ربنا رب السمٰوٰت والارض لن ندعوا من دونه الٰها لقد قلنا اذا شططا,سورة الكهف,66
18,15,هٰؤلاء قومنا اتخذوا من دونه ءالهة لولا ياتون عليهم بسلطٰن بين فمن اظلم ممن افترىٰ على الله كذبا,سورة الكهف,53
18,16,واذ اعتزلتموهم وما يعبدون الا الله فاوا الى الكهف ينشر لكم ربكم من رحمته ويهيئ لكم من امركم مرفقا,سورة الكهف,50
18,17,وترى الشمس اذا طلعت تزٰور عن كهفهم ذات اليمين واذا غربت تقرضهم ذات الشمال وهم في فجوة منه ذٰلك من ءايٰت الله من يهد الله فهو المهتد ومن يضلل فلن تجد له وليا مرشدا,سورة الكهف,52
18,18,وتحسبهم ايقاظا وهم رقود ونقلبهم ذات اليمين وذات الشمال وكلبهم بٰسط ذراعيه بالوصيد لو اطلعت عليهم لوليت منهم فرارا ولملئت منهم رعبا,سورة الكهف,52
18,19,وكذٰلك بعثنٰهم ليتساءلوا بينهم قال قائل منهم كم لبثتم قالوا لبثنا يوما او بعض يوم قالوا ربكم اعلم بما لبثتم فابعثوا احدكم بورقكم هٰذه الى المدينة فلينظر ايها ازكىٰ طعاما فلياتكم برزق منه وليتلطف ولا يشعرن بكم احدا,سورة الكهف,0
18,20,انهم ان يظهروا عليكم يرجموكم او يعيدوكم في ملتهم ولن تفلحوا اذا ابدا,سورة الكهف,25
18,21,وكذٰلك اعثرنا عليهم ليعلموا ان وعد الله حق وان الساعة لا ريب فيها اذ يتنٰزعون بينهم امرهم فقالوا ابنوا عليهم بنيٰنا ربهم اعلم بهم قال الذين غلبوا علىٰ امرهم لنتخذن عليهم مسجدا,سورة الكهف,43
18,22,سيقولون ثلٰثة رابعهم كلبهم ويقولون خمسة سادسهم كلبهم رجما بالغيب ويقولون سبعة وثامنهم كلبهم قل ربي اعلم بعدتهم ما يعلمهم الا قليل فلا تمار فيهم الا مراء ظٰهرا ولا تستفت فيهم منهم احدا,سورة الكهف,31
18,23,ولا تقولن لشايء اني فاعل ذٰلك غدا,سورة الكهف,12
18,24,الا ان يشاء الله واذكر ربك اذا نسيت وقل عسىٰ ان يهدين ربي لاقرب من هٰذا رشدا,سورة الكهف,20
18,25,ولبثوا في كهفهم ثلٰث مائة سنين وازدادوا تسعا,سورة الكهف,0
18,26,قل الله اعلم بما لبثوا له غيب السمٰوٰت والارض ابصر به واسمع ما لهم من دونه من ولي ولا يشرك في حكمه احدا,سورة الكهف,66
18,27,واتل ما اوحي اليك من كتاب ربك لا مبدل لكلمٰته ولن تجد من دونه ملتحدا,سورة الكهف,59
18,28,واصبر نفسك مع الذين يدعون ربهم بالغدوٰة والعشي يريدون وجهه ولا تعد عيناك عنهم تريد زينة الحيوٰة الدنيا ولا تطع من اغفلنا قلبه عن ذكرنا واتبع هوىٰه وكان امره فرطا,سورة الكهف,44
18,29,وقل الحق من ربكم فمن شاء فليؤمن ومن شاء فليكفر انا اعتدنا للظٰلمين نارا احاط بهم سرادقها وان يستغيثوا يغاثوا بماء كالمهل يشوي الوجوه بئس الشراب وساءت مرتفقا,سورة الكهف,19
18,30,ان الذين ءامنوا وعملوا الصٰلحٰت انا لا نضيع اجر من احسن عملا,سورة الكهف,2
18,31,اولٰئك لهم جنٰت عدن تجري من تحتهم الانهٰر يحلون فيها من اساور من ذهب ويلبسون ثيابا خضرا من سندس واستبرق متكين فيها على الارائك نعم الثواب وحسنت مرتفقا,سورة الكهف,13
18,32,واضرب لهم مثلا رجلين جعلنا لاحدهما جنتين من اعنٰب وحففنٰهما بنخل وجعلنا بينهما زرعا,سورة الكهف,0
18,33,كلتا الجنتين ءاتت اكلها ولم تظلم منه شيا وفجرنا خلٰلهما نهرا,سورة الكهف,0
18,34,وكان له ثمر فقال لصٰحبه وهو يحاوره انا اكثر منك مالا واعز نفرا,سورة الكهف,37
18,35,ودخل جنته وهو ظالم لنفسه قال ما اظن ان تبيد هٰذه ابدا,سورة الكهف,49
18,36,وما اظن الساعة قائمة ولئن رددت الىٰ ربي لاجدن خيرا منها منقلبا,سورة الكهف,64
18,37,قال له صاحبه وهو يحاوره اكفرت بالذي خلقك من تراب ثم من نطفة ثم سوىٰك رجلا,سورة الكهف,69
18,38,لٰكنا هو الله ربي ولا اشرك بربي احدا,سورة الكهف,44
18,39,ولولا اذ دخلت جنتك قلت ما شاء الله لا قوة الا بالله ان ترن انا اقل منك مالا وولدا,سورة الكهف,19
18,40,فعسىٰ ربي ان يؤتين خيرا من جنتك ويرسل عليها حسبانا من السماء فتصبح صعيدا زلقا,سورة الكهف,59
18,41,او يصبح ماؤها غورا فلن تستطيع له طلبا,سورة الكهف,30
18,42,واحيط بثمره فاصبح يقلب كفيه علىٰ ما انفق فيها وهي خاوية علىٰ عروشها ويقول يٰليتني لم اشرك بربي احدا,سورة الكهف,67
18,43,ولم تكن له فئة ينصرونه من دون الله وما كان منتصرا,سورة الكهف,29
18,44,هنالك الولٰية لله الحق هو خير ثوابا وخير عقبا,سورة الكهف,17
18,45,واضرب لهم مثل الحيوٰة الدنيا كماء انزلنٰه من السماء فاختلط به نبات الارض فاصبح هشيما تذروه الريٰح وكان الله علىٰ كل شيء مقتدرا,سورة الكهف,32
18,46,المال والبنون زينة الحيوٰة الدنيا والبٰقيٰت الصٰلحٰت خير عند ربك ثوابا وخير املا,سورة الكهف,17
18,47,ويوم نسير الجبال وترى الارض بارزة وحشرنٰهم فلم نغادر منهم احدا,سورة الكهف,0
18,48,وعرضوا علىٰ ربك صفا لقد جئتمونا كما خلقنٰكم اول مرة بل زعمتم الن نجعل لكم موعدا,سورة الكهف,45
18,49,ووضع الكتٰب فترى المجرمين مشفقين مما فيه ويقولون يٰويلتنا مال هٰذا الكتٰب لا يغادر صغيرة ولا كبيرة الا احصىٰها ووجدوا ما عملوا حاضرا ولا يظلم ربك احدا,سورة الكهف,44
18,50,واذ قلنا للملٰئكة اسجدوا لادم فسجدوا الا ابليس كان من الجن ففسق عن امر ربه افتتخذونه وذريته اولياء من دوني وهم لكم عدو بئس للظٰلمين بدلا,سورة الكهف,59
18,51,ما اشهدتهم خلق السمٰوٰت والارض ولا خلق انفسهم وما كنت متخذ المضلين عضدا,سورة الكهف,66
18,52,ويوم يقول نادوا شركاءي الذين زعمتم فدعوهم فلم يستجيبوا لهم وجعلنا بينهم موبقا,سورة الكهف,0
18,53,ورءا المجرمون النار فظنوا انهم مواقعوها ولم يجدوا عنها مصرفا,سورة الكهف,25
18,54,ولقد صرفنا في هٰذا القرءان للناس من كل مثل وكان الانسٰن اكثر شيء جدلا,سورة الكهف,20
18,55,وما منع الناس ان يؤمنوا اذ جاءهم الهدىٰ ويستغفروا ربهم الا ان تاتيهم سنة الاولين او ياتيهم العذاب قبلا,سورة الكهف,31
18,56,وما نرسل المرسلين الا مبشرين ومنذرين ويجٰدل الذين كفروا بالبٰطل ليدحضوا به الحق واتخذوا ءايٰتي وما انذروا هزوا,سورة الكهف,29
18,57,ومن اظلم ممن ذكر بايٰت ربه فاعرض عنها ونسي ما قدمت يداه انا جعلنا علىٰ قلوبهم اكنة ان يفقهوه وفي ءاذانهم وقرا وان تدعهم الى الهدىٰ فلن يهتدوا اذا ابدا,سورة الكهف,53
18,58,وربك الغفور ذو الرحمة لو يؤاخذهم بما كسبوا لعجل لهم العذاب بل لهم موعد لن يجدوا من دونه موئلا,سورة الكهف,27
18,59,وتلك القرىٰ اهلكنٰهم لما ظلموا وجعلنا لمهلكهم موعدا,سورة الكهف,9
18,60,واذ قال موسىٰ لفتىٰه لا ابرح حتىٰ ابلغ مجمع البحرين او امضي حقبا,سورة الكهف,26
18,61,فلما بلغا مجمع بينهما نسيا حوتهما فاتخذ سبيله في البحر سربا,سورة الكهف,0
18,62,فلما جاوزا قال لفتىٰه ءاتنا غداءنا لقد لقينا من سفرنا هٰذا نصبا,سورة الكهف,26
18,63,قال ارءيت اذ اوينا الى الصخرة فاني نسيت الحوت وما انسىٰنيه الا الشيطٰن ان اذكره واتخذ سبيله في البحر عجبا,سورة الكهف,26
18,64,قال ذٰلك ما كنا نبغ فارتدا علىٰ ءاثارهما قصصا,سورة الكهف,26
18,65,فوجدا عبدا من عبادنا ءاتينٰه رحمة من عندنا وعلمنٰه من لدنا علما,سورة الكهف,59
18,66,قال له موسىٰ هل اتبعك علىٰ ان تعلمن مما علمت رشدا,سورة الكهف,26
18,67,قال انك لن تستطيع معي صبرا,سورة الكهف,26
18,68,وكيف تصبر علىٰ ما لم تحط به خبرا,سورة الكهف,41
18,69,قال ستجدني ان شاء الله صابرا ولا اعصي لك امرا,سورة الكهف,19
18,70,قال فان اتبعتني فلا تسلني عن شيء حتىٰ احدث لك منه ذكرا,سورة الكهف,14
18,71,فانطلقا حتىٰ اذا ركبا في السفينة خرقها قال اخرقتها لتغرق اهلها لقد جئت شيا امرا,سورة الكهف,11
18,72,قال الم اقل انك لن تستطيع معي صبرا,سورة الكهف,55
18,73,قال لا تؤاخذني بما نسيت ولا ترهقني من امري عسرا,سورة الكهف,44
18,74,فانطلقا حتىٰ اذا لقيا غلٰما فقتله قال اقتلت نفسا زكية بغير نفس لقد جئت شيا نكرا,سورة الكهف,11
18,75,قال الم اقل لك انك لن تستطيع معي صبرا,سورة الكهف,55
18,76,قال ان سالتك عن شيء بعدها فلا تصٰحبني قد بلغت من لدني عذرا,سورة الكهف,14
18,77,فانطلقا حتىٰ اذا اتيا اهل قرية استطعما اهلها فابوا ان يضيفوهما فوجدا فيها جدارا يريد ان ينقض فاقامه قال لو شئت لتخذت عليه اجرا,سورة الكهف,24
18,78,قال هٰذا فراق بيني وبينك سانبئك بتاويل ما لم تستطع عليه صبرا,سورة الكهف,26
18,79,اما السفينة فكانت لمسٰكين يعملون في البحر فاردت ان اعيبها وكان وراءهم ملك ياخذ كل سفينة غصبا,سورة الكهف,0
18,80,واما الغلٰم فكان ابواه مؤمنين فخشينا ان يرهقهما طغيٰنا وكفرا,سورة الكهف,0
18,81,فاردنا ان يبدلهما ربهما خيرا منه زكوٰة واقرب رحما,سورة الكهف,0
18,82,واما الجدار فكان لغلٰمين يتيمين في المدينة وكان تحته كنز لهما وكان ابوهما صٰلحا فاراد ربك ان يبلغا اشدهما ويستخرجا كنزهما رحمة من ربك وما فعلته عن امري ذٰلك تاويل ما لم تسطع عليه صبرا,سورة الكهف,4
18,83,ويسلونك عن ذي القرنين قل ساتلوا عليكم منه ذكرا,سورة الكهف,0
18,84,انا مكنا له في الارض وءاتينٰه من كل شيء سببا,سورة الكهف,8
18,85,فاتبع سببا,سورة الكهف,0
18,86,حتىٰ اذا بلغ مغرب الشمس وجدها تغرب في عين حمئة ووجد عندها قوما قلنا يٰذا القرنين اما ان تعذب واما ان تتخذ فيهم حسنا,سورة الكهف,11
18,87,قال اما من ظلم فسوف نعذبه ثم يرد الىٰ ربه فيعذبه عذابا نكرا,سورة الكهف,69
18,88,واما من ءامن وعمل صٰلحا فله جزاء الحسنىٰ وسنقول له من امرنا يسرا,سورة الكهف,59
18,89,ثم اتبع سببا,سورة الكهف,69
18,90,حتىٰ اذا بلغ مطلع الشمس وجدها تطلع علىٰ قوم لم نجعل لهم من دونها سترا,سورة الكهف,11
18,91,كذٰلك وقد احطنا بما لديه خبرا,سورة الكهف,21
18,92,ثم اتبع سببا,سورة الكهف,69
18,93,حتىٰ اذا بلغ بين السدين وجد من دونهما قوما لا يكادون يفقهون قولا,سورة الكهف,11
18,94,قالوا يٰذا القرنين ان ياجوج وماجوج مفسدون في الارض فهل نجعل لك خرجا علىٰ ان تجعل بيننا وبينهم سدا,سورة الكهف,21
18,95,قال ما مكني فيه ربي خير فاعينوني بقوة اجعل بينكم وبينهم ردما,سورة الكهف,26
18,96,ءاتوني زبر الحديد حتىٰ اذا ساوىٰ بين الصدفين قال انفخوا حتىٰ اذا جعله نارا قال ءاتوني افرغ عليه قطرا,سورة الكهف,11
18,97,فما اسطٰعوا ان يظهروه وما استطٰعوا له نقبا,سورة الكهف,29
18,98,قال هٰذا رحمة من ربي فاذا جاء وعد ربي جعله دكاء وكان وعد ربي حقا,سورة الكهف,48
18,99,وتركنا بعضهم يومئذ يموج في بعض ونفخ في الصور فجمعنٰهم جمعا,سورة الكهف,67
18,100,وعرضنا جهنم يومئذ للكٰفرين عرضا,سورة الكهف,7
18,101,الذين كانت اعينهم في غطاء عن ذكري وكانوا لا يستطيعون سمعا,سورة الكهف,43
18,102,افحسب الذين كفروا ان يتخذوا عبادي من دوني اولياء انا اعتدنا جهنم للكٰفرين نزلا,سورة الكهف,7
18,103,قل هل ننبئكم بالاخسرين اعمٰلا,سورة الكهف,43
18,104,الذين ضل سعيهم في الحيوٰة الدنيا وهم يحسبون انهم يحسنون صنعا,سورة الكهف,25
18,105,اولٰئك الذين كفروا بايٰت ربهم ولقائه فحبطت اعمٰلهم فلا نقيم لهم يوم القيٰمة وزنا,سورة الكهف,63
18,106,ذٰلك جزاؤهم جهنم بما كفروا واتخذوا ءايٰتي ورسلي هزوا,سورة الكهف,21
18,107,ان الذين ءامنوا وعملوا الصٰلحٰت كانت لهم جنٰت الفردوس نزلا,سورة الكهف,2
18,108,خٰلدين فيها لا يبغون عنها حولا,سورة الكهف,38
18,109,قل لو كان البحر مدادا لكلمٰت ربي لنفد البحر قبل ان تنفد كلمٰت ربي ولو جئنا بمثله مددا,سورة الكهف,0
18,110,قل انما انا بشر مثلكم يوحىٰ الي انما الٰهكم الٰه وٰحد فمن كان يرجوا لقاء ربه فليعمل عملا صٰلحا ولا يشرك بعبادة ربه احدا,سورة الكهف,17
19,0,سورة مريم,سورة مريم,6
19,0,بسم الله الرحمٰن الرحيم,سورة مريم,10
19,1,كهيعص,سورة مريم,0
19,2,ذكر رحمت ربك عبده زكريا,سورة مريم,4
19,3,اذ نادىٰ ربه نداء خفيا,سورة مريم,0
19,4,قال رب اني وهن العظم مني واشتعل الراس شيبا ولم اكن بدعائك رب شقيا,سورة مريم,12
19,5,واني خفت الموٰلي من وراءي وكانت امراتي عاقرا فهب لي من لدنك وليا,سورة مريم,59
19,6,يرثني ويرث من ءال يعقوب واجعله رب رضيا,سورة مريم,59
19,7,يٰزكريا انا نبشرك بغلٰم اسمه يحيىٰ لم نجعل له من قبل سميا,سورة مريم,37
19,8,قال رب انىٰ يكون لي غلٰم وكانت امراتي عاقرا وقد بلغت من الكبر عتيا,سورة مريم,26
19,9,قال كذٰلك قال ربك هو علي هين وقد خلقتك من قبل ولم تك شيا,سورة مريم,26
19,10,قال رب اجعل لي ءاية قال ءايتك الا تكلم الناس ثلٰث ليال سويا,سورة مريم,26
19,11,فخرج علىٰ قومه من المحراب فاوحىٰ اليهم ان سبحوا بكرة وعشيا,سورة مريم,0
19,12,يٰيحيىٰ خذ الكتٰب بقوة وءاتينٰه الحكم صبيا,سورة مريم,0
19,13,وحنانا من لدنا وزكوٰة وكان تقيا,سورة مريم,32
19,14,وبرا بوٰلديه ولم يكن جبارا عصيا,سورة مريم,0
19,15,وسلٰم عليه يوم ولد ويوم يموت ويوم يبعث حيا,سورة مريم,56
19,16,واذكر في الكتٰب مريم اذ انتبذت من اهلها مكانا شرقيا,سورة مريم,59
19,17,فاتخذت من دونهم حجابا فارسلنا اليها روحنا فتمثل لها بشرا سويا,سورة مريم,39
19,18,قالت اني اعوذ بالرحمٰن منك ان كنت تقيا,سورة مريم,12
19,19,قال انما انا رسول ربك لاهب لك غلٰما زكيا,سورة مريم,37
19,20,قالت انىٰ يكون لي غلٰم ولم يمسسني بشر ولم اك بغيا,سورة مريم,0
19,21,قال كذٰلك قال ربك هو علي هين ولنجعله ءاية للناس ورحمة منا وكان امرا مقضيا,سورة مريم,26
19,22,فحملته فانتبذت به مكانا قصيا,سورة مريم,41
19,23,فاجاءها المخاض الىٰ جذع النخلة قالت يٰليتني مت قبل هٰذا وكنت نسيا منسيا,سورة مريم,0
19,24,فنادىٰها من تحتها الا تحزني قد جعل ربك تحتك سريا,سورة مريم,23
19,25,وهزي اليك بجذع النخلة تسٰقط عليك رطبا جنيا,سورة مريم,68
19,26,فكلي واشربي وقري عينا فاما ترين من البشر احدا فقولي اني نذرت للرحمٰن صوما فلن اكلم اليوم انسيا,سورة مريم,0
19,27,فاتت به قومها تحمله قالوا يٰمريم لقد جئت شيا فريا,سورة مريم,41
19,28,يٰاخت هٰرون ما كان ابوك امرا سوء وما كانت امك بغيا,سورة مريم,29
19,29,فاشارت اليه قالوا كيف نكلم من كان في المهد صبيا,سورة مريم,51
19,30,قال اني عبد الله ءاتىٰني الكتٰب وجعلني نبيا,سورة مريم,12
19,31,وجعلني مباركا اين ما كنت واوصٰني بالصلوٰة والزكوٰة ما دمت حيا,سورة مريم,0
19,32,وبرا بوٰلدتي ولم يجعلني جبارا شقيا,سورة مريم,0
19,33,والسلٰم علي يوم ولدت ويوم اموت ويوم ابعث حيا,سورة مريم,56
19,34,ذٰلك عيسى ابن مريم قول الحق الذي فيه يمترون,سورة مريم,21
19,35,ما كان لله ان يتخذ من ولد سبحٰنه اذا قضىٰ امرا فانما يقول له كن فيكون,سورة مريم,11
19,36,وان الله ربي وربكم فاعبدوه هٰذا صرٰط مستقيم,سورة مريم,20
19,37,فاختلف الاحزاب من بينهم فويل للذين كفروا من مشهد يوم عظيم,سورة مريم,59
19,38,اسمع بهم وابصر يوم ياتوننا لٰكن الظٰلمون اليوم في ضلٰل مبين,سورة مريم,56
19,39,وانذرهم يوم الحسرة اذ قضي الامر وهم في غفلة وهم لا يؤمنون,سورة مريم,43
19,40,انا نحن نرث الارض ومن عليها والينا يرجعون,سورة مريم,37
19,41,واذكر في الكتٰب ابرٰهيم انه كان صديقا نبيا,سورة مريم,58
19,42,اذ قال لابيه يٰابت لم تعبد ما لا يسمع ولا يبصر ولا يغني عنك شيا,سورة مريم,44
19,43,يٰابت اني قد جاءني من العلم ما لم ياتك فاتبعني اهدك صرٰطا سويا,سورة مريم,12
19,44,يٰابت لا تعبد الشيطٰن ان الشيطٰن كان للرحمٰن عصيا,سورة مريم,43
19,45,يٰابت اني اخاف ان يمسك عذاب من الرحمٰن فتكون للشيطٰن وليا,سورة مريم,12
19,46,قال اراغب انت عن ءالهتي يٰابرٰهيم لئن لم تنته لارجمنك واهجرني مليا,سورة مريم,58
19,47,قال سلٰم عليك ساستغفر لك ربي انه كان بي حفيا,سورة مريم,36
19,48,واعتزلكم وما تدعون من دون الله وادعوا ربي عسىٰ الا اكون بدعاء ربي شقيا,سورة مريم,31
19,49,فلما اعتزلهم وما يعبدون من دون الله وهبنا له اسحٰق ويعقوب وكلا جعلنا نبيا,سورة مريم,29
19,50,ووهبنا لهم من رحمتنا وجعلنا لهم لسان صدق عليا,سورة مريم,59
19,51,واذكر في الكتٰب موسىٰ انه كان مخلصا وكان رسولا نبيا,سورة مريم,36
19,52,ونٰدينٰه من جانب الطور الايمن وقربنٰه نجيا,سورة مريم,0
19,53,ووهبنا له من رحمتنا اخاه هٰرون نبيا,سورة مريم,59
19,54,واذكر في الكتٰب اسمٰعيل انه كان صادق الوعد وكان رسولا نبيا,سورة مريم,36
19,55,وكان يامر اهله بالصلوٰة والزكوٰة وكان عند ربه مرضيا,سورة مريم,32
19,56,واذكر في الكتٰب ادريس انه كان صديقا نبيا,سورة مريم,36
19,57,ورفعنٰه مكانا عليا,سورة مريم,0
19,58,اولٰئك الذين انعم الله عليهم من النبين من ذرية ءادم وممن حملنا مع نوح ومن ذرية ابرٰهيم واسرٰءيل وممن هدينا واجتبينا اذا تتلىٰ عليهم ءايٰت الرحمٰن خروا سجدا وبكيا,سورة مريم,11
19,59,فخلف من بعدهم خلف اضاعوا الصلوٰة واتبعوا الشهوٰت فسوف يلقون غيا,سورة مريم,48
19,60,الا من تاب وءامن وعمل صٰلحا فاولٰئك يدخلون الجنة ولا يظلمون شيا,سورة مريم,32
19,61,جنٰت عدن التي وعد الرحمٰن عباده بالغيب انه كان وعده ماتيا,سورة مريم,36
19,62,لا يسمعون فيها لغوا الا سلٰما ولهم رزقهم فيها بكرة وعشيا,سورة مريم,38
19,63,تلك الجنة التي نورث من عبادنا من كان تقيا,سورة مريم,59
19,64,وما نتنزل الا بامر ربك له ما بين ايدينا وما خلفنا وما بين ذٰلك وما كان ربك نسيا,سورة مريم,29
19,65,رب السمٰوٰت والارض وما بينهما فاعبده واصطبر لعبٰدته هل تعلم له سميا,سورة مريم,66
19,66,ويقول الانسٰن اءذا ما مت لسوف اخرج حيا,سورة مريم,0
19,67,اولا يذكر الانسٰن انا خلقنٰه من قبل ولم يك شيا,سورة مريم,37
19,68,فوربك لنحشرنهم والشيٰطين ثم لنحضرنهم حول جهنم جثيا,سورة مريم,69
19,69,ثم لننزعن من كل شيعة ايهم اشد على الرحمٰن عتيا,سورة مريم,69
19,70,ثم لنحن اعلم بالذين هم اولىٰ بها صليا,سورة مريم,69
19,71,وان منكم الا واردها كان علىٰ ربك حتما مقضيا,سورة مريم,4
19,72,ثم ننجي الذين اتقوا ونذر الظٰلمين فيها جثيا,سورة مريم,38
19,73,واذا تتلىٰ عليهم ءايٰتنا بينٰت قال الذين كفروا للذين ءامنوا اي الفريقين خير مقاما واحسن نديا,سورة مريم,54
19,74,وكم اهلكنا قبلهم من قرن هم احسن اثٰثا ورءيا,سورة مريم,24
19,75,قل من كان في الضلٰلة فليمدد له الرحمٰن مدا حتىٰ اذا راوا ما يوعدون اما العذاب واما الساعة فسيعلمون من هو شر مكانا واضعف جندا,سورة مريم,18
19,76,ويزيد الله الذين اهتدوا هدى والبٰقيٰت الصٰلحٰت خير عند ربك ثوابا وخير مردا,سورة مريم,17
19,77,افرءيت الذي كفر بايٰتنا وقال لاوتين مالا وولدا,سورة مريم,28
19,78,اطلع الغيب ام اتخذ عند الرحمٰن عهدا,سورة مريم,60
19,79,كلا سنكتب ما يقول ونمد له من العذاب مدا,سورة مريم,22
19,80,ونرثه ما يقول وياتينا فردا,سورة مريم,0
19,81,واتخذوا من دون الله ءالهة ليكونوا لهم عزا,سورة مريم,59
19,82,كلا سيكفرون بعبادتهم ويكونون عليهم ضدا,سورة مريم,22
19,83,الم تر انا ارسلنا الشيٰطين على الكٰفرين تؤزهم ازا,سورة مريم,55
19,84,فلا تعجل عليهم انما نعد لهم عدا,سورة مريم,14
19,85,يوم نحشر المتقين الى الرحمٰن وفدا,سورة مريم,56
19,86,ونسوق المجرمين الىٰ جهنم وردا,سورة مريم,0
19,87,لا يملكون الشفٰعة الا من اتخذ عند الرحمٰن عهدا,سورة مريم,31
19,88,وقالوا اتخذ الرحمٰن ولدا,سورة مريم,0
19,89,لقد جئتم شيا ادا,سورة مريم,0
19,90,تكاد السمٰوٰت يتفطرن منه وتنشق الارض وتخر الجبال هدا,سورة مريم,0
19,91,ان دعوا للرحمٰن ولدا,سورة مريم,19
19,92,وما ينبغي للرحمٰن ان يتخذ ولدا,سورة مريم,29
19,93,ان كل من في السمٰوٰت والارض الا ءاتي الرحمٰن عبدا,سورة مريم,66
19,94,لقد احصىٰهم وعدهم عدا,سورة مريم,9
19,95,وكلهم ءاتيه يوم القيٰمة فردا,سورة مريم,40
19,96,ان الذين ءامنوا وعملوا الصٰلحٰت سيجعل لهم الرحمٰن ودا,سورة مريم,2
19,97,فانما يسرنٰه بلسانك لتبشر به المتقين وتنذر به قوما لدا,سورة مريم,41
19,98,وكم اهلكنا قبلهم من قرن هل تحس منهم من احد او تسمع لهم ركزا,سورة مريم,24
20,0,سورة طه,سورة طه,6
20,0,بسم الله الرحمٰن الرحيم,سورة طه,10
20,1,طه,سورة طه,0
20,2,ما انزلنا عليك القرءان لتشقىٰ,سورة طه,0
20,3,الا تذكرة لمن يخشىٰ,سورة طه,19
20,4,تنزيلا ممن خلق الارض والسمٰوٰت العلى,سورة طه,5
20,5,الرحمٰن على العرش استوىٰ,سورة طه,67
20,6,له ما في السمٰوٰت وما في الارض وما بينهما وما تحت الثرىٰ,سورة طه,29
20,7,وان تجهر بالقول فانه يعلم السر واخفى,سورة طه,0
20,8,الله لا الٰه الا هو له الاسماء الحسنىٰ,سورة طه,31
20,9,وهل اتىٰك حديث موسىٰ,سورة طه,0
20,10,اذ رءا نارا فقال لاهله امكثوا اني ءانست نارا لعلي ءاتيكم منها بقبس او اجد على النار هدى,سورة طه,12
20,11,فلما اتىٰها نودي يٰموسىٰ,سورة طه,23
20,12,اني انا ربك فاخلع نعليك انك بالواد المقدس طوى,سورة طه,12
20,13,وانا اخترتك فاستمع لما يوحىٰ,سورة طه,0
20,14,انني انا الله لا الٰه الا انا فاعبدني واقم الصلوٰة لذكري,سورة طه,37
20,15,ان الساعة ءاتية اكاد اخفيها لتجزىٰ كل نفس بما تسعىٰ,سورة طه,27
20,16,فلا يصدنك عنها من لا يؤمن بها واتبع هوىٰه فتردىٰ,سورة طه,14
20,17,وما تلك بيمينك يٰموسىٰ,سورة طه,29
20,18,قال هي عصاي اتوكؤا عليها واهش بها علىٰ غنمي ولي فيها مارب اخرىٰ,سورة طه,38
20,19,قال القها يٰموسىٰ,سورة طه,26
20,20,فالقىٰها فاذا هي حية تسعىٰ,سورة طه,48
20,21,قال خذها ولا تخف سنعيدها سيرتها الاولىٰ,سورة طه,44
20,22,واضمم يدك الىٰ جناحك تخرج بيضاء من غير سوء ءاية اخرىٰ,سورة طه,59
20,23,لنريك من ءايٰتنا الكبرى,سورة طه,28
20,24,اذهب الىٰ فرعون انه طغىٰ,سورة طه,42
20,25,قال رب اشرح لي صدري,سورة طه,26
20,26,ويسر لي امري,سورة طه,0
20,27,واحلل عقدة من لساني,سورة طه,59
20,28,يفقهوا قولي,سورة طه,0
20,29,واجعل لي وزيرا من اهلي,سورة طه,59
20,30,هٰرون اخي,سورة طه,0
20,31,اشدد به ازري,سورة طه,41
20,32,واشركه في امري,سورة طه,8
20,33,كي نسبحك كثيرا,سورة طه,0
20,34,ونذكرك كثيرا,سورة طه,0
20,35,انك كنت بنا بصيرا,سورة طه,0
20,36,قال قد اوتيت سؤلك يٰموسىٰ,سورة طه,26
20,37,ولقد مننا عليك مرة اخرىٰ,سورة طه,0
20,38,اذ اوحينا الىٰ امك ما يوحىٰ,سورة طه,68
20,39,ان اقذفيه في التابوت فاقذفيه في اليم فليلقه اليم بالساحل ياخذه عدو لي وعدو له والقيت عليك محبة مني ولتصنع علىٰ عيني,سورة طه,0
20,40,اذ تمشي اختك فتقول هل ادلكم علىٰ من يكفله فرجعنٰك الىٰ امك كي تقر عينها ولا تحزن وقتلت نفسا فنجينٰك من الغم وفتنٰك فتونا فلبثت سنين في اهل مدين ثم جئت علىٰ قدر يٰموسىٰ,سورة طه,59
20,41,واصطنعتك لنفسي,سورة طه,0
20,42,اذهب انت واخوك بايٰتي ولا تنيا في ذكري,سورة طه,44
20,43,اذهبا الىٰ فرعون انه طغىٰ,سورة طه,42
20,44,فقولا له قولا لينا لعله يتذكر او يخشىٰ,سورة طه,30
20,45,قالا ربنا اننا نخاف ان يفرط علينا او ان يطغىٰ,سورة طه,30
20,46,قال لا تخافا انني معكما اسمع وارىٰ,سورة طه,26
20,47,فاتياه فقولا انا رسولا ربك فارسل معنا بني اسرٰءيل ولا تعذبهم قد جئنٰك باية من ربك والسلٰم علىٰ من اتبع الهدىٰ,سورة طه,4
20,48,انا قد اوحي الينا ان العذاب علىٰ من كذب وتولىٰ,سورة طه,53
20,49,قال فمن ربكما يٰموسىٰ,سورة طه,26
20,50,قال ربنا الذي اعطىٰ كل شيء خلقه ثم هدىٰ,سورة طه,69
20,51,قال فما بال القرون الاولىٰ,سورة طه,26
20,52,قال علمها عند ربي في كتٰب لا يضل ربي ولا ينسى,سورة طه,44
20,53,الذي جعل لكم الارض مهدا وسلك لكم فيها سبلا وانزل من السماء ماء فاخرجنا به ازوٰجا من نبات شتىٰ,سورة طه,64
20,54,كلوا وارعوا انعٰمكم ان في ذٰلك لايٰت لاولي النهىٰ,سورة طه,21
20,55,منها خلقنٰكم وفيها نعيدكم ومنها نخرجكم تارة اخرىٰ,سورة طه,64
20,56,ولقد ارينٰه ءايٰتنا كلها فكذب وابىٰ,سورة طه,28
20,57,قال اجئتنا لتخرجنا من ارضنا بسحرك يٰموسىٰ,سورة طه,26
20,58,فلناتينك بسحر مثله فاجعل بيننا وبينك موعدا لا نخلفه نحن ولا انت مكانا سوى,سورة طه,44
20,59,قال موعدكم يوم الزينة وان يحشر الناس ضحى,سورة طه,56
20,60,فتولىٰ فرعون فجمع كيده ثم اتىٰ,سورة طه,42
20,61,قال لهم موسىٰ ويلكم لا تفتروا على الله كذبا فيسحتكم بعذاب وقد خاب من افترىٰ,سورة طه,53
20,62,فتنٰزعوا امرهم بينهم واسروا النجوىٰ,سورة طه,0
20,63,قالوا ان هٰذٰن لسٰحرٰن يريدان ان يخرجاكم من ارضكم بسحرهما ويذهبا بطريقتكم المثلىٰ,سورة طه,0
20,64,فاجمعوا كيدكم ثم ائتوا صفا وقد افلح اليوم من استعلىٰ,سورة طه,69
20,65,قالوا يٰموسىٰ اما ان تلقي واما ان نكون اول من القىٰ,سورة طه,59
20,66,قال بل القوا فاذا حبالهم وعصيهم يخيل اليه من سحرهم انها تسعىٰ,سورة طه,48
20,67,فاوجس في نفسه خيفة موسىٰ,سورة طه,0
20,68,قلنا لا تخف انك انت الاعلىٰ,سورة طه,43
20,69,والق ما في يمينك تلقف ما صنعوا انما صنعوا كيد سٰحر ولا يفلح الساحر حيث اتىٰ,سورة طه,0
20,70,فالقي السحرة سجدا قالوا ءامنا برب هٰرون وموسىٰ,سورة طه,0
20,71,قال ءامنتم له قبل ان ءاذن لكم انه لكبيركم الذي علمكم السحر فلاقطعن ايديكم وارجلكم من خلٰف ولاصلبنكم في جذوع النخل ولتعلمن اينا اشد عذابا وابقىٰ,سورة طه,57
20,72,قالوا لن نؤثرك علىٰ ما جاءنا من البينٰت والذي فطرنا فاقض ما انت قاض انما تقضي هٰذه الحيوٰة الدنيا,سورة طه,53
20,73,انا ءامنا بربنا ليغفر لنا خطٰيٰنا وما اكرهتنا عليه من السحر والله خير وابقىٰ,سورة طه,37
20,74,انه من يات ربه مجرما فان له جهنم لا يموت فيها ولا يحيىٰ,سورة طه,38
20,75,ومن ياته مؤمنا قد عمل الصٰلحٰت فاولٰئك لهم الدرجٰت العلىٰ,سورة طه,32
20,76,جنٰت عدن تجري من تحتها الانهٰر خٰلدين فيها وذٰلك جزاء من تزكىٰ,سورة طه,13
20,77,ولقد اوحينا الىٰ موسىٰ ان اسر بعبادي فاضرب لهم طريقا في البحر يبسا لا تخٰف دركا ولا تخشىٰ,سورة طه,68
20,78,فاتبعهم فرعون بجنوده فغشيهم من اليم ما غشيهم,سورة طه,42
20,79,واضل فرعون قومه وما هدىٰ,سورة طه,42
20,80,يٰبني اسرٰءيل قد انجينٰكم من عدوكم ووٰعدنٰكم جانب الطور الايمن ونزلنا عليكم المن والسلوىٰ,سورة طه,45
20,81,كلوا من طيبٰت ما رزقنٰكم ولا تطغوا فيه فيحل عليكم غضبي ومن يحلل عليه غضبي فقد هوىٰ,سورة طه,45
20,82,واني لغفار لمن تاب وءامن وعمل صٰلحا ثم اهتدىٰ,سورة طه,19
20,83,وما اعجلك عن قومك يٰموسىٰ,سورة طه,29
20,84,قال هم اولاء علىٰ اثري وعجلت اليك رب لترضىٰ,سورة طه,26
20,85,قال فانا قد فتنا قومك من بعدك واضلهم السامري,سورة طه,26
20,86,فرجع موسىٰ الىٰ قومه غضبٰن اسفا قال يٰقوم الم يعدكم ربكم وعدا حسنا افطال عليكم العهد ام اردتم ان يحل عليكم غضب من ربكم فاخلفتم موعدي,سورة طه,50
20,87,قالوا ما اخلفنا موعدك بملكنا ولٰكنا حملنا اوزارا من زينة القوم فقذفنٰها فكذٰلك القى السامري,سورة طه,21
20,88,فاخرج لهم عجلا جسدا له خوار فقالوا هٰذا الٰهكم والٰه موسىٰ فنسي,سورة طه,20
20,89,افلا يرون الا يرجع اليهم قولا ولا يملك لهم ضرا ولا نفعا,سورة طه,44
20,90,ولقد قال لهم هٰرون من قبل يٰقوم انما فتنتم به وان ربكم الرحمٰن فاتبعوني واطيعوا امري,سورة طه,41
20,91,قالوا لن نبرح عليه عٰكفين حتىٰ يرجع الينا موسىٰ,سورة طه,0
20,92,قال يٰهٰرون ما منعك اذ رايتهم ضلوا,سورة طه,26
20,93,الا تتبعن افعصيت امري,سورة طه,31
20,94,قال يبنؤم لا تاخذ بلحيتي ولا براسي اني خشيت ان تقول فرقت بين بني اسرٰءيل ولم ترقب قولي,سورة طه,12
20,95,قال فما خطبك يٰسٰمري,سورة طه,26
20,96,قال بصرت بما لم يبصروا به فقبضت قبضة من اثر الرسول فنبذتها وكذٰلك سولت لي نفسي,سورة طه,41
20,97,قال فاذهب فان لك في الحيوٰة ان تقول لا مساس وان لك موعدا لن تخلفه وانظر الىٰ الٰهك الذي ظلت عليه عاكفا لنحرقنه ثم لننسفنه في اليم نسفا,سورة طه,21
20,98,انما الٰهكم الله الذي لا الٰه الا هو وسع كل شيء علما,سورة طه,17
20,99,كذٰلك نقص عليك من انباء ما قد سبق وقد ءاتينٰك من لدنا ذكرا,سورة طه,59
20,100,من اعرض عنه فانه يحمل يوم القيٰمة وزرا,سورة طه,40
20,101,خٰلدين فيه وساء لهم يوم القيٰمة حملا,سورة طه,40
20,102,يوم ينفخ في الصور ونحشر المجرمين يومئذ زرقا,سورة طه,56
20,103,يتخٰفتون بينهم ان لبثتم الا عشرا,سورة طه,31
20,104,نحن اعلم بما يقولون اذ يقول امثلهم طريقة ان لبثتم الا يوما,سورة طه,31
20,105,ويسلونك عن الجبال فقل ينسفها ربي نسفا,سورة طه,0
20,106,فيذرها قاعا صفصفا,سورة طه,0
20,107,لا ترىٰ فيها عوجا ولا امتا,سورة طه,38
20,108,يومئذ يتبعون الداعي لا عوج له وخشعت الاصوات للرحمٰن فلا تسمع الا همسا,سورة طه,31
20,109,يومئذ لا تنفع الشفٰعة الا من اذن له الرحمٰن ورضي له قولا,سورة طه,31
20,110,يعلم ما بين ايديهم وما خلفهم ولا يحيطون به علما,سورة طه,29
20,111,وعنت الوجوه للحي القيوم وقد خاب من حمل ظلما,سورة طه,0
20,112,ومن يعمل من الصٰلحٰت وهو مؤمن فلا يخاف ظلما ولا هضما,سورة طه,49
20,113,وكذٰلك انزلنٰه قرءانا عربيا وصرفنا فيه من الوعيد لعلهم يتقون او يحدث لهم ذكرا,سورة طه,30
20,114,فتعٰلى الله الملك الحق ولا تعجل بالقرءان من قبل ان يقضىٰ اليك وحيه وقل رب زدني علما,سورة طه,59
20,115,ولقد عهدنا الىٰ ءادم من قبل فنسي ولم نجد له عزما,سورة طه,59
20,116,واذ قلنا للملٰئكة اسجدوا لادم فسجدوا الا ابليس ابىٰ,سورة طه,31
20,117,فقلنا يٰادم ان هٰذا عدو لك ولزوجك فلا يخرجنكما من الجنة فتشقىٰ,سورة طه,14
20,118,ان لك الا تجوع فيها ولا تعرىٰ,سورة طه,38
20,119,وانك لا تظمؤا فيها ولا تضحىٰ,سورة طه,38
20,120,فوسوس اليه الشيطٰن قال يٰادم هل ادلك علىٰ شجرة الخلد وملك لا يبلىٰ,سورة طه,26
20,121,فاكلا منها فبدت لهما سوءٰتهما وطفقا يخصفان عليهما من ورق الجنة وعصىٰ ءادم ربه فغوىٰ,سورة طه,64
20,122,ثم اجتبٰه ربه فتاب عليه وهدىٰ,سورة طه,69
20,123,قال اهبطا منها جميعا بعضكم لبعض عدو فاما ياتينكم مني هدى فمن اتبع هداي فلا يضل ولا يشقىٰ,سورة طه,44
20,124,ومن اعرض عن ذكري فان له معيشة ضنكا ونحشره يوم القيٰمة اعمىٰ,سورة طه,40
20,125,قال رب لم حشرتني اعمىٰ وقد كنت بصيرا,سورة طه,26
20,126,قال كذٰلك اتتك ءايٰتنا فنسيتها وكذٰلك اليوم تنسىٰ,سورة طه,21
20,127,وكذٰلك نجزي من اسرف ولم يؤمن بايٰت ربه ولعذاب الاخرة اشد وابقىٰ,سورة طه,21
20,128,افلم يهد لهم كم اهلكنا قبلهم من القرون يمشون في مسٰكنهم ان في ذٰلك لايٰت لاولي النهىٰ,سورة طه,21
20,129,ولولا كلمة سبقت من ربك لكان لزاما واجل مسمى,سورة طه,4
20,130,فاصبر علىٰ ما يقولون وسبح بحمد ربك قبل طلوع الشمس وقبل غروبها ومن ءاناي اليل فسبح واطراف النهار لعلك ترضىٰ,سورة طه,4
20,131,ولا تمدن عينيك الىٰ ما متعنا به ازوٰجا منهم زهرة الحيوٰة الدنيا لنفتنهم فيه ورزق ربك خير وابقىٰ,سورة طه,44
20,132,وامر اهلك بالصلوٰة واصطبر عليها لا نسلك رزقا نحن نرزقك والعٰقبة للتقوىٰ,سورة طه,0
20,133,وقالوا لولا ياتينا باية من ربه اولم تاتهم بينة ما في الصحف الاولىٰ,سورة طه,59
20,134,ولو انا اهلكنٰهم بعذاب من قبله لقالوا ربنا لولا ارسلت الينا رسولا فنتبع ءايٰتك من قبل ان نذل ونخزىٰ,سورة طه,59
20,135,قل كل متربص فتربصوا فستعلمون من اصحٰب الصرٰط السوي ومن اهتدىٰ,سورة طه,0
21,0,سورة الانبياء,سورة الانبياء,6
21,0,بسم الله الرحمٰن الرحيم,سورة الانبياء,10
21,1,اقترب للناس حسابهم وهم في غفلة معرضون,سورة الانبياء,0
21,2,ما ياتيهم من ذكر من ربهم محدث الا استمعوه وهم يلعبون,سورة الانبياء,31
21,3,لاهية قلوبهم واسروا النجوى الذين ظلموا هل هٰذا الا بشر مثلكم افتاتون السحر وانتم تبصرون,سورة الانبياء,14
21,4,قال ربي يعلم القول في السماء والارض وهو السميع العليم,سورة الانبياء,49
21,5,بل قالوا اضغٰث احلٰم بل افترىٰه بل هو شاعر فلياتنا باية كما ارسل الاولون,سورة الانبياء,9
21,6,ما ءامنت قبلهم من قرية اهلكنٰها افهم يؤمنون,سورة الانبياء,24
21,7,وما ارسلنا قبلك الا رجالا نوحي اليهم فسلوا اهل الذكر ان كنتم لا تعلمون,سورة الانبياء,31
21,8,وما جعلنٰهم جسدا لا ياكلون الطعام وما كانوا خٰلدين,سورة الانبياء,29
21,9,ثم صدقنٰهم الوعد فانجينٰهم ومن نشاء واهلكنا المسرفين,سورة الانبياء,9
21,10,لقد انزلنا اليكم كتٰبا فيه ذكركم افلا تعقلون,سورة الانبياء,50
21,11,وكم قصمنا من قرية كانت ظالمة وانشانا بعدها قوما ءاخرين,سورة الانبياء,24
21,12,فلما احسوا باسنا اذا هم منها يركضون,سورة الانبياء,64
21,13,لا تركضوا وارجعوا الىٰ ما اترفتم فيه ومسٰكنكم لعلكم تسلون,سورة الانبياء,0
21,14,قالوا يٰويلنا انا كنا ظٰلمين,سورة الانبياء,37
21,15,فما زالت تلك دعوىٰهم حتىٰ جعلنٰهم حصيدا خٰمدين,سورة الانبياء,9
21,16,وما خلقنا السماء والارض وما بينهما لٰعبين,سورة الانبياء,29
21,17,لو اردنا ان نتخذ لهوا لاتخذنٰه من لدنا ان كنا فٰعلين,سورة الانبياء,59
21,18,بل نقذف بالحق على البٰطل فيدمغه فاذا هو زاهق ولكم الويل مما تصفون,سورة الانبياء,48
21,19,وله من في السمٰوٰت والارض ومن عنده لا يستكبرون عن عبادته ولا يستحسرون,سورة الانبياء,66
21,20,يسبحون اليل والنهار لا يفترون,سورة الانبياء,43
21,21,ام اتخذوا ءالهة من الارض هم ينشرون,سورة الانبياء,60
21,22,لو كان فيهما ءالهة الا الله لفسدتا فسبحٰن الله رب العرش عما يصفون,سورة الانبياء,3
21,23,لا يسل عما يفعل وهم يسلون,سورة الانبياء,43
21,24,ام اتخذوا من دونه ءالهة قل هاتوا برهٰنكم هٰذا ذكر من معي وذكر من قبلي بل اكثرهم لا يعلمون الحق فهم معرضون,سورة الانبياء,60
21,25,وما ارسلنا من قبلك من رسول الا نوحي اليه انه لا الٰه الا انا فاعبدون,سورة الانبياء,31
21,26,وقالوا اتخذ الرحمٰن ولدا سبحٰنه بل عباد مكرمون,سورة الانبياء,9
21,27,لا يسبقونه بالقول وهم بامره يعملون,سورة الانبياء,43
21,28,يعلم ما بين ايديهم وما خلفهم ولا يشفعون الا لمن ارتضىٰ وهم من خشيته مشفقون,سورة الانبياء,29
21,29,ومن يقل منهم اني الٰه من دونه فذٰلك نجزيه جهنم كذٰلك نجزي الظٰلمين,سورة الانبياء,21
21,30,اولم ير الذين كفروا ان السمٰوٰت والارض كانتا رتقا ففتقنٰهما وجعلنا من الماء كل شيء حي افلا يؤمنون,سورة الانبياء,66
21,31,وجعلنا في الارض روٰسي ان تميد بهم وجعلنا فيها فجاجا سبلا لعلهم يهتدون,سورة الانبياء,38
21,32,وجعلنا السماء سقفا محفوظا وهم عن ءايٰتها معرضون,سورة الانبياء,0
21,33,وهو الذي خلق اليل والنهار والشمس والقمر كل في فلك يسبحون,سورة الانبياء,49
21,34,وما جعلنا لبشر من قبلك الخلد افاين مت فهم الخٰلدون,سورة الانبياء,29
21,35,كل نفس ذائقة الموت ونبلوكم بالشر والخير فتنة والينا ترجعون,سورة الانبياء,0
21,36,واذا رءاك الذين كفروا ان يتخذونك الا هزوا اهٰذا الذي يذكر ءالهتكم وهم بذكر الرحمٰن هم كٰفرون,سورة الانبياء,54
21,37,خلق الانسٰن من عجل ساوريكم ءايٰتي فلا تستعجلون,سورة الانبياء,5
21,38,ويقولون متىٰ هٰذا الوعد ان كنتم صٰدقين,سورة الانبياء,1
21,39,لو يعلم الذين كفروا حين لا يكفون عن وجوههم النار ولا عن ظهورهم ولا هم ينصرون,سورة الانبياء,44
21,40,بل تاتيهم بغتة فتبهتهم فلا يستطيعون ردها ولا هم ينظرون,سورة الانبياء,9
21,41,ولقد استهزئ برسل من قبلك فحاق بالذين سخروا منهم ما كانوا به يستهزءون,سورة الانبياء,41
21,42,قل من يكلؤكم باليل والنهار من الرحمٰن بل هم عن ذكر ربهم معرضون,سورة الانبياء,9
21,43,ام لهم ءالهة تمنعهم من دوننا لا يستطيعون نصر انفسهم ولا هم منا يصحبون,سورة الانبياء,60
21,44,بل متعنا هٰؤلاء وءاباءهم حتىٰ طال عليهم العمر افلا يرون انا ناتي الارض ننقصها من اطرافها افهم الغٰلبون,سورة الانبياء,39
21,45,قل انما انذركم بالوحي ولا يسمع الصم الدعاء اذا ما ينذرون,سورة الانبياء,11
21,46,ولئن مستهم نفحة من عذاب ربك ليقولن يٰويلنا انا كنا ظٰلمين,سورة الانبياء,37
21,47,ونضع الموٰزين القسط ليوم القيٰمة فلا تظلم نفس شيا وان كان مثقال حبة من خردل اتينا بها وكفىٰ بنا حٰسبين,سورة الانبياء,40
21,48,ولقد ءاتينا موسىٰ وهٰرون الفرقان وضياء وذكرا للمتقين,سورة الانبياء,0
21,49,الذين يخشون ربهم بالغيب وهم من الساعة مشفقون,سورة الانبياء,43
21,50,وهٰذا ذكر مبارك انزلنٰه افانتم له منكرون,سورة الانبياء,20
21,51,ولقد ءاتينا ابرٰهيم رشده من قبل وكنا به عٰلمين,سورة الانبياء,58
21,52,اذ قال لابيه وقومه ما هٰذه التماثيل التي انتم لها عٰكفون,سورة الانبياء,26
21,53,قالوا وجدنا ءاباءنا لها عٰبدين,سورة الانبياء,39
21,54,قال لقد كنتم انتم وءاباؤكم في ضلٰل مبين,سورة الانبياء,26
21,55,قالوا اجئتنا بالحق ام انت من اللٰعبين,سورة الانبياء,60
21,56,قال بل ربكم رب السمٰوٰت والارض الذي فطرهن وانا علىٰ ذٰلكم من الشٰهدين,سورة الانبياء,66
21,57,وتالله لاكيدن اصنٰمكم بعد ان تولوا مدبرين,سورة الانبياء,0
21,58,فجعلهم جذٰذا الا كبيرا لهم لعلهم اليه يرجعون,سورة الانبياء,20
21,59,قالوا من فعل هٰذا بالهتنا انه لمن الظٰلمين,سورة الانبياء,36
21,60,قالوا سمعنا فتى يذكرهم يقال له ابرٰهيم,سورة الانبياء,58
21,61,قالوا فاتوا به علىٰ اعين الناس لعلهم يشهدون,سورة الانبياء,41
21,62,قالوا ءانت فعلت هٰذا بالهتنا يٰابرٰهيم,سورة الانبياء,58
21,63,قال بل فعله كبيرهم هٰذا فسلوهم ان كانوا ينطقون,سورة الانبياء,20
21,64,فرجعوا الىٰ انفسهم فقالوا انكم انتم الظٰلمون,سورة الانبياء,0
21,65,ثم نكسوا علىٰ رءوسهم لقد علمت ما هٰؤلاء ينطقون,سورة الانبياء,69
21,66,قال افتعبدون من دون الله ما لا ينفعكم شيا ولا يضركم,سورة الانبياء,44
21,67,اف لكم ولما تعبدون من دون الله افلا تعقلون,سورة الانبياء,50
21,68,قالوا حرقوه وانصروا ءالهتكم ان كنتم فٰعلين,سورة الانبياء,1
21,69,قلنا يٰنار كوني بردا وسلٰما علىٰ ابرٰهيم,سورة الانبياء,58
21,70,وارادوا به كيدا فجعلنٰهم الاخسرين,سورة الانبياء,41
21,71,ونجينٰه ولوطا الى الارض التي بٰركنا فيها للعٰلمين,سورة الانبياء,38
21,72,ووهبنا له اسحٰق ويعقوب نافلة وكلا جعلنا صٰلحين,سورة الانبياء,0
21,73,وجعلنٰهم ائمة يهدون بامرنا واوحينا اليهم فعل الخيرٰت واقام الصلوٰة وايتاء الزكوٰة وكانوا لنا عٰبدين,سورة الانبياء,48
21,74,ولوطا ءاتينٰه حكما وعلما ونجينٰه من القرية التي كانت تعمل الخبٰئث انهم كانوا قوم سوء فٰسقين,سورة الانبياء,25
21,75,وادخلنٰه في رحمتنا انه من الصٰلحين,سورة الانبياء,36
21,76,ونوحا اذ نادىٰ من قبل فاستجبنا له فنجينٰه واهله من الكرب العظيم,سورة الانبياء,59
21,77,ونصرنٰه من القوم الذين كذبوا بايٰتنا انهم كانوا قوم سوء فاغرقنٰهم اجمعين,سورة الانبياء,28
21,78,وداود وسليمٰن اذ يحكمان في الحرث اذ نفشت فيه غنم القوم وكنا لحكمهم شٰهدين,سورة الانبياء,0
21,79,ففهمنٰها سليمٰن وكلا ءاتينا حكما وعلما وسخرنا مع داود الجبال يسبحن والطير وكنا فٰعلين,سورة الانبياء,23
21,80,وعلمنٰه صنعة لبوس لكم لتحصنكم من باسكم فهل انتم شٰكرون,سورة الانبياء,59
21,81,ولسليمٰن الريح عاصفة تجري بامره الى الارض التي بٰركنا فيها وكنا بكل شيء عٰلمين,سورة الانبياء,38
21,82,ومن الشيٰطين من يغوصون له ويعملون عملا دون ذٰلك وكنا لهم حٰفظين,سورة الانبياء,21
21,83,وايوب اذ نادىٰ ربه اني مسني الضر وانت ارحم الرٰحمين,سورة الانبياء,12
21,84,فاستجبنا له فكشفنا ما به من ضر وءاتينٰه اهله ومثلهم معهم رحمة من عندنا وذكرىٰ للعٰبدين,سورة الانبياء,41
21,85,واسمٰعيل وادريس وذا الكفل كل من الصٰبرين,سورة الانبياء,59
21,86,وادخلنٰهم في رحمتنا انهم من الصٰلحين,سورة الانبياء,25
21,87,وذا النون اذ ذهب مغٰضبا فظن ان لن نقدر عليه فنادىٰ في الظلمٰت ان لا الٰه الا انت سبحٰنك اني كنت من الظٰلمين,سورة الانبياء,31
21,88,فاستجبنا له ونجينٰه من الغم وكذٰلك نجي المؤمنين,سورة الانبياء,21
21,89,وزكريا اذ نادىٰ ربه رب لا تذرني فردا وانت خير الوٰرثين,سورة الانبياء,0
21,90,فاستجبنا له ووهبنا له يحيىٰ واصلحنا له زوجه انهم كانوا يسٰرعون في الخيرٰت ويدعوننا رغبا ورهبا وكانوا لنا خٰشعين,سورة الانبياء,25
21,91,والتي احصنت فرجها فنفخنا فيها من روحنا وجعلنٰها وابنها ءاية للعٰلمين,سورة الانبياء,23
21,92,ان هٰذه امتكم امة وٰحدة وانا ربكم فاعبدون,سورة الانبياء,39
21,93,وتقطعوا امرهم بينهم كل الينا رٰجعون,سورة الانبياء,0
21,94,فمن يعمل من الصٰلحٰت وهو مؤمن فلا كفران لسعيه وانا له كٰتبون,سورة الانبياء,49
21,95,وحرٰم علىٰ قرية اهلكنٰها انهم لا يرجعون,سورة الانبياء,25
21,96,حتىٰ اذا فتحت ياجوج وماجوج وهم من كل حدب ينسلون,سورة الانبياء,11
21,97,واقترب الوعد الحق فاذا هي شٰخصة ابصٰر الذين كفروا يٰويلنا قد كنا في غفلة من هٰذا بل كنا ظٰلمين,سورة الانبياء,48
21,98,انكم وما تعبدون من دون الله حصب جهنم انتم لها وٰردون,سورة الانبياء,39
21,99,لو كان هٰؤلاء ءالهة ما وردوها وكل فيها خٰلدون,سورة الانبياء,38
21,100,لهم فيها زفير وهم فيها لا يسمعون,سورة الانبياء,38
21,101,ان الذين سبقت لهم منا الحسنىٰ اولٰئك عنها مبعدون,سورة الانبياء,63
21,102,لا يسمعون حسيسها وهم في ما اشتهت انفسهم خٰلدون,سورة الانبياء,43
21,103,لا يحزنهم الفزع الاكبر وتتلقىٰهم الملٰئكة هٰذا يومكم الذي كنتم توعدون,سورة الانبياء,20
21,104,يوم نطوي السماء كطي السجل للكتب كما بدانا اول خلق نعيده وعدا علينا انا كنا فٰعلين,سورة الانبياء,5
21,105,ولقد كتبنا في الزبور من بعد الذكر ان الارض يرثها عبادي الصٰلحون,سورة الانبياء,8
21,106,ان في هٰذا لبلٰغا لقوم عٰبدين,سورة الانبياء,20
21,107,وما ارسلنٰك الا رحمة للعٰلمين,سورة الانبياء,31
21,108,قل انما يوحىٰ الي انما الٰهكم الٰه وٰحد فهل انتم مسلمون,سورة الانبياء,17
21,109,فان تولوا فقل ءاذنتكم علىٰ سواء وان ادري اقريب ام بعيد ما توعدون,سورة الانبياء,60
21,110,انه يعلم الجهر من القول ويعلم ما تكتمون,سورة الانبياء,36
21,111,وان ادري لعله فتنة لكم ومتٰع الىٰ حين,سورة الانبياء,0
21,112,قٰل رب احكم بالحق وربنا الرحمٰن المستعان علىٰ ما تصفون,سورة الانبياء,67
22,0,سورة الحج,سورة الحج,6
22,0,بسم الله الرحمٰن الرحيم,سورة الحج,10
22,1,يٰايها الناس اتقوا ربكم ان زلزلة الساعة شيء عظيم,سورة الحج,50
22,2,يوم ترونها تذهل كل مرضعة عما ارضعت وتضع كل ذات حمل حملها وترى الناس سكٰرىٰ وما هم بسكٰرىٰ ولٰكن عذاب الله شديد,سورة الحج,46
22,3,ومن الناس من يجٰدل في الله بغير علم ويتبع كل شيطٰن مريد,سورة الحج,8
22,4,كتب عليه انه من تولاه فانه يضله ويهديه الىٰ عذاب السعير,سورة الحج,36
22,5,يٰايها الناس ان كنتم في ريب من البعث فانا خلقنٰكم من تراب ثم من نطفة ثم من علقة ثم من مضغة مخلقة وغير مخلقة لنبين لكم ونقر في الارحام ما نشاء الىٰ اجل مسمى ثم نخرجكم طفلا ثم لتبلغوا اشدكم ومنكم من يتوفىٰ ومنكم من يرد الىٰ ارذل العمر لكيلا يعلم من بعد علم شيا وترى الارض هامدة فاذا انزلنا عليها الماء اهتزت وربت وانبتت من كل زوج بهيج,سورة الحج,69
22,6,ذٰلك بان الله هو الحق وانه يحي الموتىٰ وانه علىٰ كل شيء قدير,سورة الحج,65
22,7,وان الساعة ءاتية لا ريب فيها وان الله يبعث من في القبور,سورة الحج,38
22,8,ومن الناس من يجٰدل في الله بغير علم ولا هدى ولا كتٰب منير,سورة الحج,44
22,9,ثاني عطفه ليضل عن سبيل الله له في الدنيا خزي ونذيقه يوم القيٰمة عذاب الحريق,سورة الحج,40
22,10,ذٰلك بما قدمت يداك وان الله ليس بظلٰم للعبيد,سورة الحج,21
22,11,ومن الناس من يعبد الله علىٰ حرف فان اصابه خير اطمان به وان اصابته فتنة انقلب علىٰ وجهه خسر الدنيا والاخرة ذٰلك هو الخسران المبين,سورة الحج,3
22,12,يدعوا من دون الله ما لا يضره وما لا ينفعه ذٰلك هو الضلٰل البعيد,سورة الحج,43
22,13,يدعوا لمن ضره اقرب من نفعه لبئس المولىٰ ولبئس العشير,سورة الحج,19
22,14,ان الله يدخل الذين ءامنوا وعملوا الصٰلحٰت جنٰت تجري من تحتها الانهٰر ان الله يفعل ما يريد,سورة الحج,2
22,15,من كان يظن ان لن ينصره الله في الدنيا والاخرة فليمدد بسبب الى السماء ثم ليقطع فلينظر هل يذهبن كيده ما يغيظ,سورة الحج,69
22,16,وكذٰلك انزلنٰه ءايٰت بينٰت وان الله يهدي من يريد,سورة الحج,21
22,17,ان الذين ءامنوا والذين هادوا والصٰبين والنصٰرىٰ والمجوس والذين اشركوا ان الله يفصل بينهم يوم القيٰمة ان الله علىٰ كل شيء شهيد,سورة الحج,40
22,18,الم تر ان الله يسجد له من في السمٰوٰت ومن في الارض والشمس والقمر والنجوم والجبال والشجر والدواب وكثير من الناس وكثير حق عليه العذاب ومن يهن الله فما له من مكرم ان الله يفعل ما يشاء,سورة الحج,8
22,19,هٰذان خصمان اختصموا في ربهم فالذين كفروا قطعت لهم ثياب من نار يصب من فوق رءوسهم الحميم,سورة الحج,59
22,20,يصهر به ما في بطونهم والجلود,سورة الحج,41
22,21,ولهم مقٰمع من حديد,سورة الحج,59
22,22,كلما ارادوا ان يخرجوا منها من غم اعيدوا فيها وذوقوا عذاب الحريق,سورة الحج,64
22,23,ان الله يدخل الذين ءامنوا وعملوا الصٰلحٰت جنٰت تجري من تحتها الانهٰر يحلون فيها من اساور من ذهب ولؤلؤا ولباسهم فيها حرير,سورة الحج,2
22,24,وهدوا الى الطيب من القول وهدوا الىٰ صرٰط الحميد,سورة الحج,59
22,25,ان الذين كفروا ويصدون عن سبيل الله والمسجد الحرام الذي جعلنٰه للناس سواء العٰكف فيه والباد ومن يرد فيه بالحاد بظلم نذقه من عذاب اليم,سورة الحج,43
22,26,واذ بوانا لابرٰهيم مكان البيت ان لا تشرك بي شيا وطهر بيتي للطائفين والقائمين والركع السجود,سورة الحج,58
22,27,واذن في الناس بالحج ياتوك رجالا وعلىٰ كل ضامر ياتين من كل فج عميق,سورة الحج,0
22,28,ليشهدوا منٰفع لهم ويذكروا اسم الله في ايام معلومٰت علىٰ ما رزقهم من بهيمة الانعٰم فكلوا منها واطعموا البائس الفقير,سورة الحج,24
22,29,ثم ليقضوا تفثهم وليوفوا نذورهم وليطوفوا بالبيت العتيق,سورة الحج,69
22,30,ذٰلك ومن يعظم حرمٰت الله فهو خير له عند ربه واحلت لكم الانعٰم الا ما يتلىٰ عليكم فاجتنبوا الرجس من الاوثٰن واجتنبوا قول الزور,سورة الحج,17
22,31,حنفاء لله غير مشركين به ومن يشرك بالله فكانما خر من السماء فتخطفه الطير او تهوي به الريح في مكان سحيق,سورة الحج,41
22,32,ذٰلك ومن يعظم شعٰئر الله فانها من تقوى القلوب,سورة الحج,3
22,33,لكم فيها منٰفع الىٰ اجل مسمى ثم محلها الى البيت العتيق,سورة الحج,69
22,34,ولكل امة جعلنا منسكا ليذكروا اسم الله علىٰ ما رزقهم من بهيمة الانعٰم فالٰهكم الٰه وٰحد فله اسلموا وبشر المخبتين,سورة الحج,59
22,35,الذين اذا ذكر الله وجلت قلوبهم والصٰبرين علىٰ ما اصابهم والمقيمي الصلوٰة ومما رزقنٰهم ينفقون,سورة الحج,48
22,36,والبدن جعلنٰها لكم من شعٰئر الله لكم فيها خير فاذكروا اسم الله عليها صواف فاذا وجبت جنوبها فكلوا منها واطعموا القانع والمعتر كذٰلك سخرنٰها لكم لعلكم تشكرون,سورة الحج,23
22,37,لن ينال الله لحومها ولا دماؤها ولٰكن يناله التقوىٰ منكم كذٰلك سخرها لكم لتكبروا الله علىٰ ما هدىٰكم وبشر المحسنين,سورة الحج,45
22,38,ان الله يدٰفع عن الذين ءامنوا ان الله لا يحب كل خوان كفور,سورة الحج,43
22,39,اذن للذين يقٰتلون بانهم ظلموا وان الله علىٰ نصرهم لقدير,سورة الحج,3
22,40,الذين اخرجوا من ديٰرهم بغير حق الا ان يقولوا ربنا الله ولولا دفع الله الناس بعضهم ببعض لهدمت صوٰمع وبيع وصلوٰت ومسٰجد يذكر فيها اسم الله كثيرا ولينصرن الله من ينصره ان الله لقوي عزيز,سورة الحج,3
22,41,الذين ان مكنٰهم في الارض اقاموا الصلوٰة وءاتوا الزكوٰة وامروا بالمعروف ونهوا عن المنكر ولله عٰقبة الامور,سورة الحج,48
22,42,وان يكذبوك فقد كذبت قبلهم قوم نوح وعاد وثمود,سورة الحج,0
22,43,وقوم ابرٰهيم وقوم لوط,سورة الحج,58
22,44,واصحٰب مدين وكذب موسىٰ فامليت للكٰفرين ثم اخذتهم فكيف كان نكير,سورة الحج,7
22,45,فكاين من قرية اهلكنٰها وهي ظالمة فهي خاوية علىٰ عروشها وبئر معطلة وقصر مشيد,سورة الحج,24
22,46,افلم يسيروا في الارض فتكون لهم قلوب يعقلون بها او ءاذان يسمعون بها فانها لا تعمى الابصٰر ولٰكن تعمى القلوب التي في الصدور,سورة الحج,46
22,47,ويستعجلونك بالعذاب ولن يخلف الله وعده وان يوما عند ربك كالف سنة مما تعدون,سورة الحج,4
22,48,وكاين من قرية امليت لها وهي ظالمة ثم اخذتها والي المصير,سورة الحج,24
22,49,قل يٰايها الناس انما انا لكم نذير مبين,سورة الحج,17
22,50,فالذين ءامنوا وعملوا الصٰلحٰت لهم مغفرة ورزق كريم,سورة الحج,2
22,51,والذين سعوا في ءايٰتنا معٰجزين اولٰئك اصحٰب الجحيم,سورة الحج,63
22,52,وما ارسلنا من قبلك من رسول ولا نبي الا اذا تمنىٰ القى الشيطٰن في امنيته فينسخ الله ما يلقي الشيطٰن ثم يحكم الله ءايٰته والله عليم حكيم,سورة الحج,11
22,53,ليجعل ما يلقي الشيطٰن فتنة للذين في قلوبهم مرض والقاسية قلوبهم وان الظٰلمين لفي شقاق بعيد,سورة الحج,0
22,54,وليعلم الذين اوتوا العلم انه الحق من ربك فيؤمنوا به فتخبت له قلوبهم وان الله لهاد الذين ءامنوا الىٰ صرٰط مستقيم,سورة الحج,62
22,55,ولا يزال الذين كفروا في مرية منه حتىٰ تاتيهم الساعة بغتة او ياتيهم عذاب يوم عقيم,سورة الحج,30
22,56,الملك يومئذ لله يحكم بينهم فالذين ءامنوا وعملوا الصٰلحٰت في جنٰت النعيم,سورة الحج,2
22,57,والذين كفروا وكذبوا بايٰتنا فاولٰئك لهم عذاب مهين,سورة الحج,28
22,58,والذين هاجروا في سبيل الله ثم قتلوا او ماتوا ليرزقنهم الله رزقا حسنا وان الله لهو خير الرٰزقين,سورة الحج,3
22,59,ليدخلنهم مدخلا يرضونه وان الله لعليم حليم,سورة الحج,0
22,60,ذٰلك ومن عاقب بمثل ما عوقب به ثم بغي عليه لينصرنه الله ان الله لعفو غفور,سورة الحج,3
22,61,ذٰلك بان الله يولج اليل في النهار ويولج النهار في اليل وان الله سميع بصير,سورة الحج,21
22,62,ذٰلك بان الله هو الحق وان ما يدعون من دونه هو البٰطل وان الله هو العلي الكبير,سورة الحج,21
22,63,الم تر ان الله انزل من السماء ماء فتصبح الارض مخضرة ان الله لطيف خبير,سورة الحج,55
22,64,له ما في السمٰوٰت وما في الارض وان الله لهو الغني الحميد,سورة الحج,8
22,65,الم تر ان الله سخر لكم ما في الارض والفلك تجري في البحر بامره ويمسك السماء ان تقع على الارض الا باذنه ان الله بالناس لرءوف رحيم,سورة الحج,8
22,66,وهو الذي احياكم ثم يميتكم ثم يحييكم ان الانسٰن لكفور,سورة الحج,69
22,67,لكل امة جعلنا منسكا هم ناسكوه فلا ينٰزعنك في الامر وادع الىٰ ربك انك لعلىٰ هدى مستقيم,سورة الحج,4
22,68,وان جٰدلوك فقل الله اعلم بما تعملون,سورة الحج,27
22,69,الله يحكم بينكم يوم القيٰمة فيما كنتم فيه تختلفون,سورة الحج,40
22,70,الم تعلم ان الله يعلم ما في السماء والارض ان ذٰلك في كتٰب ان ذٰلك على الله يسير,سورة الحج,21
22,71,ويعبدون من دون الله ما لم ينزل به سلطٰنا وما ليس لهم به علم وما للظٰلمين من نصير,سورة الحج,15
22,72,واذا تتلىٰ عليهم ءايٰتنا بينٰت تعرف في وجوه الذين كفروا المنكر يكادون يسطون بالذين يتلون عليهم ءايٰتنا قل افانبئكم بشر من ذٰلكم النار وعدها الله الذين كفروا وبئس المصير,سورة الحج,28
22,73,يٰايها الناس ضرب مثل فاستمعوا له ان الذين تدعون من دون الله لن يخلقوا ذبابا ولو اجتمعوا له وان يسلبهم الذباب شيا لا يستنقذوه منه ضعف الطالب والمطلوب,سورة الحج,43
22,74,ما قدروا الله حق قدره ان الله لقوي عزيز,سورة الحج,3
22,75,الله يصطفي من الملٰئكة رسلا ومن الناس ان الله سميع بصير,سورة الحج,3
22,76,يعلم ما بين ايديهم وما خلفهم والى الله ترجع الامور,سورة الحج,29
22,77,يٰايها الذين ءامنوا اركعوا واسجدوا واعبدوا ربكم وافعلوا الخير لعلكم تفلحون,سورة الحج,62
22,78,وجٰهدوا في الله حق جهاده هو اجتبىٰكم وما جعل عليكم في الدين من حرج ملة ابيكم ابرٰهيم هو سمىٰكم المسلمين من قبل وفي هٰذا ليكون الرسول شهيدا عليكم وتكونوا شهداء على الناس فاقيموا الصلوٰة وءاتوا الزكوٰة واعتصموا بالله هو مولىٰكم فنعم المولىٰ ونعم النصير,سورة الحج,45
23,0,سورة المؤمنون,سورة المؤمنون,6
23,0,بسم الله الرحمٰن الرحيم,سورة المؤمنون,10
23,1,قد افلح المؤمنون,سورة المؤمنون,0
23,2,الذين هم في صلاتهم خٰشعون,سورة المؤمنون,9
23,3,والذين هم عن اللغو معرضون,سورة المؤمنون,9
23,4,والذين هم للزكوٰة فٰعلون,سورة المؤمنون,9
23,5,والذين هم لفروجهم حٰفظون,سورة المؤمنون,9
23,6,الا علىٰ ازوٰجهم او ما ملكت ايمٰنهم فانهم غير ملومين,سورة المؤمنون,30
23,7,فمن ابتغىٰ وراء ذٰلك فاولٰئك هم العادون,سورة المؤمنون,32
23,8,والذين هم لامٰنٰتهم وعهدهم رٰعون,سورة المؤمنون,9
23,9,والذين هم علىٰ صلوٰتهم يحافظون,سورة المؤمنون,9
23,10,اولٰئك هم الوٰرثون,سورة المؤمنون,63
23,11,الذين يرثون الفردوس هم فيها خٰلدون,سورة المؤمنون,38
23,12,ولقد خلقنا الانسٰن من سلٰلة من طين,سورة المؤمنون,59
23,13,ثم جعلنٰه نطفة في قرار مكين,سورة المؤمنون,69
23,14,ثم خلقنا النطفة علقة فخلقنا العلقة مضغة فخلقنا المضغة عظٰما فكسونا العظٰم لحما ثم انشانٰه خلقا ءاخر فتبارك الله احسن الخٰلقين,سورة المؤمنون,69
23,15,ثم انكم بعد ذٰلك لميتون,سورة المؤمنون,69
23,16,ثم انكم يوم القيٰمة تبعثون,سورة المؤمنون,40
23,17,ولقد خلقنا فوقكم سبع طرائق وما كنا عن الخلق غٰفلين,سورة المؤمنون,29
23,18,وانزلنا من السماء ماء بقدر فاسكنٰه في الارض وانا علىٰ ذهاب به لقٰدرون,سورة المؤمنون,41
23,19,فانشانا لكم به جنٰت من نخيل واعنٰب لكم فيها فوٰكه كثيرة ومنها تاكلون,سورة المؤمنون,64
23,20,وشجرة تخرج من طور سيناء تنبت بالدهن وصبغ للاكلين,سورة المؤمنون,59
23,21,وان لكم في الانعٰم لعبرة نسقيكم مما في بطونها ولكم فيها منٰفع كثيرة ومنها تاكلون,سورة المؤمنون,64
23,22,وعليها وعلى الفلك تحملون,سورة المؤمنون,0
23,23,ولقد ارسلنا نوحا الىٰ قومه فقال يٰقوم اعبدوا الله ما لكم من الٰه غيره افلا تتقون,سورة المؤمنون,50
23,24,فقال الملؤا الذين كفروا من قومه ما هٰذا الا بشر مثلكم يريد ان يتفضل عليكم ولو شاء الله لانزل ملٰئكة ما سمعنا بهٰذا في ءابائنا الاولين,سورة المؤمنون,20
23,25,ان هو الا رجل به جنة فتربصوا به حتىٰ حين,سورة المؤمنون,41
23,26,قال رب انصرني بما كذبون,سورة المؤمنون,26
23,27,فاوحينا اليه ان اصنع الفلك باعيننا ووحينا فاذا جاء امرنا وفار التنور فاسلك فيها من كل زوجين اثنين واهلك الا من سبق عليه القول منهم ولا تخٰطبني في الذين ظلموا انهم مغرقون,سورة المؤمنون,25
23,28,فاذا استويت انت ومن معك على الفلك فقل الحمد لله الذي نجىٰنا من القوم الظٰلمين,سورة المؤمنون,48
23,29,وقل رب انزلني منزلا مباركا وانت خير المنزلين,سورة المؤمنون,0
23,30,ان في ذٰلك لايٰت وان كنا لمبتلين,سورة المؤمنون,21
23,31,ثم انشانا من بعدهم قرنا ءاخرين,سورة المؤمنون,69
23,32,فارسلنا فيهم رسولا منهم ان اعبدوا الله ما لكم من الٰه غيره افلا تتقون,سورة المؤمنون,50
23,33,وقال الملا من قومه الذين كفروا وكذبوا بلقاء الاخرة واترفنٰهم في الحيوٰة الدنيا ما هٰذا الا بشر مثلكم ياكل مما تاكلون منه ويشرب مما تشربون,سورة المؤمنون,20
23,34,ولئن اطعتم بشرا مثلكم انكم اذا لخٰسرون,سورة المؤمنون,11
23,35,ايعدكم انكم اذا متم وكنتم ترابا وعظٰما انكم مخرجون,سورة المؤمنون,11
23,36,هيهات هيهات لما توعدون,سورة المؤمنون,0
23,37,ان هي الا حياتنا الدنيا نموت ونحيا وما نحن بمبعوثين,سورة المؤمنون,31
23,38,ان هو الا رجل افترىٰ على الله كذبا وما نحن له بمؤمنين,سورة المؤمنون,53
23,39,قال رب انصرني بما كذبون,سورة المؤمنون,26
23,40,قال عما قليل ليصبحن نٰدمين,سورة المؤمنون,26
23,41,فاخذتهم الصيحة بالحق فجعلنٰهم غثاء فبعدا للقوم الظٰلمين,سورة المؤمنون,9
23,42,ثم انشانا من بعدهم قرونا ءاخرين,سورة المؤمنون,69
23,43,ما تسبق من امة اجلها وما يستخرون,سورة المؤمنون,29
23,44,ثم ارسلنا رسلنا تترا كل ما جاء امة رسولها كذبوه فاتبعنا بعضهم بعضا وجعلنٰهم احاديث فبعدا لقوم لا يؤمنون,سورة المؤمنون,43
23,45,ثم ارسلنا موسىٰ واخاه هٰرون بايٰتنا وسلطٰن مبين,سورة المؤمنون,28
23,46,الىٰ فرعون وملايه فاستكبروا وكانوا قوما عالين,سورة المؤمنون,42
23,47,فقالوا انؤمن لبشرين مثلنا وقومهما لنا عٰبدون,سورة المؤمنون,0
23,48,فكذبوهما فكانوا من المهلكين,سورة المؤمنون,59
23,49,ولقد ءاتينا موسى الكتٰب لعلهم يهتدون,سورة المؤمنون,0
23,50,وجعلنا ابن مريم وامه ءاية وءاوينٰهما الىٰ ربوة ذات قرار ومعين,سورة المؤمنون,0
23,51,يٰايها الرسل كلوا من الطيبٰت واعملوا صٰلحا اني بما تعملون عليم,سورة المؤمنون,12
23,52,وان هٰذه امتكم امة وٰحدة وانا ربكم فاتقون,سورة المؤمنون,39
23,53,فتقطعوا امرهم بينهم زبرا كل حزب بما لديهم فرحون,سورة المؤمنون,27
23,54,فذرهم في غمرتهم حتىٰ حين,سورة المؤمنون,18
23,55,ايحسبون انما نمدهم به من مال وبنين,سورة المؤمنون,41
23,56,نسارع لهم في الخيرٰت بل لا يشعرون,سورة المؤمنون,43
23,57,ان الذين هم من خشية ربهم مشفقون,سورة المؤمنون,9
23,58,والذين هم بايٰت ربهم يؤمنون,سورة المؤمنون,28
23,59,والذين هم بربهم لا يشركون,سورة المؤمنون,9
23,60,والذين يؤتون ما ءاتوا وقلوبهم وجلة انهم الىٰ ربهم رٰجعون,سورة المؤمنون,25
23,61,اولٰئك يسٰرعون في الخيرٰت وهم لها سٰبقون,سورة المؤمنون,63
23,62,ولا نكلف نفسا الا وسعها ولدينا كتٰب ينطق بالحق وهم لا يظلمون,سورة المؤمنون,44
23,63,بل قلوبهم في غمرة من هٰذا ولهم اعمٰل من دون ذٰلك هم لها عٰملون,سورة المؤمنون,9
23,64,حتىٰ اذا اخذنا مترفيهم بالعذاب اذا هم يجرون,سورة المؤمنون,11
23,65,لا تجروا اليوم انكم منا لا تنصرون,سورة المؤمنون,43
23,66,قد كانت ءايٰتي تتلىٰ عليكم فكنتم علىٰ اعقٰبكم تنكصون,سورة المؤمنون,0
23,67,مستكبرين به سٰمرا تهجرون,سورة المؤمنون,41
23,68,افلم يدبروا القول ام جاءهم ما لم يات ءاباءهم الاولين,سورة المؤمنون,60
23,69,ام لم يعرفوا رسولهم فهم له منكرون,سورة المؤمنون,60
23,70,ام يقولون به جنة بل جاءهم بالحق واكثرهم للحق كٰرهون,سورة المؤمنون,60
23,71,ولو اتبع الحق اهواءهم لفسدت السمٰوٰت والارض ومن فيهن بل اتينٰهم بذكرهم فهم عن ذكرهم معرضون,سورة المؤمنون,9
23,72,ام تسلهم خرجا فخراج ربك خير وهو خير الرٰزقين,سورة المؤمنون,60
23,73,وانك لتدعوهم الىٰ صرٰط مستقيم,سورة المؤمنون,0
23,74,وان الذين لا يؤمنون بالاخرة عن الصرٰط لنٰكبون,سورة المؤمنون,43
23,75,ولو رحمنٰهم وكشفنا ما بهم من ضر للجوا في طغيٰنهم يعمهون,سورة المؤمنون,18
23,76,ولقد اخذنٰهم بالعذاب فما استكانوا لربهم وما يتضرعون,سورة المؤمنون,29
23,77,حتىٰ اذا فتحنا عليهم بابا ذا عذاب شديد اذا هم فيه مبلسون,سورة المؤمنون,11
23,78,وهو الذي انشا لكم السمع والابصٰر والافدة قليلا ما تشكرون,سورة المؤمنون,15
23,79,وهو الذي ذراكم في الارض واليه تحشرون,سورة المؤمنون,49
23,80,وهو الذي يحي ويميت وله اختلٰف اليل والنهار افلا تعقلون,سورة المؤمنون,49
23,81,بل قالوا مثل ما قال الاولون,سورة المؤمنون,26
23,82,قالوا اءذا متنا وكنا ترابا وعظٰما اءنا لمبعوثون,سورة المؤمنون,0
23,83,لقد وعدنا نحن وءاباؤنا هٰذا من قبل ان هٰذا الا اسٰطير الاولين,سورة المؤمنون,20
23,84,قل لمن الارض ومن فيها ان كنتم تعلمون,سورة المؤمنون,38
23,85,سيقولون لله قل افلا تذكرون,سورة المؤمنون,50
23,86,قل من رب السمٰوٰت السبع ورب العرش العظيم,سورة المؤمنون,66
23,87,سيقولون لله قل افلا تتقون,سورة المؤمنون,50
23,88,قل من بيده ملكوت كل شيء وهو يجير ولا يجار عليه ان كنتم تعلمون,سورة المؤمنون,49
23,89,سيقولون لله قل فانىٰ تسحرون,سورة المؤمنون,0
23,90,بل اتينٰهم بالحق وانهم لكٰذبون,سورة المؤمنون,9
23,91,ما اتخذ الله من ولد وما كان معه من الٰه اذا لذهب كل الٰه بما خلق ولعلا بعضهم علىٰ بعض سبحٰن الله عما يصفون,سورة المؤمنون,67
23,92,عٰلم الغيب والشهٰدة فتعٰلىٰ عما يشركون,سورة المؤمنون,47
23,93,قل رب اما تريني ما يوعدون,سورة المؤمنون,0
23,94,رب فلا تجعلني في القوم الظٰلمين,سورة المؤمنون,16
23,95,وانا علىٰ ان نريك ما نعدهم لقٰدرون,سورة المؤمنون,53
23,96,ادفع بالتي هي احسن السيئة نحن اعلم بما يصفون,سورة المؤمنون,27
23,97,وقل رب اعوذ بك من همزٰت الشيٰطين,سورة المؤمنون,59
23,98,واعوذ بك رب ان يحضرون,سورة المؤمنون,0
23,99,حتىٰ اذا جاء احدهم الموت قال رب ارجعون,سورة المؤمنون,11
23,100,لعلي اعمل صٰلحا فيما تركت كلا انها كلمة هو قائلها ومن ورائهم برزخ الىٰ يوم يبعثون,سورة المؤمنون,22
23,101,فاذا نفخ في الصور فلا انساب بينهم يومئذ ولا يتساءلون,سورة المؤمنون,48
23,102,فمن ثقلت موٰزينه فاولٰئك هم المفلحون,سورة المؤمنون,32
23,103,ومن خفت موٰزينه فاولٰئك الذين خسروا انفسهم في جهنم خٰلدون,سورة المؤمنون,32
23,104,تلفح وجوههم النار وهم فيها كٰلحون,سورة المؤمنون,38
23,105,الم تكن ءايٰتي تتلىٰ عليكم فكنتم بها تكذبون,سورة المؤمنون,55
23,106,قالوا ربنا غلبت علينا شقوتنا وكنا قوما ضالين,سورة المؤمنون,0
23,107,ربنا اخرجنا منها فان عدنا فانا ظٰلمون,سورة المؤمنون,64
23,108,قال اخسوا فيها ولا تكلمون,سورة المؤمنون,38
23,109,انه كان فريق من عبادي يقولون ربنا ءامنا فاغفر لنا وارحمنا وانت خير الرٰحمين,سورة المؤمنون,36
23,110,فاتخذتموهم سخريا حتىٰ انسوكم ذكري وكنتم منهم تضحكون,سورة المؤمنون,18
23,111,اني جزيتهم اليوم بما صبروا انهم هم الفائزون,سورة المؤمنون,25
23,112,قٰل كم لبثتم في الارض عدد سنين,سورة المؤمنون,45
23,113,قالوا لبثنا يوما او بعض يوم فسل العادين,سورة المؤمنون,30
23,114,قٰل ان لبثتم الا قليلا لو انكم كنتم تعلمون,سورة المؤمنون,31
23,115,افحسبتم انما خلقنٰكم عبثا وانكم الينا لا ترجعون,سورة المؤمنون,45
23,116,فتعٰلى الله الملك الحق لا الٰه الا هو رب العرش الكريم,سورة المؤمنون,31
23,117,ومن يدع مع الله الٰها ءاخر لا برهٰن له به فانما حسابه عند ربه انه لا يفلح الكٰفرون,سورة المؤمنون,23
23,118,وقل رب اغفر وارحم وانت خير الرٰحمين,سورة المؤمنون,0
24,0,سورة النور,سورة النور,6
24,0,بسم الله الرحمٰن الرحيم,سورة النور,10
24,1,سورة انزلنٰها وفرضنٰها وانزلنا فيها ءايٰت بينٰت لعلكم تذكرون,سورة النور,23
24,2,الزانية والزاني فاجلدوا كل وٰحد منهما مائة جلدة ولا تاخذكم بهما رافة في دين الله ان كنتم تؤمنون بالله واليوم الاخر وليشهد عذابهما طائفة من المؤمنين,سورة النور,17
24,3,الزاني لا ينكح الا زانية او مشركة والزانية لا ينكحها الا زان او مشرك وحرم ذٰلك على المؤمنين,سورة النور,30
24,4,والذين يرمون المحصنٰت ثم لم ياتوا باربعة شهداء فاجلدوهم ثمٰنين جلدة ولا تقبلوا لهم شهٰدة ابدا واولٰئك هم الفٰسقون,سورة النور,69
24,5,الا الذين تابوا من بعد ذٰلك واصلحوا فان الله غفور رحيم,سورة النور,3
24,6,والذين يرمون ازوٰجهم ولم يكن لهم شهداء الا انفسهم فشهٰدة احدهم اربع شهٰدٰت بالله انه لمن الصٰدقين,سورة النور,36
24,7,والخٰمسة ان لعنت الله عليه ان كان من الكٰذبين,سورة النور,68
24,8,ويدرؤا عنها العذاب ان تشهد اربع شهٰدٰت بالله انه لمن الكٰذبين,سورة النور,36
24,9,والخٰمسة ان غضب الله عليها ان كان من الصٰدقين,سورة النور,68
24,10,ولولا فضل الله عليكم ورحمته وان الله تواب حكيم,سورة النور,3
24,11,ان الذين جاءو بالافك عصبة منكم لا تحسبوه شرا لكم بل هو خير لكم لكل امري منهم ما اكتسب من الاثم والذي تولىٰ كبره منهم له عذاب عظيم,سورة النور,17
24,12,لولا اذ سمعتموه ظن المؤمنون والمؤمنٰت بانفسهم خيرا وقالوا هٰذا افك مبين,سورة النور,20
24,13,لولا جاءو عليه باربعة شهداء فاذ لم ياتوا بالشهداء فاولٰئك عند الله هم الكٰذبون,سورة النور,32
24,14,ولولا فضل الله عليكم ورحمته في الدنيا والاخرة لمسكم في ما افضتم فيه عذاب عظيم,سورة النور,8
24,15,اذ تلقونه بالسنتكم وتقولون بافواهكم ما ليس لكم به علم وتحسبونه هينا وهو عند الله عظيم,سورة النور,15
24,16,ولولا اذ سمعتموه قلتم ما يكون لنا ان نتكلم بهٰذا سبحٰنك هٰذا بهتٰن عظيم,سورة النور,20
24,17,يعظكم الله ان تعودوا لمثله ابدا ان كنتم مؤمنين,سورة النور,1
24,18,ويبين الله لكم الايٰت والله عليم حكيم,سورة النور,5
24,19,ان الذين يحبون ان تشيع الفٰحشة في الذين ءامنوا لهم عذاب اليم في الدنيا والاخرة والله يعلم وانتم لا تعلمون,سورة النور,43
24,20,ولولا فضل الله عليكم ورحمته وان الله رءوف رحيم,سورة النور,3
24,21,يٰايها الذين ءامنوا لا تتبعوا خطوٰت الشيطٰن ومن يتبع خطوٰت الشيطٰن فانه يامر بالفحشاء والمنكر ولولا فضل الله عليكم ورحمته ما زكىٰ منكم من احد ابدا ولٰكن الله يزكي من يشاء والله سميع عليم,سورة النور,62
24,22,ولا ياتل اولوا الفضل منكم والسعة ان يؤتوا اولي القربىٰ والمسٰكين والمهٰجرين في سبيل الله وليعفوا وليصفحوا الا تحبون ان يغفر الله لكم والله غفور رحيم,سورة النور,17
24,23,ان الذين يرمون المحصنٰت الغٰفلٰت المؤمنٰت لعنوا في الدنيا والاخرة ولهم عذاب عظيم,سورة النور,43
24,24,يوم تشهد عليهم السنتهم وايديهم وارجلهم بما كانوا يعملون,سورة النور,27
24,25,يومئذ يوفيهم الله دينهم الحق ويعلمون ان الله هو الحق المبين,سورة النور,3
24,26,الخبيثٰت للخبيثين والخبيثون للخبيثٰت والطيبٰت للطيبين والطيبون للطيبٰت اولٰئك مبرءون مما يقولون لهم مغفرة ورزق كريم,سورة النور,63
24,27,يٰايها الذين ءامنوا لا تدخلوا بيوتا غير بيوتكم حتىٰ تستانسوا وتسلموا علىٰ اهلها ذٰلكم خير لكم لعلكم تذكرون,سورة النور,62
24,28,فان لم تجدوا فيها احدا فلا تدخلوها حتىٰ يؤذن لكم وان قيل لكم ارجعوا فارجعوا هو ازكىٰ لكم والله بما تعملون عليم,سورة النور,14
24,29,ليس عليكم جناح ان تدخلوا بيوتا غير مسكونة فيها متٰع لكم والله يعلم ما تبدون وما تكتمون,سورة النور,29
24,30,قل للمؤمنين يغضوا من ابصٰرهم ويحفظوا فروجهم ذٰلك ازكىٰ لهم ان الله خبير بما يصنعون,سورة النور,21
24,31,وقل للمؤمنٰت يغضضن من ابصٰرهن ويحفظن فروجهن ولا يبدين زينتهن الا ما ظهر منها وليضربن بخمرهن علىٰ جيوبهن ولا يبدين زينتهن الا لبعولتهن او ءابائهن او ءاباء بعولتهن او ابنائهن او ابناء بعولتهن او اخوٰنهن او بني اخوٰنهن او بني اخوٰتهن او نسائهن او ما ملكت ايمٰنهن او التٰبعين غير اولي الاربة من الرجال او الطفل الذين لم يظهروا علىٰ عورٰت النساء ولا يضربن بارجلهن ليعلم ما يخفين من زينتهن وتوبوا الى الله جميعا ايه المؤمنون لعلكم تفلحون,سورة النور,30
24,32,وانكحوا الايٰمىٰ منكم والصٰلحين من عبادكم وامائكم ان يكونوا فقراء يغنهم الله من فضله والله وٰسع عليم,سورة النور,59
24,33,وليستعفف الذين لا يجدون نكاحا حتىٰ يغنيهم الله من فضله والذين يبتغون الكتٰب مما ملكت ايمٰنكم فكاتبوهم ان علمتم فيهم خيرا وءاتوهم من مال الله الذي ءاتىٰكم ولا تكرهوا فتيٰتكم على البغاء ان اردن تحصنا لتبتغوا عرض الحيوٰة الدنيا ومن يكرههن فان الله من بعد اكرٰههن غفور رحيم,سورة النور,3
24,34,ولقد انزلنا اليكم ءايٰت مبينٰت ومثلا من الذين خلوا من قبلكم وموعظة للمتقين,سورة النور,59
24,35,الله نور السمٰوٰت والارض مثل نوره كمشكوٰة فيها مصباح المصباح في زجاجة الزجاجة كانها كوكب دري يوقد من شجرة مبٰركة زيتونة لا شرقية ولا غربية يكاد زيتها يضيء ولو لم تمسسه نار نور علىٰ نور يهدي الله لنوره من يشاء ويضرب الله الامثٰل للناس والله بكل شيء عليم,سورة النور,3
24,36,في بيوت اذن الله ان ترفع ويذكر فيها اسمه يسبح له فيها بالغدو والاصال,سورة النور,38
24,37,رجال لا تلهيهم تجٰرة ولا بيع عن ذكر الله واقام الصلوٰة وايتاء الزكوٰة يخافون يوما تتقلب فيه القلوب والابصٰر,سورة النور,48
24,38,ليجزيهم الله احسن ما عملوا ويزيدهم من فضله والله يرزق من يشاء بغير حساب,سورة النور,59
24,39,والذين كفروا اعمٰلهم كسراب بقيعة يحسبه الظمان ماء حتىٰ اذا جاءه لم يجده شيا ووجد الله عنده فوفىٰه حسابه والله سريع الحساب,سورة النور,11
24,40,او كظلمٰت في بحر لجي يغشىٰه موج من فوقه موج من فوقه سحاب ظلمٰت بعضها فوق بعض اذا اخرج يده لم يكد يرىٰها ومن لم يجعل الله له نورا فما له من نور,سورة النور,59
24,41,الم تر ان الله يسبح له من في السمٰوٰت والارض والطير صٰفٰت كل قد علم صلاته وتسبيحه والله عليم بما يفعلون,سورة النور,66
24,42,ولله ملك السمٰوٰت والارض والى الله المصير,سورة النور,66
24,43,الم تر ان الله يزجي سحابا ثم يؤلف بينه ثم يجعله ركاما فترى الودق يخرج من خلٰله وينزل من السماء من جبال فيها من برد فيصيب به من يشاء ويصرفه عن من يشاء يكاد سنا برقه يذهب بالابصٰر,سورة النور,59
24,44,يقلب الله اليل والنهار ان في ذٰلك لعبرة لاولي الابصٰر,سورة النور,21
24,45,والله خلق كل دابة من ماء فمنهم من يمشي علىٰ بطنه ومنهم من يمشي علىٰ رجلين ومنهم من يمشي علىٰ اربع يخلق الله ما يشاء ان الله علىٰ كل شيء قدير,سورة النور,53
24,46,لقد انزلنا ءايٰت مبينٰت والله يهدي من يشاء الىٰ صرٰط مستقيم,سورة النور,59
24,47,ويقولون ءامنا بالله وبالرسول واطعنا ثم يتولىٰ فريق منهم من بعد ذٰلك وما اولٰئك بالمؤمنين,سورة النور,63
24,48,واذا دعوا الى الله ورسوله ليحكم بينهم اذا فريق منهم معرضون,سورة النور,11
24,49,وان يكن لهم الحق ياتوا اليه مذعنين,سورة النور,0
24,50,افي قلوبهم مرض ام ارتابوا ام يخافون ان يحيف الله عليهم ورسوله بل اولٰئك هم الظٰلمون,سورة النور,60
24,51,انما كان قول المؤمنين اذا دعوا الى الله ورسوله ليحكم بينهم ان يقولوا سمعنا واطعنا واولٰئك هم المفلحون,سورة النور,63
24,52,ومن يطع الله ورسوله ويخش الله ويتقه فاولٰئك هم الفائزون,سورة النور,32
24,53,واقسموا بالله جهد ايمٰنهم لئن امرتهم ليخرجن قل لا تقسموا طاعة معروفة ان الله خبير بما تعملون,سورة النور,43
24,54,قل اطيعوا الله واطيعوا الرسول فان تولوا فانما عليه ما حمل وعليكم ما حملتم وان تطيعوه تهتدوا وما على الرسول الا البلٰغ المبين,سورة النور,3
24,55,وعد الله الذين ءامنوا منكم وعملوا الصٰلحٰت ليستخلفنهم في الارض كما استخلف الذين من قبلهم وليمكنن لهم دينهم الذي ارتضىٰ لهم وليبدلنهم من بعد خوفهم امنا يعبدونني لا يشركون بي شيا ومن كفر بعد ذٰلك فاولٰئك هم الفٰسقون,سورة النور,2
24,56,واقيموا الصلوٰة وءاتوا الزكوٰة واطيعوا الرسول لعلكم ترحمون,سورة النور,48
24,57,لا تحسبن الذين كفروا معجزين في الارض وماوىٰهم النار ولبئس المصير,سورة النور,45
24,58,يٰايها الذين ءامنوا ليستذنكم الذين ملكت ايمٰنكم والذين لم يبلغوا الحلم منكم ثلٰث مرٰت من قبل صلوٰة الفجر وحين تضعون ثيابكم من الظهيرة ومن بعد صلوٰة العشاء ثلٰث عورٰت لكم ليس عليكم ولا عليهم جناح بعدهن طوٰفون عليكم بعضكم علىٰ بعض كذٰلك يبين الله لكم الايٰت والله عليم حكيم,سورة النور,62
24,59,واذا بلغ الاطفٰل منكم الحلم فليستذنوا كما استذن الذين من قبلهم كذٰلك يبين الله لكم ءايٰته والله عليم حكيم,سورة النور,54
24,60,والقوٰعد من النساء الٰتي لا يرجون نكاحا فليس عليهن جناح ان يضعن ثيابهن غير متبرجٰت بزينة وان يستعففن خير لهن والله سميع عليم,سورة النور,17
24,61,ليس على الاعمىٰ حرج ولا على الاعرج حرج ولا على المريض حرج ولا علىٰ انفسكم ان تاكلوا من بيوتكم او بيوت ءابائكم او بيوت امهٰتكم او بيوت اخوٰنكم او بيوت اخوٰتكم او بيوت اعمٰمكم او بيوت عمٰتكم او بيوت اخوٰلكم او بيوت خٰلٰتكم او ما ملكتم مفاتحه او صديقكم ليس عليكم جناح ان تاكلوا جميعا او اشتاتا فاذا دخلتم بيوتا فسلموا علىٰ انفسكم تحية من عند الله مبٰركة طيبة كذٰلك يبين الله لكم الايٰت لعلكم تعقلون,سورة النور,30
24,62,انما المؤمنون الذين ءامنوا بالله ورسوله واذا كانوا معه علىٰ امر جامع لم يذهبوا حتىٰ يستذنوه ان الذين يستذنونك اولٰئك الذين يؤمنون بالله ورسوله فاذا استذنوك لبعض شانهم فاذن لمن شئت منهم واستغفر لهم الله ان الله غفور رحيم,سورة النور,62
24,63,لا تجعلوا دعاء الرسول بينكم كدعاء بعضكم بعضا قد يعلم الله الذين يتسللون منكم لواذا فليحذر الذين يخالفون عن امره ان تصيبهم فتنة او يصيبهم عذاب اليم,سورة النور,43
24,64,الا ان لله ما في السمٰوٰت والارض قد يعلم ما انتم عليه ويوم يرجعون اليه فينبئهم بما عملوا والله بكل شيء عليم,سورة النور,66
25,0,سورة الفرقان,سورة الفرقان,6
25,0,بسم الله الرحمٰن الرحيم,سورة الفرقان,10
25,1,تبارك الذي نزل الفرقان علىٰ عبده ليكون للعٰلمين نذيرا,سورة الفرقان,0
25,2,الذي له ملك السمٰوٰت والارض ولم يتخذ ولدا ولم يكن له شريك في الملك وخلق كل شيء فقدره تقديرا,سورة الفرقان,66
25,3,واتخذوا من دونه ءالهة لا يخلقون شيا وهم يخلقون ولا يملكون لانفسهم ضرا ولا نفعا ولا يملكون موتا ولا حيوٰة ولا نشورا,سورة الفرقان,44
25,4,وقال الذين كفروا ان هٰذا الا افك افترىٰه واعانه عليه قوم ءاخرون فقد جاءو ظلما وزورا,سورة الفرقان,20
25,5,وقالوا اسٰطير الاولين اكتتبها فهي تملىٰ عليه بكرة واصيلا,سورة الفرقان,0
25,6,قل انزله الذي يعلم السر في السمٰوٰت والارض انه كان غفورا رحيما,سورة الفرقان,66
25,7,وقالوا مال هٰذا الرسول ياكل الطعام ويمشي في الاسواق لولا انزل اليه ملك فيكون معه نذيرا,سورة الفرقان,20
25,8,او يلقىٰ اليه كنز او تكون له جنة ياكل منها وقال الظٰلمون ان تتبعون الا رجلا مسحورا,سورة الفرقان,30
25,9,انظر كيف ضربوا لك الامثٰل فضلوا فلا يستطيعون سبيلا,سورة الفرقان,14
25,10,تبارك الذي ان شاء جعل لك خيرا من ذٰلك جنٰت تجري من تحتها الانهٰر ويجعل لك قصورا,سورة الفرقان,13
25,11,بل كذبوا بالساعة واعتدنا لمن كذب بالساعة سعيرا,سورة الفرقان,19
25,12,اذا راتهم من مكان بعيد سمعوا لها تغيظا وزفيرا,سورة الفرقان,39
25,13,واذا القوا منها مكانا ضيقا مقرنين دعوا هنالك ثبورا,سورة الفرقان,64
25,14,لا تدعوا اليوم ثبورا وٰحدا وادعوا ثبورا كثيرا,سورة الفرقان,0
25,15,قل اذٰلك خير ام جنة الخلد التي وعد المتقون كانت لهم جزاء ومصيرا,سورة الفرقان,60
25,16,لهم فيها ما يشاءون خٰلدين كان علىٰ ربك وعدا مسولا,سورة الفرقان,38
25,17,ويوم يحشرهم وما يعبدون من دون الله فيقول ءانتم اضللتم عبادي هٰؤلاء ام هم ضلوا السبيل,سورة الفرقان,60
25,18,قالوا سبحٰنك ما كان ينبغي لنا ان نتخذ من دونك من اولياء ولٰكن متعتهم وءاباءهم حتىٰ نسوا الذكر وكانوا قوما بورا,سورة الفرقان,46
25,19,فقد كذبوكم بما تقولون فما تستطيعون صرفا ولا نصرا ومن يظلم منكم نذقه عذابا كبيرا,سورة الفرقان,44
25,20,وما ارسلنا قبلك من المرسلين الا انهم لياكلون الطعام ويمشون في الاسواق وجعلنا بعضكم لبعض فتنة اتصبرون وكان ربك بصيرا,سورة الفرقان,25
25,21,وقال الذين لا يرجون لقاءنا لولا انزل علينا الملٰئكة او نرىٰ ربنا لقد استكبروا في انفسهم وعتو عتوا كبيرا,سورة الفرقان,43
25,22,يوم يرون الملٰئكة لا بشرىٰ يومئذ للمجرمين ويقولون حجرا محجورا,سورة الفرقان,56
25,23,وقدمنا الىٰ ما عملوا من عمل فجعلنٰه هباء منثورا,سورة الفرقان,59
25,24,اصحٰب الجنة يومئذ خير مستقرا واحسن مقيلا,سورة الفرقان,52
25,25,ويوم تشقق السماء بالغمٰم ونزل الملٰئكة تنزيلا,سورة الفرقان,0
25,26,الملك يومئذ الحق للرحمٰن وكان يوما على الكٰفرين عسيرا,سورة الفرقان,7
25,27,ويوم يعض الظالم علىٰ يديه يقول يٰليتني اتخذت مع الرسول سبيلا,سورة الفرقان,0
25,28,يٰويلتىٰ ليتني لم اتخذ فلانا خليلا,سورة الفرقان,0
25,29,لقد اضلني عن الذكر بعد اذ جاءني وكان الشيطٰن للانسٰن خذولا,سورة الفرقان,0
25,30,وقال الرسول يٰرب ان قومي اتخذوا هٰذا القرءان مهجورا,سورة الفرقان,20
25,31,وكذٰلك جعلنا لكل نبي عدوا من المجرمين وكفىٰ بربك هاديا ونصيرا,سورة الفرقان,21
25,32,وقال الذين كفروا لولا نزل عليه القرءان جملة وٰحدة كذٰلك لنثبت به فؤادك ورتلنٰه ترتيلا,سورة الفرقان,41
25,33,ولا ياتونك بمثل الا جئنٰك بالحق واحسن تفسيرا,سورة الفرقان,44
25,34,الذين يحشرون علىٰ وجوههم الىٰ جهنم اولٰئك شر مكانا واضل سبيلا,سورة الفرقان,63
25,35,ولقد ءاتينا موسى الكتٰب وجعلنا معه اخاه هٰرون وزيرا,سورة الفرقان,0
25,36,فقلنا اذهبا الى القوم الذين كذبوا بايٰتنا فدمرنٰهم تدميرا,سورة الفرقان,28
25,37,وقوم نوح لما كذبوا الرسل اغرقنٰهم وجعلنٰهم للناس ءاية واعتدنا للظٰلمين عذابا اليما,سورة الفرقان,9
25,38,وعادا وثمودا واصحٰب الرس وقرونا بين ذٰلك كثيرا,سورة الفرقان,21
25,39,وكلا ضربنا له الامثٰل وكلا تبرنا تتبيرا,سورة الفرقان,0
25,40,ولقد اتوا على القرية التي امطرت مطر السوء افلم يكونوا يرونها بل كانوا لا يرجون نشورا,سورة الفرقان,9
25,41,واذا راوك ان يتخذونك الا هزوا اهٰذا الذي بعث الله رسولا,سورة الفرقان,54
25,42,ان كاد ليضلنا عن ءالهتنا لولا ان صبرنا عليها وسوف يعلمون حين يرون العذاب من اضل سبيلا,سورة الفرقان,19
25,43,ارءيت من اتخذ الٰهه هوىٰه افانت تكون عليه وكيلا,سورة الفرقان,59
25,44,ام تحسب ان اكثرهم يسمعون او يعقلون ان هم الا كالانعٰم بل هم اضل سبيلا,سورة الفرقان,9
25,45,الم تر الىٰ ربك كيف مد الظل ولو شاء لجعله ساكنا ثم جعلنا الشمس عليه دليلا,سورة الفرقان,55
25,46,ثم قبضنٰه الينا قبضا يسيرا,سورة الفرقان,69
25,47,وهو الذي جعل لكم اليل لباسا والنوم سباتا وجعل النهار نشورا,سورة الفرقان,49
25,48,وهو الذي ارسل الريٰح بشرا بين يدي رحمته وانزلنا من السماء ماء طهورا,سورة الفرقان,49
25,49,لنحي به بلدة ميتا ونسقيه مما خلقنا انعٰما واناسي كثيرا,سورة الفرقان,41
25,50,ولقد صرفنٰه بينهم ليذكروا فابىٰ اكثر الناس الا كفورا,سورة الفرقان,31
25,51,ولو شئنا لبعثنا في كل قرية نذيرا,سورة الفرقان,18
25,52,فلا تطع الكٰفرين وجٰهدهم به جهادا كبيرا,سورة الفرقان,7
25,53,وهو الذي مرج البحرين هٰذا عذب فرات وهٰذا ملح اجاج وجعل بينهما برزخا وحجرا محجورا,سورة الفرقان,20
25,54,وهو الذي خلق من الماء بشرا فجعله نسبا وصهرا وكان ربك قديرا,سورة الفرقان,5
25,55,ويعبدون من دون الله ما لا ينفعهم ولا يضرهم وكان الكافر علىٰ ربه ظهيرا,سورة الفرقان,44
25,56,وما ارسلنٰك الا مبشرا ونذيرا,سورة الفرقان,31
25,57,قل ما اسلكم عليه من اجر الا من شاء ان يتخذ الىٰ ربه سبيلا,سورة الفرقان,19
25,58,وتوكل على الحي الذي لا يموت وسبح بحمده وكفىٰ به بذنوب عباده خبيرا,سورة الفرقان,41
25,59,الذي خلق السمٰوٰت والارض وما بينهما في ستة ايام ثم استوىٰ على العرش الرحمٰن فسل به خبيرا,سورة الفرقان,66
25,60,واذا قيل لهم اسجدوا للرحمٰن قالوا وما الرحمٰن انسجد لما تامرنا وزادهم نفورا,سورة الفرقان,54
25,61,تبارك الذي جعل في السماء بروجا وجعل فيها سرٰجا وقمرا منيرا,سورة الفرقان,38
25,62,وهو الذي جعل اليل والنهار خلفة لمن اراد ان يذكر او اراد شكورا,سورة الفرقان,49
25,63,وعباد الرحمٰن الذين يمشون على الارض هونا واذا خاطبهم الجٰهلون قالوا سلٰما,سورة الفرقان,54
25,64,والذين يبيتون لربهم سجدا وقيٰما,سورة الفرقان,0
25,65,والذين يقولون ربنا اصرف عنا عذاب جهنم ان عذابها كان غراما,سورة الفرقان,43
25,66,انها ساءت مستقرا ومقاما,سورة الفرقان,0
25,67,والذين اذا انفقوا لم يسرفوا ولم يقتروا وكان بين ذٰلك قواما,سورة الفرقان,11
25,68,والذين لا يدعون مع الله الٰها ءاخر ولا يقتلون النفس التي حرم الله الا بالحق ولا يزنون ومن يفعل ذٰلك يلق اثاما,سورة الفرقان,44
25,69,يضٰعف له العذاب يوم القيٰمة ويخلد فيه مهانا,سورة الفرقان,40
25,70,الا من تاب وءامن وعمل عملا صٰلحا فاولٰئك يبدل الله سياتهم حسنٰت وكان الله غفورا رحيما,سورة الفرقان,32
25,71,ومن تاب وعمل صٰلحا فانه يتوب الى الله متابا,سورة الفرقان,3
25,72,والذين لا يشهدون الزور واذا مروا باللغو مروا كراما,سورة الفرقان,54
25,73,والذين اذا ذكروا بايٰت ربهم لم يخروا عليها صما وعميانا,سورة الفرقان,11
25,74,والذين يقولون ربنا هب لنا من ازوٰجنا وذريٰتنا قرة اعين واجعلنا للمتقين اماما,سورة الفرقان,0
25,75,اولٰئك يجزون الغرفة بما صبروا ويلقون فيها تحية وسلٰما,سورة الفرقان,63
25,76,خٰلدين فيها حسنت مستقرا ومقاما,سورة الفرقان,38
25,77,قل ما يعبؤا بكم ربي لولا دعاؤكم فقد كذبتم فسوف يكون لزاما,سورة الفرقان,0
26,0,سورة الشعراء,سورة الشعراء,6
26,0,بسم الله الرحمٰن الرحيم,سورة الشعراء,10
26,1,طسم,سورة الشعراء,0
26,2,تلك ءايٰت الكتٰب المبين,سورة الشعراء,0
26,3,لعلك بٰخع نفسك الا يكونوا مؤمنين,سورة الشعراء,31
26,4,ان نشا ننزل عليهم من السماء ءاية فظلت اعنٰقهم لها خٰضعين,سورة الشعراء,39
26,5,وما ياتيهم من ذكر من الرحمٰن محدث الا كانوا عنه معرضين,سورة الشعراء,15
26,6,فقد كذبوا فسياتيهم انبٰؤا ما كانوا به يستهزءون,سورة الشعراء,41
26,7,اولم يروا الى الارض كم انبتنا فيها من كل زوج كريم,سورة الشعراء,38
26,8,ان في ذٰلك لاية وما كان اكثرهم مؤمنين,سورة الشعراء,46
26,9,وان ربك لهو العزيز الرحيم,سورة الشعراء,61
26,10,واذ نادىٰ ربك موسىٰ ان ائت القوم الظٰلمين,سورة الشعراء,4
26,11,قوم فرعون الا يتقون,سورة الشعراء,42
26,12,قال رب اني اخاف ان يكذبون,سورة الشعراء,12
26,13,ويضيق صدري ولا ينطلق لساني فارسل الىٰ هٰرون,سورة الشعراء,44
26,14,ولهم علي ذنب فاخاف ان يقتلون,سورة الشعراء,0
26,15,قال كلا فاذهبا بايٰتنا انا معكم مستمعون,سورة الشعراء,22
26,16,فاتيا فرعون فقولا انا رسول رب العٰلمين,سورة الشعراء,16
26,17,ان ارسل معنا بني اسرٰءيل,سورة الشعراء,19
26,18,قال الم نربك فينا وليدا ولبثت فينا من عمرك سنين,سورة الشعراء,55
26,19,وفعلت فعلتك التي فعلت وانت من الكٰفرين,سورة الشعراء,7
26,20,قال فعلتها اذا وانا من الضالين,سورة الشعراء,11
26,21,ففررت منكم لما خفتكم فوهب لي ربي حكما وجعلني من المرسلين,سورة الشعراء,19
26,22,وتلك نعمة تمنها علي ان عبدت بني اسرٰءيل,سورة الشعراء,19
26,23,قال فرعون وما رب العٰلمين,سورة الشعراء,16
26,24,قال رب السمٰوٰت والارض وما بينهما ان كنتم موقنين,سورة الشعراء,66
26,25,قال لمن حوله الا تستمعون,سورة الشعراء,19
26,26,قال ربكم ورب ءابائكم الاولين,سورة الشعراء,50
26,27,قال ان رسولكم الذي ارسل اليكم لمجنون,سورة الشعراء,26
26,28,قال رب المشرق والمغرب وما بينهما ان كنتم تعقلون,سورة الشعراء,26
26,29,قال لئن اتخذت الٰها غيري لاجعلنك من المسجونين,سورة الشعراء,23
26,30,قال اولو جئتك بشيء مبين,سورة الشعراء,26
26,31,قال فات به ان كنت من الصٰدقين,سورة الشعراء,41
26,32,فالقىٰ عصاه فاذا هي ثعبان مبين,سورة الشعراء,48
26,33,ونزع يده فاذا هي بيضاء للنٰظرين,سورة الشعراء,48
26,34,قال للملا حوله ان هٰذا لسٰحر عليم,سورة الشعراء,20
26,35,يريد ان يخرجكم من ارضكم بسحره فماذا تامرون,سورة الشعراء,59
26,36,قالوا ارجه واخاه وابعث في المدائن حٰشرين,سورة الشعراء,0
26,37,ياتوك بكل سحار عليم,سورة الشعراء,5
26,38,فجمع السحرة لميقٰت يوم معلوم,سورة الشعراء,56
26,39,وقيل للناس هل انتم مجتمعون,سورة الشعراء,0
26,40,لعلنا نتبع السحرة ان كانوا هم الغٰلبين,سورة الشعراء,9
26,41,فلما جاء السحرة قالوا لفرعون ائن لنا لاجرا ان كنا نحن الغٰلبين,سورة الشعراء,0
26,42,قال نعم وانكم اذا لمن المقربين,سورة الشعراء,19
26,43,قال لهم موسىٰ القوا ما انتم ملقون,سورة الشعراء,26
26,44,فالقوا حبالهم وعصيهم وقالوا بعزة فرعون انا لنحن الغٰلبون,سورة الشعراء,42
26,45,فالقىٰ موسىٰ عصاه فاذا هي تلقف ما يافكون,سورة الشعراء,48
26,46,فالقي السحرة سٰجدين,سورة الشعراء,0
26,47,قالوا ءامنا برب العٰلمين,سورة الشعراء,16
26,48,رب موسىٰ وهٰرون,سورة الشعراء,16
26,49,قال ءامنتم له قبل ان ءاذن لكم انه لكبيركم الذي علمكم السحر فلسوف تعلمون لاقطعن ايديكم وارجلكم من خلٰف ولاصلبنكم اجمعين,سورة الشعراء,57
26,50,قالوا لا ضير انا الىٰ ربنا منقلبون,سورة الشعراء,37
26,51,انا نطمع ان يغفر لنا ربنا خطٰيٰنا ان كنا اول المؤمنين,سورة الشعراء,37
26,52,واوحينا الىٰ موسىٰ ان اسر بعبادي انكم متبعون,سورة الشعراء,0
26,53,فارسل فرعون في المدائن حٰشرين,سورة الشعراء,42
26,54,ان هٰؤلاء لشرذمة قليلون,سورة الشعراء,39
26,55,وانهم لنا لغائظون,سورة الشعراء,0
26,56,وانا لجميع حٰذرون,سورة الشعراء,0
26,57,فاخرجنٰهم من جنٰت وعيون,سورة الشعراء,13
26,58,وكنوز ومقام كريم,سورة الشعراء,0
26,59,كذٰلك واورثنٰها بني اسرٰءيل,سورة الشعراء,23
26,60,فاتبعوهم مشرقين,سورة الشعراء,0
26,61,فلما ترٰءا الجمعان قال اصحٰب موسىٰ انا لمدركون,سورة الشعراء,52
26,62,قال كلا ان معي ربي سيهدين,سورة الشعراء,22
26,63,فاوحينا الىٰ موسىٰ ان اضرب بعصاك البحر فانفلق فكان كل فرق كالطود العظيم,سورة الشعراء,0
26,64,وازلفنا ثم الاخرين,سورة الشعراء,69
26,65,وانجينا موسىٰ ومن معه اجمعين,سورة الشعراء,57
26,66,ثم اغرقنا الاخرين,سورة الشعراء,69
26,67,ان في ذٰلك لاية وما كان اكثرهم مؤمنين,سورة الشعراء,46
26,68,وان ربك لهو العزيز الرحيم,سورة الشعراء,61
26,69,واتل عليهم نبا ابرٰهيم,سورة الشعراء,58
26,70,اذ قال لابيه وقومه ما تعبدون,سورة الشعراء,26
26,71,قالوا نعبد اصناما فنظل لها عٰكفين,سورة الشعراء,39
26,72,قال هل يسمعونكم اذ تدعون,سورة الشعراء,26
26,73,او ينفعونكم او يضرون,سورة الشعراء,30
26,74,قالوا بل وجدنا ءاباءنا كذٰلك يفعلون,سورة الشعراء,21
26,75,قال افرءيتم ما كنتم تعبدون,سورة الشعراء,26
26,76,انتم وءاباؤكم الاقدمون,سورة الشعراء,0
26,77,فانهم عدو لي الا رب العٰلمين,سورة الشعراء,16
26,78,الذي خلقني فهو يهدين,سورة الشعراء,0
26,79,والذي هو يطعمني ويسقين,سورة الشعراء,0
26,80,واذا مرضت فهو يشفين,سورة الشعراء,54
26,81,والذي يميتني ثم يحيين,سورة الشعراء,69
26,82,والذي اطمع ان يغفر لي خطيتي يوم الدين,سورة الشعراء,56
26,83,رب هب لي حكما والحقني بالصٰلحين,سورة الشعراء,0
26,84,واجعل لي لسان صدق في الاخرين,سورة الشعراء,0
26,85,واجعلني من ورثة جنة النعيم,سورة الشعراء,59
26,86,واغفر لابي انه كان من الضالين,سورة الشعراء,36
26,87,ولا تخزني يوم يبعثون,سورة الشعراء,56
26,88,يوم لا ينفع مال ولا بنون,سورة الشعراء,56
26,89,الا من اتى الله بقلب سليم,سورة الشعراء,31
26,90,وازلفت الجنة للمتقين,سورة الشعراء,0
26,91,وبرزت الجحيم للغاوين,سورة الشعراء,0
26,92,وقيل لهم اين ما كنتم تعبدون,سورة الشعراء,1
26,93,من دون الله هل ينصرونكم او ينتصرون,سورة الشعراء,30
26,94,فكبكبوا فيها هم والغاون,سورة الشعراء,38
26,95,وجنود ابليس اجمعون,سورة الشعراء,0
26,96,قالوا وهم فيها يختصمون,سورة الشعراء,38
26,97,تالله ان كنا لفي ضلٰل مبين,سورة الشعراء,19
26,98,اذ نسويكم برب العٰلمين,سورة الشعراء,16
26,99,وما اضلنا الا المجرمون,سورة الشعراء,31
26,100,فما لنا من شٰفعين,سورة الشعراء,59
26,101,ولا صديق حميم,سورة الشعراء,44
26,102,فلو ان لنا كرة فنكون من المؤمنين,سورة الشعراء,59
26,103,ان في ذٰلك لاية وما كان اكثرهم مؤمنين,سورة الشعراء,46
26,104,وان ربك لهو العزيز الرحيم,سورة الشعراء,61
26,105,كذبت قوم نوح المرسلين,سورة الشعراء,0
26,106,اذ قال لهم اخوهم نوح الا تتقون,سورة الشعراء,26
26,107,اني لكم رسول امين,سورة الشعراء,12
26,108,فاتقوا الله واطيعون,سورة الشعراء,3
26,109,وما اسلكم عليه من اجر ان اجري الا علىٰ رب العٰلمين,سورة الشعراء,16
26,110,فاتقوا الله واطيعون,سورة الشعراء,3
26,111,قالوا انؤمن لك واتبعك الارذلون,سورة الشعراء,21
26,112,قال وما علمي بما كانوا يعملون,سورة الشعراء,27
26,113,ان حسابهم الا علىٰ ربي لو تشعرون,سورة الشعراء,31
26,114,وما انا بطارد المؤمنين,سورة الشعراء,37
26,115,ان انا الا نذير مبين,سورة الشعراء,37
26,116,قالوا لئن لم تنته يٰنوح لتكونن من المرجومين,سورة الشعراء,59
26,117,قال رب ان قومي كذبون,سورة الشعراء,26
26,118,فافتح بيني وبينهم فتحا ونجني ومن معي من المؤمنين,سورة الشعراء,59
26,119,فانجينٰه ومن معه في الفلك المشحون,سورة الشعراء,8
26,120,ثم اغرقنا بعد الباقين,سورة الشعراء,69
26,121,ان في ذٰلك لاية وما كان اكثرهم مؤمنين,سورة الشعراء,46
26,122,وان ربك لهو العزيز الرحيم,سورة الشعراء,61
26,123,كذبت عاد المرسلين,سورة الشعراء,0
26,124,اذ قال لهم اخوهم هود الا تتقون,سورة الشعراء,26
26,125,اني لكم رسول امين,سورة الشعراء,12
26,126,فاتقوا الله واطيعون,سورة الشعراء,3
26,127,وما اسلكم عليه من اجر ان اجري الا علىٰ رب العٰلمين,سورة الشعراء,16
26,128,اتبنون بكل ريع ءاية تعبثون,سورة الشعراء,0
26,129,وتتخذون مصانع لعلكم تخلدون,سورة الشعراء,0
26,130,واذا بطشتم بطشتم جبارين,سورة الشعراء,54
26,131,فاتقوا الله واطيعون,سورة الشعراء,3
26,132,واتقوا الذي امدكم بما تعلمون,سورة الشعراء,27
26,133,امدكم بانعٰم وبنين,سورة الشعراء,0
26,134,وجنٰت وعيون,سورة الشعراء,13
26,135,اني اخاف عليكم عذاب يوم عظيم,سورة الشعراء,12
26,136,قالوا سواء علينا اوعظت ام لم تكن من الوٰعظين,سورة الشعراء,60
26,137,ان هٰذا الا خلق الاولين,سورة الشعراء,20
26,138,وما نحن بمعذبين,سورة الشعراء,29
26,139,فكذبوه فاهلكنٰهم ان في ذٰلك لاية وما كان اكثرهم مؤمنين,سورة الشعراء,46
26,140,وان ربك لهو العزيز الرحيم,سورة الشعراء,61
26,141,كذبت ثمود المرسلين,سورة الشعراء,0
26,142,اذ قال لهم اخوهم صٰلح الا تتقون,سورة الشعراء,26
26,143,اني لكم رسول امين,سورة الشعراء,12
26,144,فاتقوا الله واطيعون,سورة الشعراء,3
26,145,وما اسلكم عليه من اجر ان اجري الا علىٰ رب العٰلمين,سورة الشعراء,16
26,146,اتتركون في ما هٰهنا ءامنين,سورة الشعراء,8
26,147,في جنٰت وعيون,سورة الشعراء,13
26,148,وزروع ونخل طلعها هضيم,سورة الشعراء,0
26,149,وتنحتون من الجبال بيوتا فٰرهين,سورة الشعراء,59
26,150,فاتقوا الله واطيعون,سورة الشعراء,3
26,151,ولا تطيعوا امر المسرفين,سورة الشعراء,44
26,152,الذين يفسدون في الارض ولا يصلحون,سورة الشعراء,8
26,153,قالوا انما انت من المسحرين,سورة الشعراء,17
26,154,ما انت الا بشر مثلنا فات باية ان كنت من الصٰدقين,سورة الشعراء,31
26,155,قال هٰذه ناقة لها شرب ولكم شرب يوم معلوم,سورة الشعراء,39
26,156,ولا تمسوها بسوء فياخذكم عذاب يوم عظيم,سورة الشعراء,56
26,157,فعقروها فاصبحوا نٰدمين,سورة الشعراء,0
26,158,فاخذهم العذاب ان في ذٰلك لاية وما كان اكثرهم مؤمنين,سورة الشعراء,46
26,159,وان ربك لهو العزيز الرحيم,سورة الشعراء,61
26,160,كذبت قوم لوط المرسلين,سورة الشعراء,0
26,161,اذ قال لهم اخوهم لوط الا تتقون,سورة الشعراء,26
26,162,اني لكم رسول امين,سورة الشعراء,12
26,163,فاتقوا الله واطيعون,سورة الشعراء,3
26,164,وما اسلكم عليه من اجر ان اجري الا علىٰ رب العٰلمين,سورة الشعراء,16
26,165,اتاتون الذكران من العٰلمين,سورة الشعراء,16
26,166,وتذرون ما خلق لكم ربكم من ازوٰجكم بل انتم قوم عادون,سورة الشعراء,50
26,167,قالوا لئن لم تنته يٰلوط لتكونن من المخرجين,سورة الشعراء,59
26,168,قال اني لعملكم من القالين,سورة الشعراء,12
26,169,رب نجني واهلي مما يعملون,سورة الشعراء,0
26,170,فنجينٰه واهله اجمعين,سورة الشعراء,57
26,171,الا عجوزا في الغٰبرين,سورة الشعراء,31
26,172,ثم دمرنا الاخرين,سورة الشعراء,69
26,173,وامطرنا عليهم مطرا فساء مطر المنذرين,سورة الشعراء,0
26,174,ان في ذٰلك لاية وما كان اكثرهم مؤمنين,سورة الشعراء,46
26,175,وان ربك لهو العزيز الرحيم,سورة الشعراء,61
26,176,كذب اصحٰب ليكة المرسلين,سورة الشعراء,52
26,177,اذ قال لهم شعيب الا تتقون,سورة الشعراء,26
26,178,اني لكم رسول امين,سورة الشعراء,12
26,179,فاتقوا الله واطيعون,سورة الشعراء,3
26,180,وما اسلكم عليه من اجر ان اجري الا علىٰ رب العٰلمين,سورة الشعراء,16
26,181,اوفوا الكيل ولا تكونوا من المخسرين,سورة الشعراء,44
26,182,وزنوا بالقسطاس المستقيم,سورة الشعراء,0
26,183,ولا تبخسوا الناس اشياءهم ولا تعثوا في الارض مفسدين,سورة الشعراء,44
26,184,واتقوا الذي خلقكم والجبلة الاولين,سورة الشعراء,0
26,185,قالوا انما انت من المسحرين,سورة الشعراء,17
26,186,وما انت الا بشر مثلنا وان نظنك لمن الكٰذبين,سورة الشعراء,19
26,187,فاسقط علينا كسفا من السماء ان كنت من الصٰدقين,سورة الشعراء,59
26,188,قال ربي اعلم بما تعملون,سورة الشعراء,26
26,189,فكذبوه فاخذهم عذاب يوم الظلة انه كان عذاب يوم عظيم,سورة الشعراء,56
26,190,ان في ذٰلك لاية وما كان اكثرهم مؤمنين,سورة الشعراء,46
26,191,وان ربك لهو العزيز الرحيم,سورة الشعراء,61
26,192,وانه لتنزيل رب العٰلمين,سورة الشعراء,16
26,193,نزل به الروح الامين,سورة الشعراء,41
26,194,علىٰ قلبك لتكون من المنذرين,سورة الشعراء,53
26,195,بلسان عربي مبين,سورة الشعراء,0
26,196,وانه لفي زبر الاولين,سورة الشعراء,65
26,197,اولم يكن لهم ءاية ان يعلمه علمٰؤا بني اسرٰءيل,سورة الشعراء,18
26,198,ولو نزلنٰه علىٰ بعض الاعجمين,سورة الشعراء,67
26,199,فقراه عليهم ما كانوا به مؤمنين,سورة الشعراء,41
26,200,كذٰلك سلكنٰه في قلوب المجرمين,سورة الشعراء,21
26,201,لا يؤمنون به حتىٰ يروا العذاب الاليم,سورة الشعراء,18
26,202,فياتيهم بغتة وهم لا يشعرون,سورة الشعراء,43
26,203,فيقولوا هل نحن منظرون,سورة الشعراء,0
26,204,افبعذابنا يستعجلون,سورة الشعراء,0
26,205,افرءيت ان متعنٰهم سنين,سورة الشعراء,9
26,206,ثم جاءهم ما كانوا يوعدون,سورة الشعراء,69
26,207,ما اغنىٰ عنهم ما كانوا يمتعون,سورة الشعراء,27
26,208,وما اهلكنا من قرية الا لها منذرون,سورة الشعراء,24
26,209,ذكرىٰ وما كنا ظٰلمين,سورة الشعراء,29
26,210,وما تنزلت به الشيٰطين,سورة الشعراء,41
26,211,وما ينبغي لهم وما يستطيعون,سورة الشعراء,29
26,212,انهم عن السمع لمعزولون,سورة الشعراء,25
26,213,فلا تدع مع الله الٰها ءاخر فتكون من المعذبين,سورة الشعراء,23
26,214,وانذر عشيرتك الاقربين,سورة الشعراء,0
26,215,واخفض جناحك لمن اتبعك من المؤمنين,سورة الشعراء,19
26,216,فان عصوك فقل اني بريء مما تعملون,سورة الشعراء,12
26,217,وتوكل على العزيز الرحيم,سورة الشعراء,61
26,218,الذي يرىٰك حين تقوم,سورة الشعراء,0
26,219,وتقلبك في السٰجدين,سورة الشعراء,0
26,220,انه هو السميع العليم,سورة الشعراء,36
26,221,هل انبئكم علىٰ من تنزل الشيٰطين,سورة الشعراء,59
26,222,تنزل علىٰ كل افاك اثيم,سورة الشعراء,67
26,223,يلقون السمع واكثرهم كٰذبون,سورة الشعراء,15
26,224,والشعراء يتبعهم الغاون,سورة الشعراء,0
26,225,الم تر انهم في كل واد يهيمون,سورة الشعراء,55
26,226,وانهم يقولون ما لا يفعلون,سورة الشعراء,43
26,227,الا الذين ءامنوا وعملوا الصٰلحٰت وذكروا الله كثيرا وانتصروا من بعد ما ظلموا وسيعلم الذين ظلموا اي منقلب ينقلبون,سورة الشعراء,2
27,0,سورة النمل,سورة النمل,6
27,0,بسم الله الرحمٰن الرحيم,سورة النمل,10
27,1,طس تلك ءايٰت القرءان وكتاب مبين,سورة النمل,0
27,2,هدى وبشرىٰ للمؤمنين,سورة النمل,0
27,3,الذين يقيمون الصلوٰة ويؤتون الزكوٰة وهم بالاخرة هم يوقنون,سورة النمل,48
27,4,ان الذين لا يؤمنون بالاخرة زينا لهم اعمٰلهم فهم يعمهون,سورة النمل,43
27,5,اولٰئك الذين لهم سوء العذاب وهم في الاخرة هم الاخسرون,سورة النمل,63
27,6,وانك لتلقى القرءان من لدن حكيم عليم,سورة النمل,5
27,7,اذ قال موسىٰ لاهله اني ءانست نارا ساتيكم منها بخبر او ءاتيكم بشهاب قبس لعلكم تصطلون,سورة النمل,12
27,8,فلما جاءها نودي ان بورك من في النار ومن حولها وسبحٰن الله رب العٰلمين,سورة النمل,16
27,9,يٰموسىٰ انه انا الله العزيز الحكيم,سورة النمل,61
27,10,والق عصاك فلما رءاها تهتز كانها جان ولىٰ مدبرا ولم يعقب يٰموسىٰ لا تخف اني لا يخاف لدي المرسلون,سورة النمل,43
27,11,الا من ظلم ثم بدل حسنا بعد سوء فاني غفور رحيم,سورة النمل,69
27,12,وادخل يدك في جيبك تخرج بيضاء من غير سوء في تسع ءايٰت الىٰ فرعون وقومه انهم كانوا قوما فٰسقين,سورة النمل,25
27,13,فلما جاءتهم ءايٰتنا مبصرة قالوا هٰذا سحر مبين,سورة النمل,20
27,14,وجحدوا بها واستيقنتها انفسهم ظلما وعلوا فانظر كيف كان عٰقبة المفسدين,سورة النمل,51
27,15,ولقد ءاتينا داود وسليمٰن علما وقالا الحمد لله الذي فضلنا علىٰ كثير من عباده المؤمنين,سورة النمل,59
27,16,وورث سليمٰن داود وقال يٰايها الناس علمنا منطق الطير واوتينا من كل شيء ان هٰذا لهو الفضل المبين,سورة النمل,20
27,17,وحشر لسليمٰن جنوده من الجن والانس والطير فهم يوزعون,سورة النمل,0
27,18,حتىٰ اذا اتوا علىٰ واد النمل قالت نملة يٰايها النمل ادخلوا مسٰكنكم لا يحطمنكم سليمٰن وجنوده وهم لا يشعرون,سورة النمل,43
27,19,فتبسم ضاحكا من قولها وقال رب اوزعني ان اشكر نعمتك التي انعمت علي وعلىٰ وٰلدي وان اعمل صٰلحا ترضىٰه وادخلني برحمتك في عبادك الصٰلحين,سورة النمل,0
27,20,وتفقد الطير فقال مالي لا ارى الهدهد ام كان من الغائبين,سورة النمل,60
27,21,لاعذبنه عذابا شديدا او لااذبحنه او لياتيني بسلطٰن مبين,سورة النمل,30
27,22,فمكث غير بعيد فقال احطت بما لم تحط به وجئتك من سبا بنبا يقين,سورة النمل,41
27,23,اني وجدت امراة تملكهم واوتيت من كل شيء ولها عرش عظيم,سورة النمل,12
27,24,وجدتها وقومها يسجدون للشمس من دون الله وزين لهم الشيطٰن اعمٰلهم فصدهم عن السبيل فهم لا يهتدون,سورة النمل,43
27,25,الا يسجدوا لله الذي يخرج الخبء في السمٰوٰت والارض ويعلم ما تخفون وما تعلنون,سورة النمل,66
27,26,الله لا الٰه الا هو رب العرش العظيم,سورة النمل,31
27,27,قال سننظر اصدقت ام كنت من الكٰذبين,سورة النمل,60
27,28,اذهب بكتٰبي هٰذا فالقه اليهم ثم تول عنهم فانظر ماذا يرجعون,سورة النمل,69
27,29,قالت يٰايها الملؤا اني القي الي كتٰب كريم,سورة النمل,12
27,30,انه من سليمٰن وانه بسم الله الرحمٰن الرحيم,سورة النمل,10
27,31,الا تعلوا علي واتوني مسلمين,سورة النمل,31
27,32,قالت يٰايها الملؤا افتوني في امري ما كنت قاطعة امرا حتىٰ تشهدون,سورة النمل,0
27,33,قالوا نحن اولوا قوة واولوا باس شديد والامر اليك فانظري ماذا تامرين,سورة النمل,0
27,34,قالت ان الملوك اذا دخلوا قرية افسدوها وجعلوا اعزة اهلها اذلة وكذٰلك يفعلون,سورة النمل,24
27,35,واني مرسلة اليهم بهدية فناظرة بم يرجع المرسلون,سورة النمل,0
27,36,فلما جاء سليمٰن قال اتمدونن بمال فما ءاتىٰن الله خير مما ءاتىٰكم بل انتم بهديتكم تفرحون,سورة النمل,45
27,37,ارجع اليهم فلناتينهم بجنود لا قبل لهم بها ولنخرجنهم منها اذلة وهم صٰغرون,سورة النمل,64
27,38,قال يٰايها الملؤا ايكم ياتيني بعرشها قبل ان ياتوني مسلمين,سورة النمل,26
27,39,قال عفريت من الجن انا ءاتيك به قبل ان تقوم من مقامك واني عليه لقوي امين,سورة النمل,41
27,40,قال الذي عنده علم من الكتٰب انا ءاتيك به قبل ان يرتد اليك طرفك فلما رءاه مستقرا عنده قال هٰذا من فضل ربي ليبلوني ءاشكر ام اكفر ومن شكر فانما يشكر لنفسه ومن كفر فان ربي غني كريم,سورة النمل,26
27,41,قال نكروا لها عرشها ننظر اتهتدي ام تكون من الذين لا يهتدون,سورة النمل,60
27,42,فلما جاءت قيل اهٰكذا عرشك قالت كانه هو واوتينا العلم من قبلها وكنا مسلمين,سورة النمل,0
27,43,وصدها ما كانت تعبد من دون الله انها كانت من قوم كٰفرين,سورة النمل,7
27,44,قيل لها ادخلي الصرح فلما راته حسبته لجة وكشفت عن ساقيها قال انه صرح ممرد من قوارير قالت رب اني ظلمت نفسي واسلمت مع سليمٰن لله رب العٰلمين,سورة النمل,16
27,45,ولقد ارسلنا الىٰ ثمود اخاهم صٰلحا ان اعبدوا الله فاذا هم فريقان يختصمون,سورة النمل,48
27,46,قال يٰقوم لم تستعجلون بالسيئة قبل الحسنة لولا تستغفرون الله لعلكم ترحمون,سورة النمل,26
27,47,قالوا اطيرنا بك وبمن معك قال طٰئركم عند الله بل انتم قوم تفتنون,سورة النمل,9
27,48,وكان في المدينة تسعة رهط يفسدون في الارض ولا يصلحون,سورة النمل,8
27,49,قالوا تقاسموا بالله لنبيتنه واهله ثم لنقولن لوليه ما شهدنا مهلك اهله وانا لصٰدقون,سورة النمل,69
27,50,ومكروا مكرا ومكرنا مكرا وهم لا يشعرون,سورة النمل,43
27,51,فانظر كيف كان عٰقبة مكرهم انا دمرنٰهم وقومهم اجمعين,سورة النمل,51
27,52,فتلك بيوتهم خاوية بما ظلموا ان في ذٰلك لاية لقوم يعلمون,سورة النمل,21
27,53,وانجينا الذين ءامنوا وكانوا يتقون,سورة النمل,62
27,54,ولوطا اذ قال لقومه اتاتون الفٰحشة وانتم تبصرون,سورة النمل,26
27,55,ائنكم لتاتون الرجال شهوة من دون النساء بل انتم قوم تجهلون,سورة النمل,9
27,56,فما كان جواب قومه الا ان قالوا اخرجوا ءال لوط من قريتكم انهم اناس يتطهرون,سورة النمل,25
27,57,فانجينٰه واهله الا امراته قدرنٰها من الغٰبرين,سورة النمل,23
27,58,وامطرنا عليهم مطرا فساء مطر المنذرين,سورة النمل,0
27,59,قل الحمد لله وسلٰم علىٰ عباده الذين اصطفىٰ ءالله خير اما يشركون,سورة النمل,17
27,60,امن خلق السمٰوٰت والارض وانزل لكم من السماء ماء فانبتنا به حدائق ذات بهجة ما كان لكم ان تنبتوا شجرها اءلٰه مع الله بل هم قوم يعدلون,سورة النمل,66
27,61,امن جعل الارض قرارا وجعل خلٰلها انهٰرا وجعل لها روٰسي وجعل بين البحرين حاجزا اءلٰه مع الله بل اكثرهم لا يعلمون,سورة النمل,39
27,62,امن يجيب المضطر اذا دعاه ويكشف السوء ويجعلكم خلفاء الارض اءلٰه مع الله قليلا ما تذكرون,سورة النمل,11
27,63,امن يهديكم في ظلمٰت البر والبحر ومن يرسل الريٰح بشرا بين يدي رحمته اءلٰه مع الله تعٰلى الله عما يشركون,سورة النمل,3
27,64,امن يبدؤا الخلق ثم يعيده ومن يرزقكم من السماء والارض اءلٰه مع الله قل هاتوا برهٰنكم ان كنتم صٰدقين,سورة النمل,1
27,65,قل لا يعلم من في السمٰوٰت والارض الغيب الا الله وما يشعرون ايان يبعثون,سورة النمل,66
27,66,بل ادٰرك علمهم في الاخرة بل هم في شك منها بل هم منها عمون,سورة النمل,9
27,67,وقال الذين كفروا اءذا كنا ترٰبا وءاباؤنا ائنا لمخرجون,سورة النمل,0
27,68,لقد وعدنا هٰذا نحن وءاباؤنا من قبل ان هٰذا الا اسٰطير الاولين,سورة النمل,20
27,69,قل سيروا في الارض فانظروا كيف كان عٰقبة المجرمين,سورة النمل,51
27,70,ولا تحزن عليهم ولا تكن في ضيق مما يمكرون,سورة النمل,44
27,71,ويقولون متىٰ هٰذا الوعد ان كنتم صٰدقين,سورة النمل,1
27,72,قل عسىٰ ان يكون ردف لكم بعض الذي تستعجلون,سورة النمل,67
27,73,وان ربك لذو فضل على الناس ولٰكن اكثرهم لا يشكرون,سورة النمل,46
27,74,وان ربك ليعلم ما تكن صدورهم وما يعلنون,سورة النمل,29
27,75,وما من غائبة في السماء والارض الا في كتٰب مبين,سورة النمل,8
27,76,ان هٰذا القرءان يقص علىٰ بني اسرٰءيل اكثر الذي هم فيه يختلفون,سورة النمل,20
27,77,وانه لهدى ورحمة للمؤمنين,سورة النمل,65
27,78,ان ربك يقضي بينهم بحكمه وهو العزيز العليم,سورة النمل,61
27,79,فتوكل على الله انك على الحق المبين,سورة النمل,67
27,80,انك لا تسمع الموتىٰ ولا تسمع الصم الدعاء اذا ولوا مدبرين,سورة النمل,11
27,81,وما انت بهٰدي العمي عن ضلٰلتهم ان تسمع الا من يؤمن بايٰتنا فهم مسلمون,سورة النمل,28
27,82,واذا وقع القول عليهم اخرجنا لهم دابة من الارض تكلمهم ان الناس كانوا بايٰتنا لا يوقنون,سورة النمل,28
27,83,ويوم نحشر من كل امة فوجا ممن يكذب بايٰتنا فهم يوزعون,سورة النمل,28
27,84,حتىٰ اذا جاءو قال اكذبتم بايٰتي ولم تحيطوا بها علما اماذا كنتم تعملون,سورة النمل,11
27,85,ووقع القول عليهم بما ظلموا فهم لا ينطقون,سورة النمل,43
27,86,الم يروا انا جعلنا اليل ليسكنوا فيه والنهار مبصرا ان في ذٰلك لايٰت لقوم يؤمنون,سورة النمل,21
27,87,ويوم ينفخ في الصور ففزع من في السمٰوٰت ومن في الارض الا من شاء الله وكل اتوه دٰخرين,سورة النمل,8
27,88,وترى الجبال تحسبها جامدة وهي تمر مر السحاب صنع الله الذي اتقن كل شيء انه خبير بما تفعلون,سورة النمل,0
27,89,من جاء بالحسنة فله خير منها وهم من فزع يومئذ ءامنون,سورة النمل,59
27,90,ومن جاء بالسيئة فكبت وجوههم في النار هل تجزون الا ما كنتم تعملون,سورة النمل,1
27,91,انما امرت ان اعبد رب هٰذه البلدة الذي حرمها وله كل شيء وامرت ان اكون من المسلمين,سورة النمل,17
27,92,وان اتلوا القرءان فمن اهتدىٰ فانما يهتدي لنفسه ومن ضل فقل انما انا من المنذرين,سورة النمل,37
27,93,وقل الحمد لله سيريكم ءايٰته فتعرفونها وما ربك بغٰفل عما تعملون,سورة النمل,29
28,0,سورة القصص,سورة القصص,6
28,0,بسم الله الرحمٰن الرحيم,سورة القصص,10
28,1,طسم,سورة القصص,0
28,2,تلك ءايٰت الكتٰب المبين,سورة القصص,0
28,3,نتلوا عليك من نبا موسىٰ وفرعون بالحق لقوم يؤمنون,سورة القصص,59
28,4,ان فرعون علا في الارض وجعل اهلها شيعا يستضعف طائفة منهم يذبح ابناءهم ويستحي نساءهم انه كان من المفسدين,سورة القصص,42
28,5,ونريد ان نمن على الذين استضعفوا في الارض ونجعلهم ائمة ونجعلهم الوٰرثين,سورة القصص,8
28,6,ونمكن لهم في الارض ونري فرعون وهٰمٰن وجنودهما منهم ما كانوا يحذرون,سورة القصص,42
28,7,واوحينا الىٰ ام موسىٰ ان ارضعيه فاذا خفت عليه فالقيه في اليم ولا تخافي ولا تحزني انا رادوه اليك وجاعلوه من المرسلين,سورة القصص,44
28,8,فالتقطه ءال فرعون ليكون لهم عدوا وحزنا ان فرعون وهٰمٰن وجنودهما كانوا خٰطين,سورة القصص,42
28,9,وقالت امرات فرعون قرت عين لي ولك لا تقتلوه عسىٰ ان ينفعنا او نتخذه ولدا وهم لا يشعرون,سورة القصص,43
28,10,واصبح فؤاد ام موسىٰ فٰرغا ان كادت لتبدي به لولا ان ربطنا علىٰ قلبها لتكون من المؤمنين,سورة القصص,41
28,11,وقالت لاخته قصيه فبصرت به عن جنب وهم لا يشعرون,سورة القصص,41
28,12,وحرمنا عليه المراضع من قبل فقالت هل ادلكم علىٰ اهل بيت يكفلونه لكم وهم له نٰصحون,سورة القصص,59
28,13,فرددنٰه الىٰ امه كي تقر عينها ولا تحزن ولتعلم ان وعد الله حق ولٰكن اكثرهم لا يعلمون,سورة القصص,46
28,14,ولما بلغ اشده واستوىٰ ءاتينٰه حكما وعلما وكذٰلك نجزي المحسنين,سورة القصص,21
28,15,ودخل المدينة علىٰ حين غفلة من اهلها فوجد فيها رجلين يقتتلان هٰذا من شيعته وهٰذا من عدوه فاستغٰثه الذي من شيعته على الذي من عدوه فوكزه موسىٰ فقضىٰ عليه قال هٰذا من عمل الشيطٰن انه عدو مضل مبين,سورة القصص,20
28,16,قال رب اني ظلمت نفسي فاغفر لي فغفر له انه هو الغفور الرحيم,سورة القصص,12
28,17,قال رب بما انعمت علي فلن اكون ظهيرا للمجرمين,سورة القصص,26
28,18,فاصبح في المدينة خائفا يترقب فاذا الذي استنصره بالامس يستصرخه قال له موسىٰ انك لغوي مبين,سورة القصص,48
28,19,فلما ان اراد ان يبطش بالذي هو عدو لهما قال يٰموسىٰ اتريد ان تقتلني كما قتلت نفسا بالامس ان تريد الا ان تكون جبارا في الارض وما تريد ان تكون من المصلحين,سورة القصص,31
28,20,وجاء رجل من اقصا المدينة يسعىٰ قال يٰموسىٰ ان الملا ياتمرون بك ليقتلوك فاخرج اني لك من النٰصحين,سورة القصص,12
28,21,فخرج منها خائفا يترقب قال رب نجني من القوم الظٰلمين,سورة القصص,16
28,22,ولما توجه تلقاء مدين قال عسىٰ ربي ان يهديني سواء السبيل,سورة القصص,26
28,23,ولما ورد ماء مدين وجد عليه امة من الناس يسقون ووجد من دونهم امراتين تذودان قال ما خطبكما قالتا لا نسقي حتىٰ يصدر الرعاء وابونا شيخ كبير,سورة القصص,59
28,24,فسقىٰ لهما ثم تولىٰ الى الظل فقال رب اني لما انزلت الي من خير فقير,سورة القصص,12
28,25,فجاءته احدىٰهما تمشي على استحياء قالت ان ابي يدعوك ليجزيك اجر ما سقيت لنا فلما جاءه وقص عليه القصص قال لا تخف نجوت من القوم الظٰلمين,سورة القصص,0
28,26,قالت احدىٰهما يٰابت استجره ان خير من استجرت القوي الامين,سورة القصص,17
28,27,قال اني اريد ان انكحك احدى ابنتي هٰتين علىٰ ان تاجرني ثمٰني حجج فان اتممت عشرا فمن عندك وما اريد ان اشق عليك ستجدني ان شاء الله من الصٰلحين,سورة القصص,19
28,28,قال ذٰلك بيني وبينك ايما الاجلين قضيت فلا عدوٰن علي والله علىٰ ما نقول وكيل,سورة القصص,14
28,29,فلما قضىٰ موسى الاجل وسار باهله ءانس من جانب الطور نارا قال لاهله امكثوا اني ءانست نارا لعلي ءاتيكم منها بخبر او جذوة من النار لعلكم تصطلون,سورة القصص,12
28,30,فلما اتىٰها نودي من شٰطي الواد الايمن في البقعة المبٰركة من الشجرة ان يٰموسىٰ اني انا الله رب العٰلمين,سورة القصص,16
28,31,وان الق عصاك فلما رءاها تهتز كانها جان ولىٰ مدبرا ولم يعقب يٰموسىٰ اقبل ولا تخف انك من الامنين,سورة القصص,0
28,32,اسلك يدك في جيبك تخرج بيضاء من غير سوء واضمم اليك جناحك من الرهب فذٰنك برهٰنان من ربك الىٰ فرعون وملايه انهم كانوا قوما فٰسقين,سورة القصص,25
28,33,قال رب اني قتلت منهم نفسا فاخاف ان يقتلون,سورة القصص,12
28,34,واخي هٰرون هو افصح مني لسانا فارسله معي ردءا يصدقني اني اخاف ان يكذبون,سورة القصص,12
28,35,قال سنشد عضدك باخيك ونجعل لكما سلطٰنا فلا يصلون اليكما بايٰتنا انتما ومن اتبعكما الغٰلبون,سورة القصص,28
28,36,فلما جاءهم موسىٰ بايٰتنا بينٰت قالوا ما هٰذا الا سحر مفترى وما سمعنا بهٰذا في ءابائنا الاولين,سورة القصص,20
28,37,وقال موسىٰ ربي اعلم بمن جاء بالهدىٰ من عنده ومن تكون له عٰقبة الدار انه لا يفلح الظٰلمون,سورة القصص,36
28,38,وقال فرعون يٰايها الملا ما علمت لكم من الٰه غيري فاوقد لي يٰهٰمٰن على الطين فاجعل لي صرحا لعلي اطلع الىٰ الٰه موسىٰ واني لاظنه من الكٰذبين,سورة القصص,42
28,39,واستكبر هو وجنوده في الارض بغير الحق وظنوا انهم الينا لا يرجعون,سورة القصص,25
28,40,فاخذنٰه وجنوده فنبذنٰهم في اليم فانظر كيف كان عٰقبة الظٰلمين,سورة القصص,51
28,41,وجعلنٰهم ائمة يدعون الى النار ويوم القيٰمة لا ينصرون,سورة القصص,40
28,42,واتبعنٰهم في هٰذه الدنيا لعنة ويوم القيٰمة هم من المقبوحين,سورة القصص,40
28,43,ولقد ءاتينا موسى الكتٰب من بعد ما اهلكنا القرون الاولىٰ بصائر للناس وهدى ورحمة لعلهم يتذكرون,سورة القصص,24
28,44,وما كنت بجانب الغربي اذ قضينا الىٰ موسى الامر وما كنت من الشٰهدين,سورة القصص,29
28,45,ولٰكنا انشانا قرونا فتطاول عليهم العمر وما كنت ثاويا في اهل مدين تتلوا عليهم ءايٰتنا ولٰكنا كنا مرسلين,سورة القصص,46
28,46,وما كنت بجانب الطور اذ نادينا ولٰكن رحمة من ربك لتنذر قوما ما اتىٰهم من نذير من قبلك لعلهم يتذكرون,سورة القصص,46
28,47,ولولا ان تصيبهم مصيبة بما قدمت ايديهم فيقولوا ربنا لولا ارسلت الينا رسولا فنتبع ءايٰتك ونكون من المؤمنين,سورة القصص,59
28,48,فلما جاءهم الحق من عندنا قالوا لولا اوتي مثل ما اوتي موسىٰ اولم يكفروا بما اوتي موسىٰ من قبل قالوا سحران تظٰهرا وقالوا انا بكل كٰفرون,سورة القصص,37
28,49,قل فاتوا بكتٰب من عند الله هو اهدىٰ منهما اتبعه ان كنتم صٰدقين,سورة القصص,1
28,50,فان لم يستجيبوا لك فاعلم انما يتبعون اهواءهم ومن اضل ممن اتبع هوىٰه بغير هدى من الله ان الله لا يهدي القوم الظٰلمين,سورة القصص,3
28,51,ولقد وصلنا لهم القول لعلهم يتذكرون,سورة القصص,0
28,52,الذين ءاتينٰهم الكتٰب من قبله هم به يؤمنون,سورة القصص,9
28,53,واذا يتلىٰ عليهم قالوا ءامنا به انه الحق من ربنا انا كنا من قبله مسلمين,سورة القصص,37
28,54,اولٰئك يؤتون اجرهم مرتين بما صبروا ويدرءون بالحسنة السيئة ومما رزقنٰهم ينفقون,سورة القصص,63
28,55,واذا سمعوا اللغو اعرضوا عنه وقالوا لنا اعمٰلنا ولكم اعمٰلكم سلٰم عليكم لا نبتغي الجٰهلين,سورة القصص,54
28,56,انك لا تهدي من احببت ولٰكن الله يهدي من يشاء وهو اعلم بالمهتدين,سورة القصص,46
28,57,وقالوا ان نتبع الهدىٰ معك نتخطف من ارضنا اولم نمكن لهم حرما ءامنا يجبىٰ اليه ثمرٰت كل شيء رزقا من لدنا ولٰكن اكثرهم لا يعلمون,سورة القصص,46
28,58,وكم اهلكنا من قرية بطرت معيشتها فتلك مسٰكنهم لم تسكن من بعدهم الا قليلا وكنا نحن الوٰرثين,سورة القصص,24
28,59,وما كان ربك مهلك القرىٰ حتىٰ يبعث في امها رسولا يتلوا عليهم ءايٰتنا وما كنا مهلكي القرىٰ الا واهلها ظٰلمون,سورة القصص,29
28,60,وما اوتيتم من شيء فمتٰع الحيوٰة الدنيا وزينتها وما عند الله خير وابقىٰ افلا تعقلون,سورة القصص,29
28,61,افمن وعدنٰه وعدا حسنا فهو لٰقيه كمن متعنٰه متٰع الحيوٰة الدنيا ثم هو يوم القيٰمة من المحضرين,سورة القصص,40
28,62,ويوم يناديهم فيقول اين شركاءي الذين كنتم تزعمون,سورة القصص,53
28,63,قال الذين حق عليهم القول ربنا هٰؤلاء الذين اغوينا اغوينٰهم كما غوينا تبرانا اليك ما كانوا ايانا يعبدون,سورة القصص,39
28,64,وقيل ادعوا شركاءكم فدعوهم فلم يستجيبوا لهم وراوا العذاب لو انهم كانوا يهتدون,سورة القصص,25
28,65,ويوم يناديهم فيقول ماذا اجبتم المرسلين,سورة القصص,0
28,66,فعميت عليهم الانباء يومئذ فهم لا يتساءلون,سورة القصص,34
28,67,فاما من تاب وءامن وعمل صٰلحا فعسىٰ ان يكون من المفلحين,سورة القصص,59
28,68,وربك يخلق ما يشاء ويختار ما كان لهم الخيرة سبحٰن الله وتعٰلىٰ عما يشركون,سورة القصص,0
28,69,وربك يعلم ما تكن صدورهم وما يعلنون,سورة القصص,29
28,70,وهو الله لا الٰه الا هو له الحمد في الاولىٰ والاخرة وله الحكم واليه ترجعون,سورة القصص,49
28,71,قل ارءيتم ان جعل الله عليكم اليل سرمدا الىٰ يوم القيٰمة من الٰه غير الله ياتيكم بضياء افلا تسمعون,سورة القصص,40
28,72,قل ارءيتم ان جعل الله عليكم النهار سرمدا الىٰ يوم القيٰمة من الٰه غير الله ياتيكم بليل تسكنون فيه افلا تبصرون,سورة القصص,40
28,73,ومن رحمته جعل لكم اليل والنهار لتسكنوا فيه ولتبتغوا من فضله ولعلكم تشكرون,سورة القصص,64
28,74,ويوم يناديهم فيقول اين شركاءي الذين كنتم تزعمون,سورة القصص,53
28,75,ونزعنا من كل امة شهيدا فقلنا هاتوا برهٰنكم فعلموا ان الحق لله وضل عنهم ما كانوا يفترون,سورة القصص,27
28,76,ان قٰرون كان من قوم موسىٰ فبغىٰ عليهم وءاتينٰه من الكنوز ما ان مفاتحه لتنوا بالعصبة اولي القوة اذ قال له قومه لا تفرح ان الله لا يحب الفرحين,سورة القصص,43
28,77,وابتغ فيما ءاتىٰك الله الدار الاخرة ولا تنس نصيبك من الدنيا واحسن كما احسن الله اليك ولا تبغ الفساد في الارض ان الله لا يحب المفسدين,سورة القصص,44
28,78,قال انما اوتيته علىٰ علم عندي اولم يعلم ان الله قد اهلك من قبله من القرون من هو اشد منه قوة واكثر جمعا ولا يسل عن ذنوبهم المجرمون,سورة القصص,17
28,79,فخرج علىٰ قومه في زينته قال الذين يريدون الحيوٰة الدنيا يٰليت لنا مثل ما اوتي قٰرون انه لذو حظ عظيم,سورة القصص,26
28,80,وقال الذين اوتوا العلم ويلكم ثواب الله خير لمن ءامن وعمل صٰلحا ولا يلقىٰها الا الصٰبرون,سورة القصص,23
28,81,فخسفنا به وبداره الارض فما كان له من فئة ينصرونه من دون الله وما كان من المنتصرين,سورة القصص,59
28,82,واصبح الذين تمنوا مكانه بالامس يقولون ويكان الله يبسط الرزق لمن يشاء من عباده ويقدر لولا ان من الله علينا لخسف بنا ويكانه لا يفلح الكٰفرون,سورة القصص,43
28,83,تلك الدار الاخرة نجعلها للذين لا يريدون علوا في الارض ولا فسادا والعٰقبة للمتقين,سورة القصص,8
28,84,من جاء بالحسنة فله خير منها ومن جاء بالسيئة فلا يجزى الذين عملوا السيات الا ما كانوا يعملون,سورة القصص,27
28,85,ان الذي فرض عليك القرءان لرادك الىٰ معاد قل ربي اعلم من جاء بالهدىٰ ومن هو في ضلٰل مبين,سورة القصص,59
28,86,وما كنت ترجوا ان يلقىٰ اليك الكتٰب الا رحمة من ربك فلا تكونن ظهيرا للكٰفرين,سورة القصص,7
28,87,ولا يصدنك عن ءايٰت الله بعد اذ انزلت اليك وادع الىٰ ربك ولا تكونن من المشركين,سورة القصص,68
28,88,ولا تدع مع الله الٰها ءاخر لا الٰه الا هو كل شيء هالك الا وجهه له الحكم واليه ترجعون,سورة القصص,31
29,0,سورة العنكبوت,سورة العنكبوت,6
29,0,بسم الله الرحمٰن الرحيم,سورة العنكبوت,10
29,1,الم,سورة العنكبوت,55
29,2,احسب الناس ان يتركوا ان يقولوا ءامنا وهم لا يفتنون,سورة العنكبوت,43
29,3,ولقد فتنا الذين من قبلهم فليعلمن الله الذين صدقوا وليعلمن الكٰذبين,سورة العنكبوت,62
29,4,ام حسب الذين يعملون السيات ان يسبقونا ساء ما يحكمون,سورة العنكبوت,60
29,5,من كان يرجوا لقاء الله فان اجل الله لات وهو السميع العليم,سورة العنكبوت,49
29,6,ومن جٰهد فانما يجٰهد لنفسه ان الله لغني عن العٰلمين,سورة العنكبوت,16
29,7,والذين ءامنوا وعملوا الصٰلحٰت لنكفرن عنهم سياتهم ولنجزينهم احسن الذي كانوا يعملون,سورة العنكبوت,2
29,8,ووصينا الانسٰن بوٰلديه حسنا وان جٰهداك لتشرك بي ما ليس لك به علم فلا تطعهما الي مرجعكم فانبئكم بما كنتم تعملون,سورة العنكبوت,15
29,9,والذين ءامنوا وعملوا الصٰلحٰت لندخلنهم في الصٰلحين,سورة العنكبوت,2
29,10,ومن الناس من يقول ءامنا بالله فاذا اوذي في الله جعل فتنة الناس كعذاب الله ولئن جاء نصر من ربك ليقولن انا كنا معكم اوليس الله باعلم بما في صدور العٰلمين,سورة العنكبوت,8
29,11,وليعلمن الله الذين ءامنوا وليعلمن المنٰفقين,سورة العنكبوت,62
29,12,وقال الذين كفروا للذين ءامنوا اتبعوا سبيلنا ولنحمل خطٰيٰكم وما هم بحٰملين من خطٰيٰهم من شيء انهم لكٰذبون,سورة العنكبوت,45
29,13,وليحملن اثقالهم واثقالا مع اثقالهم وليسلن يوم القيٰمة عما كانوا يفترون,سورة العنكبوت,40
29,14,ولقد ارسلنا نوحا الىٰ قومه فلبث فيهم الف سنة الا خمسين عاما فاخذهم الطوفان وهم ظٰلمون,سورة العنكبوت,0
29,15,فانجينٰه واصحٰب السفينة وجعلنٰها ءاية للعٰلمين,سورة العنكبوت,23
29,16,وابرٰهيم اذ قال لقومه اعبدوا الله واتقوه ذٰلكم خير لكم ان كنتم تعلمون,سورة العنكبوت,17
29,17,انما تعبدون من دون الله اوثٰنا وتخلقون افكا ان الذين تعبدون من دون الله لا يملكون لكم رزقا فابتغوا عند الله الرزق واعبدوه واشكروا له اليه ترجعون,سورة العنكبوت,17
29,18,وان تكذبوا فقد كذب امم من قبلكم وما على الرسول الا البلٰغ المبين,سورة العنكبوت,31
29,19,اولم يروا كيف يبدئ الله الخلق ثم يعيده ان ذٰلك على الله يسير,سورة العنكبوت,69
29,20,قل سيروا في الارض فانظروا كيف بدا الخلق ثم الله ينشئ النشاة الاخرة ان الله علىٰ كل شيء قدير,سورة العنكبوت,51
29,21,يعذب من يشاء ويرحم من يشاء واليه تقلبون,سورة العنكبوت,59
29,22,وما انتم بمعجزين في الارض ولا في السماء وما لكم من دون الله من ولي ولا نصير,سورة العنكبوت,8
29,23,والذين كفروا بايٰت الله ولقائه اولٰئك يئسوا من رحمتي واولٰئك لهم عذاب اليم,سورة العنكبوت,63
29,24,فما كان جواب قومه الا ان قالوا اقتلوه او حرقوه فانجىٰه الله من النار ان في ذٰلك لايٰت لقوم يؤمنون,سورة العنكبوت,21
29,25,وقال انما اتخذتم من دون الله اوثٰنا مودة بينكم في الحيوٰة الدنيا ثم يوم القيٰمة يكفر بعضكم ببعض ويلعن بعضكم بعضا وماوىٰكم النار وما لكم من نٰصرين,سورة العنكبوت,40
29,26,فامن له لوط وقال اني مهاجر الىٰ ربي انه هو العزيز الحكيم,سورة العنكبوت,61
29,27,ووهبنا له اسحٰق ويعقوب وجعلنا في ذريته النبوة والكتٰب وءاتينٰه اجره في الدنيا وانه في الاخرة لمن الصٰلحين,سورة العنكبوت,8
29,28,ولوطا اذ قال لقومه انكم لتاتون الفٰحشة ما سبقكم بها من احد من العٰلمين,سورة العنكبوت,26
29,29,ائنكم لتاتون الرجال وتقطعون السبيل وتاتون في ناديكم المنكر فما كان جواب قومه الا ان قالوا ائتنا بعذاب الله ان كنت من الصٰدقين,سورة العنكبوت,31
29,30,قال رب انصرني على القوم المفسدين,سورة العنكبوت,26
29,31,ولما جاءت رسلنا ابرٰهيم بالبشرىٰ قالوا انا مهلكوا اهل هٰذه القرية ان اهلها كانوا ظٰلمين,سورة العنكبوت,58
29,32,قال ان فيها لوطا قالوا نحن اعلم بمن فيها لننجينه واهله الا امراته كانت من الغٰبرين,سورة العنكبوت,38
29,33,ولما ان جاءت رسلنا لوطا سيء بهم وضاق بهم ذرعا وقالوا لا تخف ولا تحزن انا منجوك واهلك الا امراتك كانت من الغٰبرين,سورة العنكبوت,31
29,34,انا منزلون علىٰ اهل هٰذه القرية رجزا من السماء بما كانوا يفسقون,سورة العنكبوت,27
29,35,ولقد تركنا منها ءاية بينة لقوم يعقلون,سورة العنكبوت,64
29,36,والىٰ مدين اخاهم شعيبا فقال يٰقوم اعبدوا الله وارجوا اليوم الاخر ولا تعثوا في الارض مفسدين,سورة العنكبوت,8
29,37,فكذبوه فاخذتهم الرجفة فاصبحوا في دارهم جٰثمين,سورة العنكبوت,0
29,38,وعادا وثمودا وقد تبين لكم من مسٰكنهم وزين لهم الشيطٰن اعمٰلهم فصدهم عن السبيل وكانوا مستبصرين,سورة العنكبوت,43
29,39,وقٰرون وفرعون وهٰمٰن ولقد جاءهم موسىٰ بالبينٰت فاستكبروا في الارض وما كانوا سٰبقين,سورة العنكبوت,8
29,40,فكلا اخذنا بذنبه فمنهم من ارسلنا عليه حاصبا ومنهم من اخذته الصيحة ومنهم من خسفنا به الارض ومنهم من اغرقنا وما كان الله ليظلمهم ولٰكن كانوا انفسهم يظلمون,سورة العنكبوت,59
29,41,مثل الذين اتخذوا من دون الله اولياء كمثل العنكبوت اتخذت بيتا وان اوهن البيوت لبيت العنكبوت لو كانوا يعلمون,سورة العنكبوت,0
29,42,ان الله يعلم ما يدعون من دونه من شيء وهو العزيز الحكيم,سورة العنكبوت,61
29,43,وتلك الامثٰل نضربها للناس وما يعقلها الا العٰلمون,سورة العنكبوت,31
29,44,خلق الله السمٰوٰت والارض بالحق ان في ذٰلك لاية للمؤمنين,سورة العنكبوت,66
29,45,اتل ما اوحي اليك من الكتٰب واقم الصلوٰة ان الصلوٰة تنهىٰ عن الفحشاء والمنكر ولذكر الله اكبر والله يعلم ما تصنعون,سورة العنكبوت,48
29,46,ولا تجٰدلوا اهل الكتٰب الا بالتي هي احسن الا الذين ظلموا منهم وقولوا ءامنا بالذي انزل الينا وانزل اليكم والٰهنا والٰهكم وٰحد ونحن له مسلمون,سورة العنكبوت,31
29,47,وكذٰلك انزلنا اليك الكتٰب فالذين ءاتينٰهم الكتٰب يؤمنون به ومن هٰؤلاء من يؤمن به وما يجحد بايٰتنا الا الكٰفرون,سورة العنكبوت,28
29,48,وما كنت تتلوا من قبله من كتٰب ولا تخطه بيمينك اذا لارتاب المبطلون,سورة العنكبوت,11
29,49,بل هو ءايٰت بينٰت في صدور الذين اوتوا العلم وما يجحد بايٰتنا الا الظٰلمون,سورة العنكبوت,28
29,50,وقالوا لولا انزل عليه ءايٰت من ربه قل انما الايٰت عند الله وانما انا نذير مبين,سورة العنكبوت,17
29,51,اولم يكفهم انا انزلنا عليك الكتٰب يتلىٰ عليهم ان في ذٰلك لرحمة وذكرىٰ لقوم يؤمنون,سورة العنكبوت,21
29,52,قل كفىٰ بالله بيني وبينكم شهيدا يعلم ما في السمٰوٰت والارض والذين ءامنوا بالبٰطل وكفروا بالله اولٰئك هم الخٰسرون,سورة العنكبوت,35
29,53,ويستعجلونك بالعذاب ولولا اجل مسمى لجاءهم العذاب ولياتينهم بغتة وهم لا يشعرون,سورة العنكبوت,43
29,54,يستعجلونك بالعذاب وان جهنم لمحيطة بالكٰفرين,سورة العنكبوت,7
29,55,يوم يغشىٰهم العذاب من فوقهم ومن تحت ارجلهم ويقول ذوقوا ما كنتم تعملون,سورة العنكبوت,56
29,56,يٰعبادي الذين ءامنوا ان ارضي وٰسعة فايٰي فاعبدون,سورة العنكبوت,62
29,57,كل نفس ذائقة الموت ثم الينا ترجعون,سورة العنكبوت,69
29,58,والذين ءامنوا وعملوا الصٰلحٰت لنبوئنهم من الجنة غرفا تجري من تحتها الانهٰر خٰلدين فيها نعم اجر العٰملين,سورة العنكبوت,2
29,59,الذين صبروا وعلىٰ ربهم يتوكلون,سورة العنكبوت,62
29,60,وكاين من دابة لا تحمل رزقها الله يرزقها واياكم وهو السميع العليم,سورة العنكبوت,49
29,61,ولئن سالتهم من خلق السمٰوٰت والارض وسخر الشمس والقمر ليقولن الله فانىٰ يؤفكون,سورة العنكبوت,66
29,62,الله يبسط الرزق لمن يشاء من عباده ويقدر له ان الله بكل شيء عليم,سورة العنكبوت,3
29,63,ولئن سالتهم من نزل من السماء ماء فاحيا به الارض من بعد موتها ليقولن الله قل الحمد لله بل اكثرهم لا يعقلون,سورة العنكبوت,59
29,64,وما هٰذه الحيوٰة الدنيا الا لهو ولعب وان الدار الاخرة لهي الحيوان لو كانوا يعلمون,سورة العنكبوت,31
29,65,فاذا ركبوا في الفلك دعوا الله مخلصين له الدين فلما نجىٰهم الى البر اذا هم يشركون,سورة العنكبوت,9
29,66,ليكفروا بما ءاتينٰهم وليتمتعوا فسوف يعلمون,سورة العنكبوت,9
29,67,اولم يروا انا جعلنا حرما ءامنا ويتخطف الناس من حولهم افبالبٰطل يؤمنون وبنعمة الله يكفرون,سورة العنكبوت,37
29,68,ومن اظلم ممن افترىٰ على الله كذبا او كذب بالحق لما جاءه اليس في جهنم مثوى للكٰفرين,سورة العنكبوت,53
29,69,والذين جٰهدوا فينا لنهدينهم سبلنا وان الله لمع المحسنين,سورة العنكبوت,0
30,0,سورة الروم,سورة الروم,6
30,0,بسم الله الرحمٰن الرحيم,سورة الروم,10
30,1,الم,سورة الروم,55
30,2,غلبت الروم,سورة الروم,0
30,3,في ادنى الارض وهم من بعد غلبهم سيغلبون,سورة الروم,8
30,4,في بضع سنين لله الامر من قبل ومن بعد ويومئذ يفرح المؤمنون,سورة الروم,59
30,5,بنصر الله ينصر من يشاء وهو العزيز الرحيم,سورة الروم,61
30,6,وعد الله لا يخلف الله وعده ولٰكن اكثر الناس لا يعلمون,سورة الروم,46
30,7,يعلمون ظٰهرا من الحيوٰة الدنيا وهم عن الاخرة هم غٰفلون,سورة الروم,9
30,8,اولم يتفكروا في انفسهم ما خلق الله السمٰوٰت والارض وما بينهما الا بالحق واجل مسمى وان كثيرا من الناس بلقاي ربهم لكٰفرون,سورة الروم,66
30,9,اولم يسيروا في الارض فينظروا كيف كان عٰقبة الذين من قبلهم كانوا اشد منهم قوة واثاروا الارض وعمروها اكثر مما عمروها وجاءتهم رسلهم بالبينٰت فما كان الله ليظلمهم ولٰكن كانوا انفسهم يظلمون,سورة الروم,51
30,10,ثم كان عٰقبة الذين اسٰوا السواىٰ ان كذبوا بايٰت الله وكانوا بها يستهزءون,سورة الروم,51
30,11,الله يبدؤا الخلق ثم يعيده ثم اليه ترجعون,سورة الروم,69
30,12,ويوم تقوم الساعة يبلس المجرمون,سورة الروم,0
30,13,ولم يكن لهم من شركائهم شفعٰؤا وكانوا بشركائهم كٰفرين,سورة الروم,7
30,14,ويوم تقوم الساعة يومئذ يتفرقون,سورة الروم,34
30,15,فاما الذين ءامنوا وعملوا الصٰلحٰت فهم في روضة يحبرون,سورة الروم,2
30,16,واما الذين كفروا وكذبوا بايٰتنا ولقاي الاخرة فاولٰئك في العذاب محضرون,سورة الروم,28
30,17,فسبحٰن الله حين تمسون وحين تصبحون,سورة الروم,0
30,18,وله الحمد في السمٰوٰت والارض وعشيا وحين تظهرون,سورة الروم,66
30,19,يخرج الحي من الميت ويخرج الميت من الحي ويحي الارض بعد موتها وكذٰلك تخرجون,سورة الروم,59
30,20,ومن ءايٰته ان خلقكم من تراب ثم اذا انتم بشر تنتشرون,سورة الروم,11
30,21,ومن ءايٰته ان خلق لكم من انفسكم ازوٰجا لتسكنوا اليها وجعل بينكم مودة ورحمة ان في ذٰلك لايٰت لقوم يتفكرون,سورة الروم,21
30,22,ومن ءايٰته خلق السمٰوٰت والارض واختلٰف السنتكم والوٰنكم ان في ذٰلك لايٰت للعٰلمين,سورة الروم,66
30,23,ومن ءايٰته منامكم باليل والنهار وابتغاؤكم من فضله ان في ذٰلك لايٰت لقوم يسمعون,سورة الروم,21
30,24,ومن ءايٰته يريكم البرق خوفا وطمعا وينزل من السماء ماء فيحي به الارض بعد موتها ان في ذٰلك لايٰت لقوم يعقلون,سورة الروم,21
30,25,ومن ءايٰته ان تقوم السماء والارض بامره ثم اذا دعاكم دعوة من الارض اذا انتم تخرجون,سورة الروم,11
30,26,وله من في السمٰوٰت والارض كل له قٰنتون,سورة الروم,66
30,27,وهو الذي يبدؤا الخلق ثم يعيده وهو اهون عليه وله المثل الاعلىٰ في السمٰوٰت والارض وهو العزيز الحكيم,سورة الروم,49
30,28,ضرب لكم مثلا من انفسكم هل لكم من ما ملكت ايمٰنكم من شركاء في ما رزقنٰكم فانتم فيه سواء تخافونهم كخيفتكم انفسكم كذٰلك نفصل الايٰت لقوم يعقلون,سورة الروم,21
30,29,بل اتبع الذين ظلموا اهواءهم بغير علم فمن يهدي من اضل الله وما لهم من نٰصرين,سورة الروم,59
30,30,فاقم وجهك للدين حنيفا فطرت الله التي فطر الناس عليها لا تبديل لخلق الله ذٰلك الدين القيم ولٰكن اكثر الناس لا يعلمون,سورة الروم,46
30,31,منيبين اليه واتقوه واقيموا الصلوٰة ولا تكونوا من المشركين,سورة الروم,48
30,32,من الذين فرقوا دينهم وكانوا شيعا كل حزب بما لديهم فرحون,سورة الروم,27
30,33,واذا مس الناس ضر دعوا ربهم منيبين اليه ثم اذا اذاقهم منه رحمة اذا فريق منهم بربهم يشركون,سورة الروم,11
30,34,ليكفروا بما ءاتينٰهم فتمتعوا فسوف تعلمون,سورة الروم,9
30,35,ام انزلنا عليهم سلطٰنا فهو يتكلم بما كانوا به يشركون,سورة الروم,60
30,36,واذا اذقنا الناس رحمة فرحوا بها وان تصبهم سيئة بما قدمت ايديهم اذا هم يقنطون,سورة الروم,11
30,37,اولم يروا ان الله يبسط الرزق لمن يشاء ويقدر ان في ذٰلك لايٰت لقوم يؤمنون,سورة الروم,21
30,38,فات ذا القربىٰ حقه والمسكين وابن السبيل ذٰلك خير للذين يريدون وجه الله واولٰئك هم المفلحون,سورة الروم,63
30,39,وما ءاتيتم من ربا ليربوا في اموٰل الناس فلا يربوا عند الله وما ءاتيتم من زكوٰة تريدون وجه الله فاولٰئك هم المضعفون,سورة الروم,32
30,40,الله الذي خلقكم ثم رزقكم ثم يميتكم ثم يحييكم هل من شركائكم من يفعل من ذٰلكم من شيء سبحٰنه وتعٰلىٰ عما يشركون,سورة الروم,69
30,41,ظهر الفساد في البر والبحر بما كسبت ايدي الناس ليذيقهم بعض الذي عملوا لعلهم يرجعون,سورة الروم,67
30,42,قل سيروا في الارض فانظروا كيف كان عٰقبة الذين من قبل كان اكثرهم مشركين,سورة الروم,51
30,43,فاقم وجهك للدين القيم من قبل ان ياتي يوم لا مرد له من الله يومئذ يصدعون,سورة الروم,59
30,44,من كفر فعليه كفره ومن عمل صٰلحا فلانفسهم يمهدون,سورة الروم,59
30,45,ليجزي الذين ءامنوا وعملوا الصٰلحٰت من فضله انه لا يحب الكٰفرين,سورة الروم,2
30,46,ومن ءايٰته ان يرسل الرياح مبشرٰت وليذيقكم من رحمته ولتجري الفلك بامره ولتبتغوا من فضله ولعلكم تشكرون,سورة الروم,59
30,47,ولقد ارسلنا من قبلك رسلا الىٰ قومهم فجاءوهم بالبينٰت فانتقمنا من الذين اجرموا وكان حقا علينا نصر المؤمنين,سورة الروم,59
30,48,الله الذي يرسل الريٰح فتثير سحابا فيبسطه في السماء كيف يشاء ويجعله كسفا فترى الودق يخرج من خلٰله فاذا اصاب به من يشاء من عباده اذا هم يستبشرون,سورة الروم,59
30,49,وان كانوا من قبل ان ينزل عليهم من قبله لمبلسين,سورة الروم,59
30,50,فانظر الىٰ ءاثٰر رحمت الله كيف يحي الارض بعد موتها ان ذٰلك لمحي الموتىٰ وهو علىٰ كل شيء قدير,سورة الروم,49
30,51,ولئن ارسلنا ريحا فراوه مصفرا لظلوا من بعده يكفرون,سورة الروم,59
30,52,فانك لا تسمع الموتىٰ ولا تسمع الصم الدعاء اذا ولوا مدبرين,سورة الروم,11
30,53,وما انت بهٰد العمي عن ضلٰلتهم ان تسمع الا من يؤمن بايٰتنا فهم مسلمون,سورة الروم,28
30,54,الله الذي خلقكم من ضعف ثم جعل من بعد ضعف قوة ثم جعل من بعد قوة ضعفا وشيبة يخلق ما يشاء وهو العليم القدير,سورة الروم,69
30,55,ويوم تقوم الساعة يقسم المجرمون ما لبثوا غير ساعة كذٰلك كانوا يؤفكون,سورة الروم,27
30,56,وقال الذين اوتوا العلم والايمٰن لقد لبثتم في كتٰب الله الىٰ يوم البعث فهٰذا يوم البعث ولٰكنكم كنتم لا تعلمون,سورة الروم,56
30,57,فيومئذ لا ينفع الذين ظلموا معذرتهم ولا هم يستعتبون,سورة الروم,44
30,58,ولقد ضربنا للناس في هٰذا القرءان من كل مثل ولئن جئتهم باية ليقولن الذين كفروا ان انتم الا مبطلون,سورة الروم,20
30,59,كذٰلك يطبع الله علىٰ قلوب الذين لا يعلمون,سورة الروم,21
30,60,فاصبر ان وعد الله حق ولا يستخفنك الذين لا يوقنون,سورة الروم,43
31,0,سورة لقمان,سورة لقمان,6
31,0,بسم الله الرحمٰن الرحيم,سورة لقمان,10
31,1,الم,سورة لقمان,55
31,2,تلك ءايٰت الكتٰب الحكيم,سورة لقمان,61
31,3,هدى ورحمة للمحسنين,سورة لقمان,0
31,4,الذين يقيمون الصلوٰة ويؤتون الزكوٰة وهم بالاخرة هم يوقنون,سورة لقمان,48
31,5,اولٰئك علىٰ هدى من ربهم واولٰئك هم المفلحون,سورة لقمان,63
31,6,ومن الناس من يشتري لهو الحديث ليضل عن سبيل الله بغير علم ويتخذها هزوا اولٰئك لهم عذاب مهين,سورة لقمان,63
31,7,واذا تتلىٰ عليه ءايٰتنا ولىٰ مستكبرا كان لم يسمعها كان في اذنيه وقرا فبشره بعذاب اليم,سورة لقمان,54
31,8,ان الذين ءامنوا وعملوا الصٰلحٰت لهم جنٰت النعيم,سورة لقمان,2
31,9,خٰلدين فيها وعد الله حقا وهو العزيز الحكيم,سورة لقمان,61
31,10,خلق السمٰوٰت بغير عمد ترونها والقىٰ في الارض روٰسي ان تميد بكم وبث فيها من كل دابة وانزلنا من السماء ماء فانبتنا فيها من كل زوج كريم,سورة لقمان,38
31,11,هٰذا خلق الله فاروني ماذا خلق الذين من دونه بل الظٰلمون في ضلٰل مبين,سورة لقمان,5
31,12,ولقد ءاتينا لقمٰن الحكمة ان اشكر لله ومن يشكر فانما يشكر لنفسه ومن كفر فان الله غني حميد,سورة لقمان,3
31,13,واذ قال لقمٰن لابنه وهو يعظه يٰبني لا تشرك بالله ان الشرك لظلم عظيم,سورة لقمان,49
31,14,ووصينا الانسٰن بوٰلديه حملته امه وهنا علىٰ وهن وفصٰله في عامين ان اشكر لي ولوٰلديك الي المصير,سورة لقمان,0
31,15,وان جٰهداك علىٰ ان تشرك بي ما ليس لك به علم فلا تطعهما وصاحبهما في الدنيا معروفا واتبع سبيل من اناب الي ثم الي مرجعكم فانبئكم بما كنتم تعملون,سورة لقمان,15
31,16,يٰبني انها ان تك مثقال حبة من خردل فتكن في صخرة او في السمٰوٰت او في الارض يات بها الله ان الله لطيف خبير,سورة لقمان,8
31,17,يٰبني اقم الصلوٰة وامر بالمعروف وانه عن المنكر واصبر علىٰ ما اصابك ان ذٰلك من عزم الامور,سورة لقمان,65
31,18,ولا تصعر خدك للناس ولا تمش في الارض مرحا ان الله لا يحب كل مختال فخور,سورة لقمان,44
31,19,واقصد في مشيك واغضض من صوتك ان انكر الاصوٰت لصوت الحمير,سورة لقمان,0
31,20,الم تروا ان الله سخر لكم ما في السمٰوٰت وما في الارض واسبغ عليكم نعمه ظٰهرة وباطنة ومن الناس من يجٰدل في الله بغير علم ولا هدى ولا كتٰب منير,سورة لقمان,8
31,21,واذا قيل لهم اتبعوا ما انزل الله قالوا بل نتبع ما وجدنا عليه ءاباءنا اولو كان الشيطٰن يدعوهم الىٰ عذاب السعير,سورة لقمان,54
31,22,ومن يسلم وجهه الى الله وهو محسن فقد استمسك بالعروة الوثقىٰ والى الله عٰقبة الامور,سورة لقمان,49
31,23,ومن كفر فلا يحزنك كفره الينا مرجعهم فننبئهم بما عملوا ان الله عليم بذات الصدور,سورة لقمان,14
31,24,نمتعهم قليلا ثم نضطرهم الىٰ عذاب غليظ,سورة لقمان,69
31,25,ولئن سالتهم من خلق السمٰوٰت والارض ليقولن الله قل الحمد لله بل اكثرهم لا يعلمون,سورة لقمان,66
31,26,لله ما في السمٰوٰت والارض ان الله هو الغني الحميد,سورة لقمان,66
31,27,ولو انما في الارض من شجرة اقلٰم والبحر يمده من بعده سبعة ابحر ما نفدت كلمٰت الله ان الله عزيز حكيم,سورة لقمان,8
31,28,ما خلقكم ولا بعثكم الا كنفس وٰحدة ان الله سميع بصير,سورة لقمان,39
31,29,الم تر ان الله يولج اليل في النهار ويولج النهار في اليل وسخر الشمس والقمر كل يجري الىٰ اجل مسمى وان الله بما تعملون خبير,سورة لقمان,55
31,30,ذٰلك بان الله هو الحق وان ما يدعون من دونه البٰطل وان الله هو العلي الكبير,سورة لقمان,21
31,31,الم تر ان الفلك تجري في البحر بنعمت الله ليريكم من ءايٰته ان في ذٰلك لايٰت لكل صبار شكور,سورة لقمان,21
31,32,واذا غشيهم موج كالظلل دعوا الله مخلصين له الدين فلما نجىٰهم الى البر فمنهم مقتصد وما يجحد بايٰتنا الا كل ختار كفور,سورة لقمان,28
31,33,يٰايها الناس اتقوا ربكم واخشوا يوما لا يجزي والد عن ولده ولا مولود هو جاز عن والده شيا ان وعد الله حق فلا تغرنكم الحيوٰة الدنيا ولا يغرنكم بالله الغرور,سورة لقمان,44
31,34,ان الله عنده علم الساعة وينزل الغيث ويعلم ما في الارحام وما تدري نفس ماذا تكسب غدا وما تدري نفس باي ارض تموت ان الله عليم خبير,سورة لقمان,29
32,0,سورة السجدة,سورة السجدة,6
32,0,بسم الله الرحمٰن الرحيم,سورة السجدة,10
32,1,الم,سورة السجدة,55
32,2,تنزيل الكتٰب لا ريب فيه من رب العٰلمين,سورة السجدة,16
32,3,ام يقولون افترىٰه بل هو الحق من ربك لتنذر قوما ما اتىٰهم من نذير من قبلك لعلهم يهتدون,سورة السجدة,60
32,4,الله الذي خلق السمٰوٰت والارض وما بينهما في ستة ايام ثم استوىٰ على العرش ما لكم من دونه من ولي ولا شفيع افلا تتذكرون,سورة السجدة,66
32,5,يدبر الامر من السماء الى الارض ثم يعرج اليه في يوم كان مقداره الف سنة مما تعدون,سورة السجدة,69
32,6,ذٰلك عٰلم الغيب والشهٰدة العزيز الرحيم,سورة السجدة,47
32,7,الذي احسن كل شيء خلقه وبدا خلق الانسٰن من طين,سورة السجدة,5
32,8,ثم جعل نسله من سلٰلة من ماء مهين,سورة السجدة,69
32,9,ثم سوىٰه ونفخ فيه من روحه وجعل لكم السمع والابصٰر والافدة قليلا ما تشكرون,سورة السجدة,15
32,10,وقالوا اءذا ضللنا في الارض اءنا لفي خلق جديد بل هم بلقاء ربهم كٰفرون,سورة السجدة,9
32,11,قل يتوفىٰكم ملك الموت الذي وكل بكم ثم الىٰ ربكم ترجعون,سورة السجدة,50
32,12,ولو ترىٰ اذ المجرمون ناكسوا رءوسهم عند ربهم ربنا ابصرنا وسمعنا فارجعنا نعمل صٰلحا انا موقنون,سورة السجدة,18
32,13,ولو شئنا لاتينا كل نفس هدىٰها ولٰكن حق القول مني لاملان جهنم من الجنة والناس اجمعين,سورة السجدة,57
32,14,فذوقوا بما نسيتم لقاء يومكم هٰذا انا نسينٰكم وذوقوا عذاب الخلد بما كنتم تعملون,سورة السجدة,1
32,15,انما يؤمن بايٰتنا الذين اذا ذكروا بها خروا سجدا وسبحوا بحمد ربهم وهم لا يستكبرون,سورة السجدة,28
32,16,تتجافىٰ جنوبهم عن المضاجع يدعون ربهم خوفا وطمعا ومما رزقنٰهم ينفقون,سورة السجدة,48
32,17,فلا تعلم نفس ما اخفي لهم من قرة اعين جزاء بما كانوا يعملون,سورة السجدة,27
32,18,افمن كان مؤمنا كمن كان فاسقا لا يستون,سورة السجدة,51
32,19,اما الذين ءامنوا وعملوا الصٰلحٰت فلهم جنٰت الماوىٰ نزلا بما كانوا يعملون,سورة السجدة,2
32,20,واما الذين فسقوا فماوىٰهم النار كلما ارادوا ان يخرجوا منها اعيدوا فيها وقيل لهم ذوقوا عذاب النار الذي كنتم به تكذبون,سورة السجدة,64
32,21,ولنذيقنهم من العذاب الادنىٰ دون العذاب الاكبر لعلهم يرجعون,سورة السجدة,18
32,22,ومن اظلم ممن ذكر بايٰت ربه ثم اعرض عنها انا من المجرمين منتقمون,سورة السجدة,53
32,23,ولقد ءاتينا موسى الكتٰب فلا تكن في مرية من لقائه وجعلنٰه هدى لبني اسرٰءيل,سورة السجدة,14
32,24,وجعلنا منهم ائمة يهدون بامرنا لما صبروا وكانوا بايٰتنا يوقنون,سورة السجدة,28
32,25,ان ربك هو يفصل بينهم يوم القيٰمة فيما كانوا فيه يختلفون,سورة السجدة,40
32,26,اولم يهد لهم كم اهلكنا من قبلهم من القرون يمشون في مسٰكنهم ان في ذٰلك لايٰت افلا يسمعون,سورة السجدة,21
32,27,اولم يروا انا نسوق الماء الى الارض الجرز فنخرج به زرعا تاكل منه انعٰمهم وانفسهم افلا يبصرون,سورة السجدة,37
32,28,ويقولون متىٰ هٰذا الفتح ان كنتم صٰدقين,سورة السجدة,1
32,29,قل يوم الفتح لا ينفع الذين كفروا ايمٰنهم ولا هم ينظرون,سورة السجدة,56
32,30,فاعرض عنهم وانتظر انهم منتظرون,سورة السجدة,25
33,0,سورة الاحزاب,سورة الاحزاب,6
33,0,بسم الله الرحمٰن الرحيم,سورة الاحزاب,10
33,1,يٰايها النبي اتق الله ولا تطع الكٰفرين والمنٰفقين ان الله كان عليما حكيما,سورة الاحزاب,7
33,2,واتبع ما يوحىٰ اليك من ربك ان الله كان بما تعملون خبيرا,سورة الاحزاب,68
33,3,وتوكل على الله وكفىٰ بالله وكيلا,سورة الاحزاب,53
33,4,ما جعل الله لرجل من قلبين في جوفه وما جعل ازوٰجكم الٰي تظٰهرون منهن امهٰتكم وما جعل ادعياءكم ابناءكم ذٰلكم قولكم بافوٰهكم والله يقول الحق وهو يهدي السبيل,سورة الاحزاب,29
33,5,ادعوهم لابائهم هو اقسط عند الله فان لم تعلموا ءاباءهم فاخوٰنكم في الدين وموٰليكم وليس عليكم جناح فيما اخطاتم به ولٰكن ما تعمدت قلوبكم وكان الله غفورا رحيما,سورة الاحزاب,32
33,6,النبي اولىٰ بالمؤمنين من انفسهم وازوٰجه امهٰتهم واولوا الارحام بعضهم اولىٰ ببعض في كتٰب الله من المؤمنين والمهٰجرين الا ان تفعلوا الىٰ اوليائكم معروفا كان ذٰلك في الكتٰب مسطورا,سورة الاحزاب,8
33,7,واذ اخذنا من النبين ميثٰقهم ومنك ومن نوح وابرٰهيم وموسىٰ وعيسى ابن مريم واخذنا منهم ميثٰقا غليظا,سورة الاحزاب,35
33,8,ليسل الصٰدقين عن صدقهم واعد للكٰفرين عذابا اليما,سورة الاحزاب,7
33,9,يٰايها الذين ءامنوا اذكروا نعمة الله عليكم اذ جاءتكم جنود فارسلنا عليهم ريحا وجنودا لم تروها وكان الله بما تعملون بصيرا,سورة الاحزاب,62
33,10,اذ جاءوكم من فوقكم ومن اسفل منكم واذ زاغت الابصٰر وبلغت القلوب الحناجر وتظنون بالله الظنونا,سورة الاحزاب,0
33,11,هنالك ابتلي المؤمنون وزلزلوا زلزالا شديدا,سورة الاحزاب,0
33,12,واذ يقول المنٰفقون والذين في قلوبهم مرض ما وعدنا الله ورسوله الا غرورا,سورة الاحزاب,3
33,13,واذ قالت طائفة منهم يٰاهل يثرب لا مقام لكم فارجعوا ويستذن فريق منهم النبي يقولون ان بيوتنا عورة وما هي بعورة ان يريدون الا فرارا,سورة الاحزاب,31
33,14,ولو دخلت عليهم من اقطارها ثم سئلوا الفتنة لاتوها وما تلبثوا بها الا يسيرا,سورة الاحزاب,31
33,15,ولقد كانوا عٰهدوا الله من قبل لا يولون الادبٰر وكان عهد الله مسولا,سورة الاحزاب,32
33,16,قل لن ينفعكم الفرار ان فررتم من الموت او القتل واذا لا تمتعون الا قليلا,سورة الاحزاب,30
33,17,قل من ذا الذي يعصمكم من الله ان اراد بكم سوءا او اراد بكم رحمة ولا يجدون لهم من دون الله وليا ولا نصيرا,سورة الاحزاب,44
33,18,قد يعلم الله المعوقين منكم والقائلين لاخوٰنهم هلم الينا ولا ياتون الباس الا قليلا,سورة الاحزاب,44
33,19,اشحة عليكم فاذا جاء الخوف رايتهم ينظرون اليك تدور اعينهم كالذي يغشىٰ عليه من الموت فاذا ذهب الخوف سلقوكم بالسنة حداد اشحة على الخير اولٰئك لم يؤمنوا فاحبط الله اعمٰلهم وكان ذٰلك على الله يسيرا,سورة الاحزاب,48
33,20,يحسبون الاحزاب لم يذهبوا وان يات الاحزاب يودوا لو انهم بادون في الاعراب يسلون عن انبائكم ولو كانوا فيكم ما قٰتلوا الا قليلا,سورة الاحزاب,25
33,21,لقد كان لكم في رسول الله اسوة حسنة لمن كان يرجوا الله واليوم الاخر وذكر الله كثيرا,سورة الاحزاب,3
33,22,ولما رءا المؤمنون الاحزاب قالوا هٰذا ما وعدنا الله ورسوله وصدق الله ورسوله وما زادهم الا ايمٰنا وتسليما,سورة الاحزاب,3
33,23,من المؤمنين رجال صدقوا ما عٰهدوا الله عليه فمنهم من قضىٰ نحبه ومنهم من ينتظر وما بدلوا تبديلا,سورة الاحزاب,59
33,24,ليجزي الله الصٰدقين بصدقهم ويعذب المنٰفقين ان شاء او يتوب عليهم ان الله كان غفورا رحيما,سورة الاحزاب,32
33,25,ورد الله الذين كفروا بغيظهم لم ينالوا خيرا وكفى الله المؤمنين القتال وكان الله قويا عزيزا,سورة الاحزاب,32
33,26,وانزل الذين ظٰهروهم من اهل الكتٰب من صياصيهم وقذف في قلوبهم الرعب فريقا تقتلون وتاسرون فريقا,سورة الاحزاب,59
33,27,واورثكم ارضهم وديٰرهم واموٰلهم وارضا لم تطوها وكان الله علىٰ كل شيء قديرا,سورة الاحزاب,32
33,28,يٰايها النبي قل لازوٰجك ان كنتن تردن الحيوٰة الدنيا وزينتها فتعالين امتعكن واسرحكن سراحا جميلا,سورة الاحزاب,0
33,29,وان كنتن تردن الله ورسوله والدار الاخرة فان الله اعد للمحسنٰت منكن اجرا عظيما,سورة الاحزاب,3
33,30,يٰنساء النبي من يات منكن بفٰحشة مبينة يضٰعف لها العذاب ضعفين وكان ذٰلك على الله يسيرا,سورة الاحزاب,39
33,31,ومن يقنت منكن لله ورسوله وتعمل صٰلحا نؤتها اجرها مرتين واعتدنا لها رزقا كريما,سورة الاحزاب,39
33,32,يٰنساء النبي لستن كاحد من النساء ان اتقيتن فلا تخضعن بالقول فيطمع الذي في قلبه مرض وقلن قولا معروفا,سورة الاحزاب,14
33,33,وقرن في بيوتكن ولا تبرجن تبرج الجٰهلية الاولىٰ واقمن الصلوٰة وءاتين الزكوٰة واطعن الله ورسوله انما يريد الله ليذهب عنكم الرجس اهل البيت ويطهركم تطهيرا,سورة الاحزاب,3
33,34,واذكرن ما يتلىٰ في بيوتكن من ءايٰت الله والحكمة ان الله كان لطيفا خبيرا,سورة الاحزاب,3
33,35,ان المسلمين والمسلمٰت والمؤمنين والمؤمنٰت والقٰنتين والقٰنتٰت والصٰدقين والصٰدقٰت والصٰبرين والصٰبرٰت والخٰشعين والخٰشعٰت والمتصدقين والمتصدقٰت والصٰئمين والصٰئمٰت والحٰفظين فروجهم والحٰفظٰت والذٰكرين الله كثيرا والذٰكرٰت اعد الله لهم مغفرة واجرا عظيما,سورة الاحزاب,0
33,36,وما كان لمؤمن ولا مؤمنة اذا قضى الله ورسوله امرا ان يكون لهم الخيرة من امرهم ومن يعص الله ورسوله فقد ضل ضلٰلا مبينا,سورة الاحزاب,3
33,37,واذ تقول للذي انعم الله عليه وانعمت عليه امسك عليك زوجك واتق الله وتخفي في نفسك ما الله مبديه وتخشى الناس والله احق ان تخشىٰه فلما قضىٰ زيد منها وطرا زوجنٰكها لكي لا يكون على المؤمنين حرج في ازوٰج ادعيائهم اذا قضوا منهن وطرا وكان امر الله مفعولا,سورة الاحزاب,3
33,38,ما كان على النبي من حرج فيما فرض الله له سنة الله في الذين خلوا من قبل وكان امر الله قدرا مقدورا,سورة الاحزاب,3
33,39,الذين يبلغون رسٰلٰت الله ويخشونه ولا يخشون احدا الا الله وكفىٰ بالله حسيبا,سورة الاحزاب,44
33,40,ما كان محمد ابا احد من رجالكم ولٰكن رسول الله وخاتم النبين وكان الله بكل شيء عليما,سورة الاحزاب,46
33,41,يٰايها الذين ءامنوا اذكروا الله ذكرا كثيرا,سورة الاحزاب,62
33,42,وسبحوه بكرة واصيلا,سورة الاحزاب,0
33,43,هو الذي يصلي عليكم وملٰئكته ليخرجكم من الظلمٰت الى النور وكان بالمؤمنين رحيما,سورة الاحزاب,32
33,44,تحيتهم يوم يلقونه سلٰم واعد لهم اجرا كريما,سورة الاحزاب,56
33,45,يٰايها النبي انا ارسلنٰك شٰهدا ومبشرا ونذيرا,سورة الاحزاب,37
33,46,وداعيا الى الله باذنه وسراجا منيرا,سورة الاحزاب,0
33,47,وبشر المؤمنين بان لهم من الله فضلا كبيرا,سورة الاحزاب,59
33,48,ولا تطع الكٰفرين والمنٰفقين ودع اذىٰهم وتوكل على الله وكفىٰ بالله وكيلا,سورة الاحزاب,7
33,49,يٰايها الذين ءامنوا اذا نكحتم المؤمنٰت ثم طلقتموهن من قبل ان تمسوهن فما لكم عليهن من عدة تعتدونها فمتعوهن وسرحوهن سراحا جميلا,سورة الاحزاب,62
33,50,يٰايها النبي انا احللنا لك ازوٰجك الٰتي ءاتيت اجورهن وما ملكت يمينك مما افاء الله عليك وبنات عمك وبنات عمٰتك وبنات خالك وبنات خٰلٰتك الٰتي هاجرن معك وامراة مؤمنة ان وهبت نفسها للنبي ان اراد النبي ان يستنكحها خالصة لك من دون المؤمنين قد علمنا ما فرضنا عليهم في ازوٰجهم وما ملكت ايمٰنهم لكيلا يكون عليك حرج وكان الله غفورا رحيما,سورة الاحزاب,32
33,51,ترجي من تشاء منهن وتوي اليك من تشاء ومن ابتغيت ممن عزلت فلا جناح عليك ذٰلك ادنىٰ ان تقر اعينهن ولا يحزن ويرضين بما ءاتيتهن كلهن والله يعلم ما في قلوبكم وكان الله عليما حليما,سورة الاحزاب,14
33,52,لا يحل لك النساء من بعد ولا ان تبدل بهن من ازوٰج ولو اعجبك حسنهن الا ما ملكت يمينك وكان الله علىٰ كل شيء رقيبا,سورة الاحزاب,31
33,53,يٰايها الذين ءامنوا لا تدخلوا بيوت النبي الا ان يؤذن لكم الىٰ طعام غير نٰظرين انىٰه ولٰكن اذا دعيتم فادخلوا فاذا طعمتم فانتشروا ولا مستنسين لحديث ان ذٰلكم كان يؤذي النبي فيستحي منكم والله لا يستحي من الحق واذا سالتموهن متٰعا فسلوهن من وراء حجاب ذٰلكم اطهر لقلوبكم وقلوبهن وما كان لكم ان تؤذوا رسول الله ولا ان تنكحوا ازوٰجه من بعده ابدا ان ذٰلكم كان عند الله عظيما,سورة الاحزاب,17
33,54,ان تبدوا شيا او تخفوه فان الله كان بكل شيء عليما,سورة الاحزاب,30
33,55,لا جناح عليهن في ءابائهن ولا ابنائهن ولا اخوٰنهن ولا ابناء اخوٰنهن ولا ابناء اخوٰتهن ولا نسائهن ولا ما ملكت ايمٰنهن واتقين الله ان الله كان علىٰ كل شيء شهيدا,سورة الاحزاب,44
33,56,ان الله وملٰئكته يصلون على النبي يٰايها الذين ءامنوا صلوا عليه وسلموا تسليما,سورة الاحزاب,62
33,57,ان الذين يؤذون الله ورسوله لعنهم الله في الدنيا والاخرة واعد لهم عذابا مهينا,سورة الاحزاب,3
33,58,والذين يؤذون المؤمنين والمؤمنٰت بغير ما اكتسبوا فقد احتملوا بهتٰنا واثما مبينا,سورة الاحزاب,0
33,59,يٰايها النبي قل لازوٰجك وبناتك ونساء المؤمنين يدنين عليهن من جلٰبيبهن ذٰلك ادنىٰ ان يعرفن فلا يؤذين وكان الله غفورا رحيما,سورة الاحزاب,32
33,60,لئن لم ينته المنٰفقون والذين في قلوبهم مرض والمرجفون في المدينة لنغرينك بهم ثم لا يجاورونك فيها الا قليلا,سورة الاحزاب,38
33,61,ملعونين اينما ثقفوا اخذوا وقتلوا تقتيلا,سورة الاحزاب,0
33,62,سنة الله في الذين خلوا من قبل ولن تجد لسنة الله تبديلا,سورة الاحزاب,3
33,63,يسلك الناس عن الساعة قل انما علمها عند الله وما يدريك لعل الساعة تكون قريبا,سورة الاحزاب,17
33,64,ان الله لعن الكٰفرين واعد لهم سعيرا,سورة الاحزاب,7
33,65,خٰلدين فيها ابدا لا يجدون وليا ولا نصيرا,سورة الاحزاب,38
33,66,يوم تقلب وجوههم في النار يقولون يٰليتنا اطعنا الله واطعنا الرسولا,سورة الاحزاب,56
33,67,وقالوا ربنا انا اطعنا سادتنا وكبراءنا فاضلونا السبيلا,سورة الاحزاب,37
33,68,ربنا ءاتهم ضعفين من العذاب والعنهم لعنا كبيرا,سورة الاحزاب,18
33,69,يٰايها الذين ءامنوا لا تكونوا كالذين ءاذوا موسىٰ فبراه الله مما قالوا وكان عند الله وجيها,سورة الاحزاب,62
33,70,يٰايها الذين ءامنوا اتقوا الله وقولوا قولا سديدا,سورة الاحزاب,62
33,71,يصلح لكم اعمٰلكم ويغفر لكم ذنوبكم ومن يطع الله ورسوله فقد فاز فوزا عظيما,سورة الاحزاب,17
33,72,انا عرضنا الامانة على السمٰوٰت والارض والجبال فابين ان يحملنها واشفقن منها وحملها الانسٰن انه كان ظلوما جهولا,سورة الاحزاب,66
33,73,ليعذب الله المنٰفقين والمنٰفقٰت والمشركين والمشركٰت ويتوب الله على المؤمنين والمؤمنٰت وكان الله غفورا رحيما,سورة الاحزاب,32
34,0,سورة سبا,سورة سبا,6
34,0,بسم الله الرحمٰن الرحيم,سورة سبا,10
34,1,الحمد لله الذي له ما في السمٰوٰت وما في الارض وله الحمد في الاخرة وهو الحكيم الخبير,سورة سبا,8
34,2,يعلم ما يلج في الارض وما يخرج منها وما ينزل من السماء وما يعرج فيها وهو الرحيم الغفور,سورة سبا,29
34,3,وقال الذين كفروا لا تاتينا الساعة قل بلىٰ وربي لتاتينكم عٰلم الغيب لا يعزب عنه مثقال ذرة في السمٰوٰت ولا في الارض ولا اصغر من ذٰلك ولا اكبر الا في كتٰب مبين,سورة سبا,8
34,4,ليجزي الذين ءامنوا وعملوا الصٰلحٰت اولٰئك لهم مغفرة ورزق كريم,سورة سبا,2
34,5,والذين سعو في ءايٰتنا معٰجزين اولٰئك لهم عذاب من رجز اليم,سورة سبا,63
34,6,ويرى الذين اوتوا العلم الذي انزل اليك من ربك هو الحق ويهدي الىٰ صرٰط العزيز الحميد,سورة سبا,4
34,7,وقال الذين كفروا هل ندلكم علىٰ رجل ينبئكم اذا مزقتم كل ممزق انكم لفي خلق جديد,سورة سبا,11
34,8,افترىٰ على الله كذبا ام به جنة بل الذين لا يؤمنون بالاخرة في العذاب والضلٰل البعيد,سورة سبا,60
34,9,افلم يروا الىٰ ما بين ايديهم وما خلفهم من السماء والارض ان نشا نخسف بهم الارض او نسقط عليهم كسفا من السماء ان في ذٰلك لاية لكل عبد منيب,سورة سبا,8
34,10,ولقد ءاتينا داود منا فضلا يٰجبال اوبي معه والطير والنا له الحديد,سورة سبا,0
34,11,ان اعمل سٰبغٰت وقدر في السرد واعملوا صٰلحا اني بما تعملون بصير,سورة سبا,12
34,12,ولسليمٰن الريح غدوها شهر ورواحها شهر واسلنا له عين القطر ومن الجن من يعمل بين يديه باذن ربه ومن يزغ منهم عن امرنا نذقه من عذاب السعير,سورة سبا,59
34,13,يعملون له ما يشاء من محٰريب وتمٰثيل وجفان كالجواب وقدور راسيٰت اعملوا ءال داود شكرا وقليل من عبادي الشكور,سورة سبا,59
34,14,فلما قضينا عليه الموت ما دلهم علىٰ موته الا دابة الارض تاكل منساته فلما خر تبينت الجن ان لو كانوا يعلمون الغيب ما لبثوا في العذاب المهين,سورة سبا,8
34,15,لقد كان لسبا في مسكنهم ءاية جنتان عن يمين وشمال كلوا من رزق ربكم واشكروا له بلدة طيبة ورب غفور,سورة سبا,50
34,16,فاعرضوا فارسلنا عليهم سيل العرم وبدلنٰهم بجنتيهم جنتين ذواتي اكل خمط واثل وشيء من سدر قليل,سورة سبا,0
34,17,ذٰلك جزينٰهم بما كفروا وهل نجٰزي الا الكفور,سورة سبا,31
34,18,وجعلنا بينهم وبين القرى التي بٰركنا فيها قرى ظٰهرة وقدرنا فيها السير سيروا فيها ليالي واياما ءامنين,سورة سبا,38
34,19,فقالوا ربنا بٰعد بين اسفارنا وظلموا انفسهم فجعلنٰهم احاديث ومزقنٰهم كل ممزق ان في ذٰلك لايٰت لكل صبار شكور,سورة سبا,21
34,20,ولقد صدق عليهم ابليس ظنه فاتبعوه الا فريقا من المؤمنين,سورة سبا,31
34,21,وما كان له عليهم من سلطٰن الا لنعلم من يؤمن بالاخرة ممن هو منها في شك وربك علىٰ كل شيء حفيظ,سورة سبا,31
34,22,قل ادعوا الذين زعمتم من دون الله لا يملكون مثقال ذرة في السمٰوٰت ولا في الارض وما لهم فيهما من شرك وما له منهم من ظهير,سورة سبا,8
34,23,ولا تنفع الشفٰعة عنده الا لمن اذن له حتىٰ اذا فزع عن قلوبهم قالوا ماذا قال ربكم قالوا الحق وهو العلي الكبير,سورة سبا,11
34,24,قل من يرزقكم من السمٰوٰت والارض قل الله وانا او اياكم لعلىٰ هدى او في ضلٰل مبين,سورة سبا,30
34,25,قل لا تسلون عما اجرمنا ولا نسل عما تعملون,سورة سبا,44
34,26,قل يجمع بيننا ربنا ثم يفتح بيننا بالحق وهو الفتاح العليم,سورة سبا,49
34,27,قل اروني الذين الحقتم به شركاء كلا بل هو الله العزيز الحكيم,سورة سبا,61
34,28,وما ارسلنٰك الا كافة للناس بشيرا ونذيرا ولٰكن اكثر الناس لا يعلمون,سورة سبا,46
34,29,ويقولون متىٰ هٰذا الوعد ان كنتم صٰدقين,سورة سبا,1
34,30,قل لكم ميعاد يوم لا تستخرون عنه ساعة ولا تستقدمون,سورة سبا,56
34,31,وقال الذين كفروا لن نؤمن بهٰذا القرءان ولا بالذي بين يديه ولو ترىٰ اذ الظٰلمون موقوفون عند ربهم يرجع بعضهم الىٰ بعض القول يقول الذين استضعفوا للذين استكبروا لولا انتم لكنا مؤمنين,سورة سبا,67
34,32,قال الذين استكبروا للذين استضعفوا انحن صددنٰكم عن الهدىٰ بعد اذ جاءكم بل كنتم مجرمين,سورة سبا,26
34,33,وقال الذين استضعفوا للذين استكبروا بل مكر اليل والنهار اذ تامروننا ان نكفر بالله ونجعل له اندادا واسروا الندامة لما راوا العذاب وجعلنا الاغلٰل في اعناق الذين كفروا هل يجزون الا ما كانوا يعملون,سورة سبا,27
34,34,وما ارسلنا في قرية من نذير الا قال مترفوها انا بما ارسلتم به كٰفرون,سورة سبا,37
34,35,وقالوا نحن اكثر اموٰلا واولٰدا وما نحن بمعذبين,سورة سبا,29
34,36,قل ان ربي يبسط الرزق لمن يشاء ويقدر ولٰكن اكثر الناس لا يعلمون,سورة سبا,46
34,37,وما اموٰلكم ولا اولٰدكم بالتي تقربكم عندنا زلفىٰ الا من ءامن وعمل صٰلحا فاولٰئك لهم جزاء الضعف بما عملوا وهم في الغرفٰت ءامنون,سورة سبا,63
34,38,والذين يسعون في ءايٰتنا معٰجزين اولٰئك في العذاب محضرون,سورة سبا,63
34,39,قل ان ربي يبسط الرزق لمن يشاء من عباده ويقدر له وما انفقتم من شيء فهو يخلفه وهو خير الرٰزقين,سورة سبا,49
34,40,ويوم يحشرهم جميعا ثم يقول للملٰئكة اهٰؤلاء اياكم كانوا يعبدون,سورة سبا,69
34,41,قالوا سبحٰنك انت ولينا من دونهم بل كانوا يعبدون الجن اكثرهم بهم مؤمنون,سورة سبا,9
34,42,فاليوم لا يملك بعضكم لبعض نفعا ولا ضرا ونقول للذين ظلموا ذوقوا عذاب النار التي كنتم بها تكذبون,سورة سبا,44
34,43,واذا تتلىٰ عليهم ءايٰتنا بينٰت قالوا ما هٰذا الا رجل يريد ان يصدكم عما كان يعبد ءاباؤكم وقالوا ما هٰذا الا افك مفترى وقال الذين كفروا للحق لما جاءهم ان هٰذا الا سحر مبين,سورة سبا,20
34,44,وما ءاتينٰهم من كتب يدرسونها وما ارسلنا اليهم قبلك من نذير,سورة سبا,29
34,45,وكذب الذين من قبلهم وما بلغوا معشار ما ءاتينٰهم فكذبوا رسلي فكيف كان نكير,سورة سبا,51
34,46,قل انما اعظكم بوٰحدة ان تقوموا لله مثنىٰ وفرٰدىٰ ثم تتفكروا ما بصاحبكم من جنة ان هو الا نذير لكم بين يدي عذاب شديد,سورة سبا,17
34,47,قل ما سالتكم من اجر فهو لكم ان اجري الا على الله وهو علىٰ كل شيء شهيد,سورة سبا,49
34,48,قل ان ربي يقذف بالحق علٰم الغيوب,سورة سبا,0
34,49,قل جاء الحق وما يبدئ البٰطل وما يعيد,سورة سبا,29
34,50,قل ان ضللت فانما اضل علىٰ نفسي وان اهتديت فبما يوحي الي ربي انه سميع قريب,سورة سبا,36
34,51,ولو ترىٰ اذ فزعوا فلا فوت واخذوا من مكان قريب,سورة سبا,18
34,52,وقالوا ءامنا به وانىٰ لهم التناوش من مكان بعيد,سورة سبا,41
34,53,وقد كفروا به من قبل ويقذفون بالغيب من مكان بعيد,سورة سبا,41
34,54,وحيل بينهم وبين ما يشتهون كما فعل باشياعهم من قبل انهم كانوا في شك مريب,سورة سبا,25
35,0,سورة فاطر,سورة فاطر,6
35,0,بسم الله الرحمٰن الرحيم,سورة فاطر,10
35,1,الحمد لله فاطر السمٰوٰت والارض جاعل الملٰئكة رسلا اولي اجنحة مثنىٰ وثلٰث وربٰع يزيد في الخلق ما يشاء ان الله علىٰ كل شيء قدير,سورة فاطر,66
35,2,ما يفتح الله للناس من رحمة فلا ممسك لها وما يمسك فلا مرسل له من بعده وهو العزيز الحكيم,سورة فاطر,61
35,3,يٰايها الناس اذكروا نعمت الله عليكم هل من خٰلق غير الله يرزقكم من السماء والارض لا الٰه الا هو فانىٰ تؤفكون,سورة فاطر,31
35,4,وان يكذبوك فقد كذبت رسل من قبلك والى الله ترجع الامور,سورة فاطر,59
35,5,يٰايها الناس ان وعد الله حق فلا تغرنكم الحيوٰة الدنيا ولا يغرنكم بالله الغرور,سورة فاطر,14
35,6,ان الشيطٰن لكم عدو فاتخذوه عدوا انما يدعوا حزبه ليكونوا من اصحٰب السعير,سورة فاطر,17
35,7,الذين كفروا لهم عذاب شديد والذين ءامنوا وعملوا الصٰلحٰت لهم مغفرة واجر كبير,سورة فاطر,2
35,8,افمن زين له سوء عمله فرءاه حسنا فان الله يضل من يشاء ويهدي من يشاء فلا تذهب نفسك عليهم حسرٰت ان الله عليم بما يصنعون,سورة فاطر,3
35,9,والله الذي ارسل الريٰح فتثير سحابا فسقنٰه الىٰ بلد ميت فاحيينا به الارض بعد موتها كذٰلك النشور,سورة فاطر,41
35,10,من كان يريد العزة فلله العزة جميعا اليه يصعد الكلم الطيب والعمل الصٰلح يرفعه والذين يمكرون السيات لهم عذاب شديد ومكر اولٰئك هو يبور,سورة فاطر,63
35,11,والله خلقكم من تراب ثم من نطفة ثم جعلكم ازوٰجا وما تحمل من انثىٰ ولا تضع الا بعلمه وما يعمر من معمر ولا ينقص من عمره الا في كتٰب ان ذٰلك على الله يسير,سورة فاطر,69
35,12,وما يستوي البحران هٰذا عذب فرات سائغ شرابه وهٰذا ملح اجاج ومن كل تاكلون لحما طريا وتستخرجون حلية تلبسونها وترى الفلك فيه مواخر لتبتغوا من فضله ولعلكم تشكرون,سورة فاطر,20
35,13,يولج اليل في النهار ويولج النهار في اليل وسخر الشمس والقمر كل يجري لاجل مسمى ذٰلكم الله ربكم له الملك والذين تدعون من دونه ما يملكون من قطمير,سورة فاطر,50
35,14,ان تدعوهم لا يسمعوا دعاءكم ولو سمعوا ما استجابوا لكم ويوم القيٰمة يكفرون بشرككم ولا ينبئك مثل خبير,سورة فاطر,40
35,15,يٰايها الناس انتم الفقراء الى الله والله هو الغني الحميد,سورة فاطر,62
35,16,ان يشا يذهبكم ويات بخلق جديد,سورة فاطر,19
35,17,وما ذٰلك على الله بعزيز,سورة فاطر,29
35,18,ولا تزر وازرة وزر اخرىٰ وان تدع مثقلة الىٰ حملها لا يحمل منه شيء ولو كان ذا قربىٰ انما تنذر الذين يخشون ربهم بالغيب واقاموا الصلوٰة ومن تزكىٰ فانما يتزكىٰ لنفسه والى الله المصير,سورة فاطر,48
35,19,وما يستوي الاعمىٰ والبصير,سورة فاطر,29
35,20,ولا الظلمٰت ولا النور,سورة فاطر,44
35,21,ولا الظل ولا الحرور,سورة فاطر,44
35,22,وما يستوي الاحياء ولا الاموٰت ان الله يسمع من يشاء وما انت بمسمع من في القبور,سورة فاطر,29
35,23,ان انت الا نذير,سورة فاطر,31
35,24,انا ارسلنٰك بالحق بشيرا ونذيرا وان من امة الا خلا فيها نذير,سورة فاطر,37
35,25,وان يكذبوك فقد كذب الذين من قبلهم جاءتهم رسلهم بالبينٰت وبالزبر وبالكتٰب المنير,سورة فاطر,59
35,26,ثم اخذت الذين كفروا فكيف كان نكير,سورة فاطر,69
35,27,الم تر ان الله انزل من السماء ماء فاخرجنا به ثمرٰت مختلفا الوٰنها ومن الجبال جدد بيض وحمر مختلف الوٰنها وغرابيب سود,سورة فاطر,55
35,28,ومن الناس والدواب والانعٰم مختلف الوٰنه كذٰلك انما يخشى الله من عباده العلمٰؤا ان الله عزيز غفور,سورة فاطر,3
35,29,ان الذين يتلون كتٰب الله واقاموا الصلوٰة وانفقوا مما رزقنٰهم سرا وعلانية يرجون تجٰرة لن تبور,سورة فاطر,48
35,30,ليوفيهم اجورهم ويزيدهم من فضله انه غفور شكور,سورة فاطر,36
35,31,والذي اوحينا اليك من الكتٰب هو الحق مصدقا لما بين يديه ان الله بعباده لخبير بصير,سورة فاطر,68
35,32,ثم اورثنا الكتٰب الذين اصطفينا من عبادنا فمنهم ظالم لنفسه ومنهم مقتصد ومنهم سابق بالخيرٰت باذن الله ذٰلك هو الفضل الكبير,سورة فاطر,69
35,33,جنٰت عدن يدخلونها يحلون فيها من اساور من ذهب ولؤلؤا ولباسهم فيها حرير,سورة فاطر,38
35,34,وقالوا الحمد لله الذي اذهب عنا الحزن ان ربنا لغفور شكور,سورة فاطر,0
35,35,الذي احلنا دار المقامة من فضله لا يمسنا فيها نصب ولا يمسنا فيها لغوب,سورة فاطر,38
35,36,والذين كفروا لهم نار جهنم لا يقضىٰ عليهم فيموتوا ولا يخفف عنهم من عذابها كذٰلك نجزي كل كفور,سورة فاطر,21
35,37,وهم يصطرخون فيها ربنا اخرجنا نعمل صٰلحا غير الذي كنا نعمل اولم نعمركم ما يتذكر فيه من تذكر وجاءكم النذير فذوقوا فما للظٰلمين من نصير,سورة فاطر,59
35,38,ان الله عٰلم غيب السمٰوٰت والارض انه عليم بذات الصدور,سورة فاطر,66
35,39,هو الذي جعلكم خلٰئف في الارض فمن كفر فعليه كفره ولا يزيد الكٰفرين كفرهم عند ربهم الا مقتا ولا يزيد الكٰفرين كفرهم الا خسارا,سورة فاطر,7
35,40,قل ارءيتم شركاءكم الذين تدعون من دون الله اروني ماذا خلقوا من الارض ام لهم شرك في السمٰوٰت ام ءاتينٰهم كتٰبا فهم علىٰ بينت منه بل ان يعد الظٰلمون بعضهم بعضا الا غرورا,سورة فاطر,60
35,41,ان الله يمسك السمٰوٰت والارض ان تزولا ولئن زالتا ان امسكهما من احد من بعده انه كان حليما غفورا,سورة فاطر,66
35,42,واقسموا بالله جهد ايمٰنهم لئن جاءهم نذير ليكونن اهدىٰ من احدى الامم فلما جاءهم نذير ما زادهم الا نفورا,سورة فاطر,31
35,43,استكبارا في الارض ومكر السيي ولا يحيق المكر السيئ الا باهله فهل ينظرون الا سنت الاولين فلن تجد لسنت الله تبديلا ولن تجد لسنت الله تحويلا,سورة فاطر,31
35,44,اولم يسيروا في الارض فينظروا كيف كان عٰقبة الذين من قبلهم وكانوا اشد منهم قوة وما كان الله ليعجزه من شيء في السمٰوٰت ولا في الارض انه كان عليما قديرا,سورة فاطر,51
35,45,ولو يؤاخذ الله الناس بما كسبوا ما ترك علىٰ ظهرها من دابة ولٰكن يؤخرهم الىٰ اجل مسمى فاذا جاء اجلهم فان الله كان بعباده بصيرا,سورة فاطر,46
36,0,بسم الله الرحمٰن الرحيم,سورة يس,10
36,0,سورة يس,سورة يس,6
36,1,يس,سورة يس,0
36,2,والقرءان الحكيم,سورة يس,61
36,3,انك لمن المرسلين,سورة يس,19
36,4,علىٰ صرٰط مستقيم,سورة يس,67
36,5,تنزيل العزيز الرحيم,سورة يس,61
36,6,لتنذر قوما ما انذر ءاباؤهم فهم غٰفلون,سورة يس,0
36,7,لقد حق القول علىٰ اكثرهم فهم لا يؤمنون,سورة يس,43
36,8,انا جعلنا في اعنٰقهم اغلٰلا فهي الى الاذقان فهم مقمحون,سورة يس,37
36,9,وجعلنا من بين ايديهم سدا ومن خلفهم سدا فاغشينٰهم فهم لا يبصرون,سورة يس,43
36,10,وسواء عليهم ءانذرتهم ام لم تنذرهم لا يؤمنون,سورة يس,60
36,11,انما تنذر من اتبع الذكر وخشي الرحمٰن بالغيب فبشره بمغفرة واجر كريم,سورة يس,0
36,12,انا نحن نحي الموتىٰ ونكتب ما قدموا وءاثٰرهم وكل شيء احصينٰه في امام مبين,سورة يس,37
36,13,واضرب لهم مثلا اصحٰب القرية اذ جاءها المرسلون,سورة يس,52
36,14,اذ ارسلنا اليهم اثنين فكذبوهما فعززنا بثالث فقالوا انا اليكم مرسلون,سورة يس,37
36,15,قالوا ما انتم الا بشر مثلنا وما انزل الرحمٰن من شيء ان انتم الا تكذبون,سورة يس,31
36,16,قالوا ربنا يعلم انا اليكم لمرسلون,سورة يس,37
36,17,وما علينا الا البلٰغ المبين,سورة يس,31
36,18,قالوا انا تطيرنا بكم لئن لم تنتهوا لنرجمنكم وليمسنكم منا عذاب اليم,سورة يس,37
36,19,قالوا طٰئركم معكم ائن ذكرتم بل انتم قوم مسرفون,سورة يس,9
36,20,وجاء من اقصا المدينة رجل يسعىٰ قال يٰقوم اتبعوا المرسلين,سورة يس,26
36,21,اتبعوا من لا يسلكم اجرا وهم مهتدون,سورة يس,43
36,22,ومالي لا اعبد الذي فطرني واليه ترجعون,سورة يس,43
36,23,ءاتخذ من دونه ءالهة ان يردن الرحمٰن بضر لا تغن عني شفٰعتهم شيا ولا ينقذون,سورة يس,44
36,24,اني اذا لفي ضلٰل مبين,سورة يس,12
36,25,اني ءامنت بربكم فاسمعون,سورة يس,12
36,26,قيل ادخل الجنة قال يٰليت قومي يعلمون,سورة يس,26
36,27,بما غفر لي ربي وجعلني من المكرمين,سورة يس,27
36,28,وما انزلنا علىٰ قومه من بعده من جند من السماء وما كنا منزلين,سورة يس,29
36,29,ان كانت الا صيحة وٰحدة فاذا هم خٰمدون,سورة يس,39
36,30,يٰحسرة على العباد ما ياتيهم من رسول الا كانوا به يستهزءون,سورة يس,41
36,31,الم يروا كم اهلكنا قبلهم من القرون انهم اليهم لا يرجعون,سورة يس,55
36,32,وان كل لما جميع لدينا محضرون,سورة يس,0
36,33,وءاية لهم الارض الميتة احيينٰها واخرجنا منها حبا فمنه ياكلون,سورة يس,64
36,34,وجعلنا فيها جنٰت من نخيل واعنٰب وفجرنا فيها من العيون,سورة يس,38
36,35,لياكلوا من ثمره وما عملته ايديهم افلا يشكرون,سورة يس,50
36,36,سبحٰن الذي خلق الازوٰج كلها مما تنبت الارض ومن انفسهم ومما لا يعلمون,سورة يس,5
36,37,وءاية لهم اليل نسلخ منه النهار فاذا هم مظلمون,سورة يس,48
36,38,والشمس تجري لمستقر لها ذٰلك تقدير العزيز العليم,سورة يس,39
36,39,والقمر قدرنٰه منازل حتىٰ عاد كالعرجون القديم,سورة يس,18
36,40,لا الشمس ينبغي لها ان تدرك القمر ولا اليل سابق النهار وكل في فلك يسبحون,سورة يس,39
36,41,وءاية لهم انا حملنا ذريتهم في الفلك المشحون,سورة يس,37
36,42,وخلقنا لهم من مثله ما يركبون,سورة يس,59
36,43,وان نشا نغرقهم فلا صريخ لهم ولا هم ينقذون,سورة يس,44
36,44,الا رحمة منا ومتٰعا الىٰ حين,سورة يس,31
36,45,واذا قيل لهم اتقوا ما بين ايديكم وما خلفكم لعلكم ترحمون,سورة يس,54
36,46,وما تاتيهم من ءاية من ءايٰت ربهم الا كانوا عنها معرضين,سورة يس,31
36,47,واذا قيل لهم انفقوا مما رزقكم الله قال الذين كفروا للذين ءامنوا انطعم من لو يشاء الله اطعمه ان انتم الا في ضلٰل مبين,سورة يس,54
36,48,ويقولون متىٰ هٰذا الوعد ان كنتم صٰدقين,سورة يس,1
36,49,ما ينظرون الا صيحة وٰحدة تاخذهم وهم يخصمون,سورة يس,39
36,50,فلا يستطيعون توصية ولا الىٰ اهلهم يرجعون,سورة يس,44
36,51,ونفخ في الصور فاذا هم من الاجداث الىٰ ربهم ينسلون,سورة يس,48
36,52,قالوا يٰويلنا من بعثنا من مرقدنا هٰذا ما وعد الرحمٰن وصدق المرسلون,سورة يس,20
36,53,ان كانت الا صيحة وٰحدة فاذا هم جميع لدينا محضرون,سورة يس,39
36,54,فاليوم لا تظلم نفس شيا ولا تجزون الا ما كنتم تعملون,سورة يس,44
36,55,ان اصحٰب الجنة اليوم في شغل فٰكهون,سورة يس,52
36,56,هم وازوٰجهم في ظلٰل على الارائك متكون,سورة يس,9
36,57,لهم فيها فٰكهة ولهم ما يدعون,سورة يس,38
36,58,سلٰم قولا من رب رحيم,سورة يس,59
36,59,وامتٰزوا اليوم ايها المجرمون,سورة يس,0
36,60,الم اعهد اليكم يٰبني ءادم ان لا تعبدوا الشيطٰن انه لكم عدو مبين,سورة يس,55
36,61,وان اعبدوني هٰذا صرٰط مستقيم,سورة يس,20
36,62,ولقد اضل منكم جبلا كثيرا افلم تكونوا تعقلون,سورة يس,0
36,63,هٰذه جهنم التي كنتم توعدون,سورة يس,1
36,64,اصلوها اليوم بما كنتم تكفرون,سورة يس,1
36,65,اليوم نختم علىٰ افوٰههم وتكلمنا ايديهم وتشهد ارجلهم بما كانوا يكسبون,سورة يس,27
36,66,ولو نشاء لطمسنا علىٰ اعينهم فاستبقوا الصرٰط فانىٰ يبصرون,سورة يس,18
36,67,ولو نشاء لمسخنٰهم علىٰ مكانتهم فما استطٰعوا مضيا ولا يرجعون,سورة يس,18
36,68,ومن نعمره ننكسه في الخلق افلا يعقلون,سورة يس,50
36,69,وما علمنٰه الشعر وما ينبغي له ان هو الا ذكر وقرءان مبين,سورة يس,29
36,70,لينذر من كان حيا ويحق القول على الكٰفرين,سورة يس,7
36,71,اولم يروا انا خلقنا لهم مما عملت ايدينا انعٰما فهم لها مٰلكون,سورة يس,39
36,72,وذللنٰها لهم فمنها ركوبهم ومنها ياكلون,سورة يس,23
36,73,ولهم فيها منٰفع ومشارب افلا يشكرون,سورة يس,38
36,74,واتخذوا من دون الله ءالهة لعلهم ينصرون,سورة يس,59
36,75,لا يستطيعون نصرهم وهم لهم جند محضرون,سورة يس,43
36,76,فلا يحزنك قولهم انا نعلم ما يسرون وما يعلنون,سورة يس,29
36,77,اولم ير الانسٰن انا خلقنٰه من نطفة فاذا هو خصيم مبين,سورة يس,48
36,78,وضرب لنا مثلا ونسي خلقه قال من يحي العظٰم وهي رميم,سورة يس,26
36,79,قل يحييها الذي انشاها اول مرة وهو بكل خلق عليم,سورة يس,5
36,80,الذي جعل لكم من الشجر الاخضر نارا فاذا انتم منه توقدون,سورة يس,48
36,81,اوليس الذي خلق السمٰوٰت والارض بقٰدر علىٰ ان يخلق مثلهم بلىٰ وهو الخلٰق العليم,سورة يس,66
36,82,انما امره اذا اراد شيا ان يقول له كن فيكون,سورة يس,11
36,83,فسبحٰن الذي بيده ملكوت كل شيء واليه ترجعون,سورة يس,0
37,0,سورة الصافات,سورة الصافات,6
37,0,بسم الله الرحمٰن الرحيم,سورة الصافات,10
37,1,والصٰفٰت صفا,سورة الصافات,0
37,2,فالزٰجرٰت زجرا,سورة الصافات,0
37,3,فالتٰليٰت ذكرا,سورة الصافات,0
37,4,ان الٰهكم لوٰحد,سورة الصافات,17
37,5,رب السمٰوٰت والارض وما بينهما ورب المشٰرق,سورة الصافات,66
37,6,انا زينا السماء الدنيا بزينة الكواكب,سورة الصافات,37
37,7,وحفظا من كل شيطٰن مارد,سورة الصافات,59
37,8,لا يسمعون الى الملا الاعلىٰ ويقذفون من كل جانب,سورة الصافات,43
37,9,دحورا ولهم عذاب واصب,سورة الصافات,43
37,10,الا من خطف الخطفة فاتبعه شهاب ثاقب,سورة الصافات,31
37,11,فاستفتهم اهم اشد خلقا ام من خلقنا انا خلقنٰهم من طين لازب,سورة الصافات,60
37,12,بل عجبت ويسخرون,سورة الصافات,9
37,13,واذا ذكروا لا يذكرون,سورة الصافات,54
37,14,واذا راوا ءاية يستسخرون,سورة الصافات,54
37,15,وقالوا ان هٰذا الا سحر مبين,سورة الصافات,20
37,16,اءذا متنا وكنا ترابا وعظٰما اءنا لمبعوثون,سورة الصافات,0
37,17,اوءاباؤنا الاولون,سورة الصافات,0
37,18,قل نعم وانتم دٰخرون,سورة الصافات,14
37,19,فانما هي زجرة وٰحدة فاذا هم ينظرون,سورة الصافات,48
37,20,وقالوا يٰويلنا هٰذا يوم الدين,سورة الصافات,56
37,21,هٰذا يوم الفصل الذي كنتم به تكذبون,سورة الصافات,41
37,22,احشروا الذين ظلموا وازوٰجهم وما كانوا يعبدون,سورة الصافات,29
37,23,من دون الله فاهدوهم الىٰ صرٰط الجحيم,سورة الصافات,59
37,24,وقفوهم انهم مسولون,سورة الصافات,25
37,25,ما لكم لا تناصرون,سورة الصافات,43
37,26,بل هم اليوم مستسلمون,سورة الصافات,9
37,27,واقبل بعضهم علىٰ بعض يتساءلون,سورة الصافات,67
37,28,قالوا انكم كنتم تاتوننا عن اليمين,سورة الصافات,52
37,29,قالوا بل لم تكونوا مؤمنين,سورة الصافات,9
37,30,وما كان لنا عليكم من سلطٰن بل كنتم قوما طٰغين,سورة الصافات,9
37,31,فحق علينا قول ربنا انا لذائقون,سورة الصافات,37
37,32,فاغوينٰكم انا كنا غٰوين,سورة الصافات,37
37,33,فانهم يومئذ في العذاب مشتركون,سورة الصافات,34
37,34,انا كذٰلك نفعل بالمجرمين,سورة الصافات,37
37,35,انهم كانوا اذا قيل لهم لا الٰه الا الله يستكبرون,سورة الصافات,25
37,36,ويقولون ائنا لتاركوا ءالهتنا لشاعر مجنون,سورة الصافات,0
37,37,بل جاء بالحق وصدق المرسلين,سورة الصافات,9
37,38,انكم لذائقوا العذاب الاليم,سورة الصافات,18
37,39,وما تجزون الا ما كنتم تعملون,سورة الصافات,1
37,40,الا عباد الله المخلصين,سورة الصافات,31
37,41,اولٰئك لهم رزق معلوم,سورة الصافات,63
37,42,فوٰكه وهم مكرمون,سورة الصافات,0
37,43,في جنٰت النعيم,سورة الصافات,13
37,44,علىٰ سرر متقٰبلين,سورة الصافات,67
37,45,يطاف عليهم بكاس من معين,سورة الصافات,59
37,46,بيضاء لذة للشٰربين,سورة الصافات,0
37,47,لا فيها غول ولا هم عنها ينزفون,سورة الصافات,38
37,48,وعندهم قٰصرٰت الطرف عين,سورة الصافات,0
37,49,كانهن بيض مكنون,سورة الصافات,0
37,50,فاقبل بعضهم علىٰ بعض يتساءلون,سورة الصافات,67
37,51,قال قائل منهم اني كان لي قرين,سورة الصافات,12
37,52,يقول اءنك لمن المصدقين,سورة الصافات,19
37,53,اءذا متنا وكنا ترابا وعظٰما اءنا لمدينون,سورة الصافات,0
37,54,قال هل انتم مطلعون,سورة الصافات,26
37,55,فاطلع فرءاه في سواء الجحيم,سورة الصافات,0
37,56,قال تالله ان كدت لتردين,سورة الصافات,26
37,57,ولولا نعمة ربي لكنت من المحضرين,سورة الصافات,59
37,58,افما نحن بميتين,سورة الصافات,0
37,59,الا موتتنا الاولىٰ وما نحن بمعذبين,سورة الصافات,31
37,60,ان هٰذا لهو الفوز العظيم,سورة الصافات,20
37,61,لمثل هٰذا فليعمل العٰملون,سورة الصافات,20
37,62,اذٰلك خير نزلا ام شجرة الزقوم,سورة الصافات,60
37,63,انا جعلنٰها فتنة للظٰلمين,سورة الصافات,23
37,64,انها شجرة تخرج في اصل الجحيم,سورة الصافات,0
37,65,طلعها كانه رءوس الشيٰطين,سورة الصافات,0
37,66,فانهم لاكلون منها فمالون منها البطون,سورة الصافات,64
37,67,ثم ان لهم عليها لشوبا من حميم,سورة الصافات,69
37,68,ثم ان مرجعهم لالى الجحيم,سورة الصافات,69
37,69,انهم الفوا ءاباءهم ضالين,سورة الصافات,25
37,70,فهم علىٰ ءاثٰرهم يهرعون,سورة الصافات,67
37,71,ولقد ضل قبلهم اكثر الاولين,سورة الصافات,0
37,72,ولقد ارسلنا فيهم منذرين,سورة الصافات,0
37,73,فانظر كيف كان عٰقبة المنذرين,سورة الصافات,51
37,74,الا عباد الله المخلصين,سورة الصافات,31
37,75,ولقد نادىٰنا نوح فلنعم المجيبون,سورة الصافات,0
37,76,ونجينٰه واهله من الكرب العظيم,سورة الصافات,59
37,77,وجعلنا ذريته هم الباقين,سورة الصافات,9
37,78,وتركنا عليه في الاخرين,سورة الصافات,8
37,79,سلٰم علىٰ نوح في العٰلمين,سورة الصافات,16
37,80,انا كذٰلك نجزي المحسنين,سورة الصافات,37
37,81,انه من عبادنا المؤمنين,سورة الصافات,36
37,82,ثم اغرقنا الاخرين,سورة الصافات,69
37,83,وان من شيعته لابرٰهيم,سورة الصافات,58
37,84,اذ جاء ربه بقلب سليم,سورة الصافات,0
37,85,اذ قال لابيه وقومه ماذا تعبدون,سورة الصافات,26
37,86,ائفكا ءالهة دون الله تريدون,سورة الصافات,0
37,87,فما ظنكم برب العٰلمين,سورة الصافات,16
37,88,فنظر نظرة في النجوم,سورة الصافات,0
37,89,فقال اني سقيم,سورة الصافات,12
37,90,فتولوا عنه مدبرين,سورة الصافات,15
37,91,فراغ الىٰ ءالهتهم فقال الا تاكلون,سورة الصافات,31
37,92,ما لكم لا تنطقون,سورة الصافات,43
37,93,فراغ عليهم ضربا باليمين,سورة الصافات,0
37,94,فاقبلوا اليه يزفون,سورة الصافات,0
37,95,قال اتعبدون ما تنحتون,سورة الصافات,26
37,96,والله خلقكم وما تعملون,سورة الصافات,29
37,97,قالوا ابنوا له بنيٰنا فالقوه في الجحيم,سورة الصافات,0
37,98,فارادوا به كيدا فجعلنٰهم الاسفلين,سورة الصافات,41
37,99,وقال اني ذاهب الىٰ ربي سيهدين,سورة الصافات,12
37,100,رب هب لي من الصٰلحين,سورة الصافات,59
37,101,فبشرنٰه بغلٰم حليم,سورة الصافات,0
37,102,فلما بلغ معه السعي قال يٰبني اني ارىٰ في المنام اني اذبحك فانظر ماذا ترىٰ قال يٰابت افعل ما تؤمر ستجدني ان شاء الله من الصٰبرين,سورة الصافات,12
37,103,فلما اسلما وتله للجبين,سورة الصافات,0
37,104,ونٰدينٰه ان يٰابرٰهيم,سورة الصافات,58
37,105,قد صدقت الرءيا انا كذٰلك نجزي المحسنين,سورة الصافات,37
37,106,ان هٰذا لهو البلٰؤا المبين,سورة الصافات,20
37,107,وفدينٰه بذبح عظيم,سورة الصافات,0
37,108,وتركنا عليه في الاخرين,سورة الصافات,8
37,109,سلٰم علىٰ ابرٰهيم,سورة الصافات,58
37,110,كذٰلك نجزي المحسنين,سورة الصافات,21
37,111,انه من عبادنا المؤمنين,سورة الصافات,36
37,112,وبشرنٰه باسحٰق نبيا من الصٰلحين,سورة الصافات,59
37,113,وبٰركنا عليه وعلىٰ اسحٰق ومن ذريتهما محسن وظالم لنفسه مبين,سورة الصافات,0
37,114,ولقد مننا علىٰ موسىٰ وهٰرون,سورة الصافات,67
37,115,ونجينٰهما وقومهما من الكرب العظيم,سورة الصافات,59
37,116,ونصرنٰهم فكانوا هم الغٰلبين,سورة الصافات,9
37,117,وءاتينٰهما الكتٰب المستبين,سورة الصافات,0
37,118,وهدينٰهما الصرٰط المستقيم,سورة الصافات,0
37,119,وتركنا عليهما في الاخرين,سورة الصافات,8
37,120,سلٰم علىٰ موسىٰ وهٰرون,سورة الصافات,67
37,121,انا كذٰلك نجزي المحسنين,سورة الصافات,37
37,122,انهما من عبادنا المؤمنين,سورة الصافات,59
37,123,وان الياس لمن المرسلين,سورة الصافات,19
37,124,اذ قال لقومه الا تتقون,سورة الصافات,26
37,125,اتدعون بعلا وتذرون احسن الخٰلقين,سورة الصافات,35
37,126,الله ربكم ورب ءابائكم الاولين,سورة الصافات,50
37,127,فكذبوه فانهم لمحضرون,سورة الصافات,0
37,128,الا عباد الله المخلصين,سورة الصافات,31
37,129,وتركنا عليه في الاخرين,سورة الصافات,8
37,130,سلٰم علىٰ ال ياسين,سورة الصافات,67
37,131,انا كذٰلك نجزي المحسنين,سورة الصافات,37
37,132,انه من عبادنا المؤمنين,سورة الصافات,36
37,133,وان لوطا لمن المرسلين,سورة الصافات,19
37,134,اذ نجينٰه واهله اجمعين,سورة الصافات,57
37,135,الا عجوزا في الغٰبرين,سورة الصافات,31
37,136,ثم دمرنا الاخرين,سورة الصافات,69
37,137,وانكم لتمرون عليهم مصبحين,سورة الصافات,0
37,138,وباليل افلا تعقلون,سورة الصافات,50
37,139,وان يونس لمن المرسلين,سورة الصافات,19
37,140,اذ ابق الى الفلك المشحون,سورة الصافات,0
37,141,فساهم فكان من المدحضين,سورة الصافات,59
37,142,فالتقمه الحوت وهو مليم,سورة الصافات,49
37,143,فلولا انه كان من المسبحين,سورة الصافات,36
37,144,للبث في بطنه الىٰ يوم يبعثون,سورة الصافات,56
37,145,فنبذنٰه بالعراء وهو سقيم,سورة الصافات,49
37,146,وانبتنا عليه شجرة من يقطين,سورة الصافات,59
37,147,وارسلنٰه الىٰ مائة الف او يزيدون,سورة الصافات,30
37,148,فامنوا فمتعنٰهم الىٰ حين,سورة الصافات,9
37,149,فاستفتهم الربك البنات ولهم البنون,سورة الصافات,0
37,150,ام خلقنا الملٰئكة انٰثا وهم شٰهدون,سورة الصافات,60
37,151,الا انهم من افكهم ليقولون,سورة الصافات,25
37,152,ولد الله وانهم لكٰذبون,سورة الصافات,21
37,153,اصطفى البنات على البنين,سورة الصافات,67
37,154,ما لكم كيف تحكمون,سورة الصافات,51
37,155,افلا تذكرون,سورة الصافات,50
37,156,ام لكم سلطٰن مبين,سورة الصافات,60
37,157,فاتوا بكتٰبكم ان كنتم صٰدقين,سورة الصافات,1
37,158,وجعلوا بينه وبين الجنة نسبا ولقد علمت الجنة انهم لمحضرون,سورة الصافات,25
37,159,سبحٰن الله عما يصفون,سورة الصافات,3
37,160,الا عباد الله المخلصين,سورة الصافات,31
37,161,فانكم وما تعبدون,سورة الصافات,29
37,162,ما انتم عليه بفٰتنين,سورة الصافات,0
37,163,الا من هو صال الجحيم,سورة الصافات,31
37,164,ومامنا الا له مقام معلوم,سورة الصافات,24
37,165,وانا لنحن الصافون,سورة الصافات,0
37,166,وانا لنحن المسبحون,سورة الصافات,0
37,167,وان كانوا ليقولون,سورة الصافات,27
37,168,لو ان عندنا ذكرا من الاولين,سورة الصافات,59
37,169,لكنا عباد الله المخلصين,سورة الصافات,3
37,170,فكفروا به فسوف يعلمون,سورة الصافات,41
37,171,ولقد سبقت كلمتنا لعبادنا المرسلين,سورة الصافات,0
37,172,انهم لهم المنصورون,سورة الصافات,25
37,173,وان جندنا لهم الغٰلبون,سورة الصافات,0
37,174,فتول عنهم حتىٰ حين,سورة الصافات,18
37,175,وابصرهم فسوف يبصرون,سورة الصافات,0
37,176,افبعذابنا يستعجلون,سورة الصافات,0
37,177,فاذا نزل بساحتهم فساء صباح المنذرين,سورة الصافات,48
37,178,وتول عنهم حتىٰ حين,سورة الصافات,18
37,179,وابصر فسوف يبصرون,سورة الصافات,0
37,180,سبحٰن ربك رب العزة عما يصفون,سورة الصافات,4
37,181,وسلٰم على المرسلين,سورة الصافات,67
37,182,والحمد لله رب العٰلمين,سورة الصافات,16
38,0,سورة ص,سورة ص,6
38,0,بسم الله الرحمٰن الرحيم,سورة ص,10
38,1,ص والقرءان ذي الذكر,سورة ص,0
38,2,بل الذين كفروا في عزة وشقاق,سورة ص,9
38,3,كم اهلكنا من قبلهم من قرن فنادوا ولات حين مناص,سورة ص,24
38,4,وعجبوا ان جاءهم منذر منهم وقال الكٰفرون هٰذا سٰحر كذاب,سورة ص,20
38,5,اجعل الالهة الٰها وٰحدا ان هٰذا لشيء عجاب,سورة ص,23
38,6,وانطلق الملا منهم ان امشوا واصبروا علىٰ ءالهتكم ان هٰذا لشيء يراد,سورة ص,20
38,7,ما سمعنا بهٰذا في الملة الاخرة ان هٰذا الا اختلٰق,سورة ص,20
38,8,اءنزل عليه الذكر من بيننا بل هم في شك من ذكري بل لما يذوقوا عذاب,سورة ص,9
38,9,ام عندهم خزائن رحمة ربك العزيز الوهاب,سورة ص,60
38,10,ام لهم ملك السمٰوٰت والارض وما بينهما فليرتقوا في الاسبٰب,سورة ص,66
38,11,جند ما هنالك مهزوم من الاحزاب,سورة ص,59
38,12,كذبت قبلهم قوم نوح وعاد وفرعون ذو الاوتاد,سورة ص,0
38,13,وثمود وقوم لوط واصحٰب ليكة اولٰئك الاحزاب,سورة ص,63
38,14,ان كل الا كذب الرسل فحق عقاب,سورة ص,31
38,15,وما ينظر هٰؤلاء الا صيحة وٰحدة ما لها من فواق,سورة ص,39
38,16,وقالوا ربنا عجل لنا قطنا قبل يوم الحساب,سورة ص,56
38,17,اصبر علىٰ ما يقولون واذكر عبدنا داود ذا الايد انه اواب,سورة ص,36
38,18,انا سخرنا الجبال معه يسبحن بالعشي والاشراق,سورة ص,37
38,19,والطير محشورة كل له اواب,سورة ص,0
38,20,وشددنا ملكه وءاتينٰه الحكمة وفصل الخطاب,سورة ص,0
38,21,وهل اتىٰك نبؤا الخصم اذ تسوروا المحراب,سورة ص,0
38,22,اذ دخلوا علىٰ داود ففزع منهم قالوا لا تخف خصمان بغىٰ بعضنا علىٰ بعض فاحكم بيننا بالحق ولا تشطط واهدنا الىٰ سواء الصرٰط,سورة ص,67
38,23,ان هٰذا اخي له تسع وتسعون نعجة ولي نعجة وٰحدة فقال اكفلنيها وعزني في الخطاب,سورة ص,20
38,24,قال لقد ظلمك بسؤال نعجتك الىٰ نعاجه وان كثيرا من الخلطاء ليبغي بعضهم علىٰ بعض الا الذين ءامنوا وعملوا الصٰلحٰت وقليل ما هم وظن داود انما فتنٰه فاستغفر ربه وخر راكعا واناب,سورة ص,67
38,25,فغفرنا له ذٰلك وان له عندنا لزلفىٰ وحسن ماب,سورة ص,21
38,26,يٰداود انا جعلنٰك خليفة في الارض فاحكم بين الناس بالحق ولا تتبع الهوىٰ فيضلك عن سبيل الله ان الذين يضلون عن سبيل الله لهم عذاب شديد بما نسوا يوم الحساب,سورة ص,43
38,27,وما خلقنا السماء والارض وما بينهما بٰطلا ذٰلك ظن الذين كفروا فويل للذين كفروا من النار,سورة ص,29
38,28,ام نجعل الذين ءامنوا وعملوا الصٰلحٰت كالمفسدين في الارض ام نجعل المتقين كالفجار,سورة ص,2
38,29,كتٰب انزلنٰه اليك مبٰرك ليدبروا ءايٰته وليتذكر اولوا الالبٰب,سورة ص,0
38,30,ووهبنا لداود سليمٰن نعم العبد انه اواب,سورة ص,36
38,31,اذ عرض عليه بالعشي الصٰفنٰت الجياد,سورة ص,0
38,32,فقال اني احببت حب الخير عن ذكر ربي حتىٰ توارت بالحجاب,سورة ص,12
38,33,ردوها علي فطفق مسحا بالسوق والاعناق,سورة ص,0
38,34,ولقد فتنا سليمٰن والقينا علىٰ كرسيه جسدا ثم اناب,سورة ص,69
38,35,قال رب اغفر لي وهب لي ملكا لا ينبغي لاحد من بعدي انك انت الوهاب,سورة ص,26
38,36,فسخرنا له الريح تجري بامره رخاء حيث اصاب,سورة ص,0
38,37,والشيٰطين كل بناء وغواص,سورة ص,0
38,38,وءاخرين مقرنين في الاصفاد,سورة ص,0
38,39,هٰذا عطاؤنا فامنن او امسك بغير حساب,سورة ص,20
38,40,وان له عندنا لزلفىٰ وحسن ماب,سورة ص,0
38,41,واذكر عبدنا ايوب اذ نادىٰ ربه اني مسني الشيطٰن بنصب وعذاب,سورة ص,12
38,42,اركض برجلك هٰذا مغتسل بارد وشراب,سورة ص,20
38,43,ووهبنا له اهله ومثلهم معهم رحمة منا وذكرىٰ لاولي الالبٰب,سورة ص,0
38,44,وخذ بيدك ضغثا فاضرب به ولا تحنث انا وجدنٰه صابرا نعم العبد انه اواب,سورة ص,44
38,45,واذكر عبٰدنا ابرٰهيم واسحٰق ويعقوب اولي الايدي والابصٰر,سورة ص,58
38,46,انا اخلصنٰهم بخالصة ذكرى الدار,سورة ص,37
38,47,وانهم عندنا لمن المصطفين الاخيار,سورة ص,19
38,48,واذكر اسمٰعيل واليسع وذا الكفل وكل من الاخيار,سورة ص,59
38,49,هٰذا ذكر وان للمتقين لحسن ماب,سورة ص,20
38,50,جنٰت عدن مفتحة لهم الابوٰب,سورة ص,13
38,51,متكين فيها يدعون فيها بفٰكهة كثيرة وشراب,سورة ص,38
38,52,وعندهم قٰصرٰت الطرف اتراب,سورة ص,0
38,53,هٰذا ما توعدون ليوم الحساب,سورة ص,20
38,54,ان هٰذا لرزقنا ما له من نفاد,سورة ص,20
38,55,هٰذا وان للطٰغين لشر ماب,سورة ص,20
38,56,جهنم يصلونها فبئس المهاد,سورة ص,45
38,57,هٰذا فليذوقوه حميم وغساق,سورة ص,20
38,58,وءاخر من شكله ازوٰج,سورة ص,59
38,59,هٰذا فوج مقتحم معكم لا مرحبا بهم انهم صالوا النار,سورة ص,25
38,60,قالوا بل انتم لا مرحبا بكم انتم قدمتموه لنا فبئس القرار,سورة ص,9
38,61,قالوا ربنا من قدم لنا هٰذا فزده عذابا ضعفا في النار,سورة ص,20
38,62,وقالوا ما لنا لا نرىٰ رجالا كنا نعدهم من الاشرار,سورة ص,59
38,63,اتخذنٰهم سخريا ام زاغت عنهم الابصٰر,سورة ص,60
38,64,ان ذٰلك لحق تخاصم اهل النار,سورة ص,21
38,65,قل انما انا منذر وما من الٰه الا الله الوٰحد القهار,سورة ص,17
38,66,رب السمٰوٰت والارض وما بينهما العزيز الغفٰر,سورة ص,66
38,67,قل هو نبؤا عظيم,سورة ص,17
38,68,انتم عنه معرضون,سورة ص,15
38,69,ما كان لي من علم بالملا الاعلىٰ اذ يختصمون,سورة ص,15
38,70,ان يوحىٰ الي الا انما انا نذير مبين,سورة ص,37
38,71,اذ قال ربك للملٰئكة اني خٰلق بشرا من طين,سورة ص,12
38,72,فاذا سويته ونفخت فيه من روحي فقعوا له سٰجدين,سورة ص,48
38,73,فسجد الملٰئكة كلهم اجمعون,سورة ص,0
38,74,الا ابليس استكبر وكان من الكٰفرين,سورة ص,7
38,75,قال يٰابليس ما منعك ان تسجد لما خلقت بيدي استكبرت ام كنت من العالين,سورة ص,60
38,76,قال انا خير منه خلقتني من نار وخلقته من طين,سورة ص,37
38,77,قال فاخرج منها فانك رجيم,سورة ص,64
38,78,وان عليك لعنتي الىٰ يوم الدين,سورة ص,56
38,79,قال رب فانظرني الىٰ يوم يبعثون,سورة ص,56
38,80,قال فانك من المنظرين,سورة ص,26
38,81,الىٰ يوم الوقت المعلوم,سورة ص,56
38,82,قال فبعزتك لاغوينهم اجمعين,سورة ص,57
38,83,الا عبادك منهم المخلصين,سورة ص,31
38,84,قال فالحق والحق اقول,سورة ص,26
38,85,لاملان جهنم منك وممن تبعك منهم اجمعين,سورة ص,57
38,86,قل ما اسلكم عليه من اجر وما انا من المتكلفين,سورة ص,29
38,87,ان هو الا ذكر للعٰلمين,سورة ص,31
38,88,ولتعلمن نباه بعد حين,سورة ص,0
39,0,سورة الزمر,سورة الزمر,6
39,0,بسم الله الرحمٰن الرحيم,سورة الزمر,10
39,1,تنزيل الكتٰب من الله العزيز الحكيم,سورة الزمر,61
39,2,انا انزلنا اليك الكتٰب بالحق فاعبد الله مخلصا له الدين,سورة الزمر,37
39,3,الا لله الدين الخالص والذين اتخذوا من دونه اولياء ما نعبدهم الا ليقربونا الى الله زلفىٰ ان الله يحكم بينهم في ما هم فيه يختلفون ان الله لا يهدي من هو كٰذب كفار,سورة الزمر,31
39,4,لو اراد الله ان يتخذ ولدا لاصطفىٰ مما يخلق ما يشاء سبحٰنه هو الله الوٰحد القهار,سورة الزمر,3
39,5,خلق السمٰوٰت والارض بالحق يكور اليل على النهار ويكور النهار على اليل وسخر الشمس والقمر كل يجري لاجل مسمى الا هو العزيز الغفٰر,سورة الزمر,66
39,6,خلقكم من نفس وٰحدة ثم جعل منها زوجها وانزل لكم من الانعٰم ثمٰنية ازوٰج يخلقكم في بطون امهٰتكم خلقا من بعد خلق في ظلمٰت ثلٰث ذٰلكم الله ربكم له الملك لا الٰه الا هو فانىٰ تصرفون,سورة الزمر,50
39,7,ان تكفروا فان الله غني عنكم ولا يرضىٰ لعباده الكفر وان تشكروا يرضه لكم ولا تزر وازرة وزر اخرىٰ ثم الىٰ ربكم مرجعكم فينبئكم بما كنتم تعملون انه عليم بذات الصدور,سورة الزمر,44
39,8,واذا مس الانسٰن ضر دعا ربه منيبا اليه ثم اذا خوله نعمة منه نسي ما كان يدعوا اليه من قبل وجعل لله اندادا ليضل عن سبيله قل تمتع بكفرك قليلا انك من اصحٰب النار,سورة الزمر,11
39,9,امن هو قٰنت ءاناء اليل ساجدا وقائما يحذر الاخرة ويرجوا رحمة ربه قل هل يستوي الذين يعلمون والذين لا يعلمون انما يتذكر اولوا الالبٰب,سورة الزمر,17
39,10,قل يٰعباد الذين ءامنوا اتقوا ربكم للذين احسنوا في هٰذه الدنيا حسنة وارض الله وٰسعة انما يوفى الصٰبرون اجرهم بغير حساب,سورة الزمر,62
39,11,قل اني امرت ان اعبد الله مخلصا له الدين,سورة الزمر,12
39,12,وامرت لان اكون اول المسلمين,سورة الزمر,63
39,13,قل اني اخاف ان عصيت ربي عذاب يوم عظيم,سورة الزمر,12
39,14,قل الله اعبد مخلصا له ديني,سورة الزمر,17
39,15,فاعبدوا ما شئتم من دونه قل ان الخٰسرين الذين خسروا انفسهم واهليهم يوم القيٰمة الا ذٰلك هو الخسران المبين,سورة الزمر,40
39,16,لهم من فوقهم ظلل من النار ومن تحتهم ظلل ذٰلك يخوف الله به عباده يٰعباد فاتقون,سورة الزمر,41
39,17,والذين اجتنبوا الطٰغوت ان يعبدوها وانابوا الى الله لهم البشرىٰ فبشر عباد,سورة الزمر,43
39,18,الذين يستمعون القول فيتبعون احسنه اولٰئك الذين هدىٰهم الله واولٰئك هم اولوا الالبٰب,سورة الزمر,63
39,19,افمن حق عليه كلمة العذاب افانت تنقذ من في النار,سورة الزمر,18
39,20,لٰكن الذين اتقوا ربهم لهم غرف من فوقها غرف مبنية تجري من تحتها الانهٰر وعد الله لا يخلف الله الميعاد,سورة الزمر,43
39,21,الم تر ان الله انزل من السماء ماء فسلكه ينٰبيع في الارض ثم يخرج به زرعا مختلفا الوٰنه ثم يهيج فترىٰه مصفرا ثم يجعله حطٰما ان في ذٰلك لذكرىٰ لاولي الالبٰب,سورة الزمر,69
39,22,افمن شرح الله صدره للاسلٰم فهو علىٰ نور من ربه فويل للقٰسية قلوبهم من ذكر الله اولٰئك في ضلٰل مبين,سورة الزمر,63
39,23,الله نزل احسن الحديث كتٰبا متشٰبها مثاني تقشعر منه جلود الذين يخشون ربهم ثم تلين جلودهم وقلوبهم الىٰ ذكر الله ذٰلك هدى الله يهدي به من يشاء ومن يضلل الله فما له من هاد,سورة الزمر,3
39,24,افمن يتقي بوجهه سوء العذاب يوم القيٰمة وقيل للظٰلمين ذوقوا ما كنتم تكسبون,سورة الزمر,40
39,25,كذب الذين من قبلهم فاتىٰهم العذاب من حيث لا يشعرون,سورة الزمر,43
39,26,فاذاقهم الله الخزي في الحيوٰة الدنيا ولعذاب الاخرة اكبر لو كانوا يعلمون,سورة الزمر,8
39,27,ولقد ضربنا للناس في هٰذا القرءان من كل مثل لعلهم يتذكرون,سورة الزمر,20
39,28,قرءانا عربيا غير ذي عوج لعلهم يتقون,سورة الزمر,0
39,29,ضرب الله مثلا رجلا فيه شركاء متشٰكسون ورجلا سلما لرجل هل يستويان مثلا الحمد لله بل اكثرهم لا يعلمون,سورة الزمر,0
39,30,انك ميت وانهم ميتون,سورة الزمر,0
39,31,ثم انكم يوم القيٰمة عند ربكم تختصمون,سورة الزمر,40
39,32,فمن اظلم ممن كذب على الله وكذب بالصدق اذ جاءه اليس في جهنم مثوى للكٰفرين,سورة الزمر,53
39,33,والذي جاء بالصدق وصدق به اولٰئك هم المتقون,سورة الزمر,63
39,34,لهم ما يشاءون عند ربهم ذٰلك جزاء المحسنين,سورة الزمر,21
39,35,ليكفر الله عنهم اسوا الذي عملوا ويجزيهم اجرهم باحسن الذي كانوا يعملون,سورة الزمر,27
39,36,اليس الله بكاف عبده ويخوفونك بالذين من دونه ومن يضلل الله فما له من هاد,سورة الزمر,3
39,37,ومن يهد الله فما له من مضل اليس الله بعزيز ذي انتقام,سورة الزمر,3
39,38,ولئن سالتهم من خلق السمٰوٰت والارض ليقولن الله قل افرءيتم ما تدعون من دون الله ان ارادني الله بضر هل هن كٰشفٰت ضره او ارادني برحمة هل هن ممسكٰت رحمته قل حسبي الله عليه يتوكل المتوكلون,سورة الزمر,66
39,39,قل يٰقوم اعملوا علىٰ مكانتكم اني عٰمل فسوف تعلمون,سورة الزمر,12
39,40,من ياتيه عذاب يخزيه ويحل عليه عذاب مقيم,سورة الزمر,43
39,41,انا انزلنا عليك الكتٰب للناس بالحق فمن اهتدىٰ فلنفسه ومن ضل فانما يضل عليها وما انت عليهم بوكيل,سورة الزمر,37
39,42,الله يتوفى الانفس حين موتها والتي لم تمت في منامها فيمسك التي قضىٰ عليها الموت ويرسل الاخرىٰ الىٰ اجل مسمى ان في ذٰلك لايٰت لقوم يتفكرون,سورة الزمر,21
39,43,ام اتخذوا من دون الله شفعاء قل اولو كانوا لا يملكون شيا ولا يعقلون,سورة الزمر,60
39,44,قل لله الشفٰعة جميعا له ملك السمٰوٰت والارض ثم اليه ترجعون,سورة الزمر,66
39,45,واذا ذكر الله وحده اشمازت قلوب الذين لا يؤمنون بالاخرة واذا ذكر الذين من دونه اذا هم يستبشرون,سورة الزمر,54
39,46,قل اللهم فاطر السمٰوٰت والارض عٰلم الغيب والشهٰدة انت تحكم بين عبادك في ما كانوا فيه يختلفون,سورة الزمر,47
39,47,ولو ان للذين ظلموا ما في الارض جميعا ومثله معه لافتدوا به من سوء العذاب يوم القيٰمة وبدا لهم من الله ما لم يكونوا يحتسبون,سورة الزمر,40
39,48,وبدا لهم سيات ما كسبوا وحاق بهم ما كانوا به يستهزءون,سورة الزمر,41
39,49,فاذا مس الانسٰن ضر دعانا ثم اذا خولنٰه نعمة منا قال انما اوتيته علىٰ علم بل هي فتنة ولٰكن اكثرهم لا يعلمون,سورة الزمر,46
39,50,قد قالها الذين من قبلهم فما اغنىٰ عنهم ما كانوا يكسبون,سورة الزمر,27
39,51,فاصابهم سيات ما كسبوا والذين ظلموا من هٰؤلاء سيصيبهم سيات ما كسبوا وما هم بمعجزين,سورة الزمر,29
39,52,اولم يعلموا ان الله يبسط الرزق لمن يشاء ويقدر ان في ذٰلك لايٰت لقوم يؤمنون,سورة الزمر,21
39,53,قل يٰعبادي الذين اسرفوا علىٰ انفسهم لا تقنطوا من رحمة الله ان الله يغفر الذنوب جميعا انه هو الغفور الرحيم,سورة الزمر,43
39,54,وانيبوا الىٰ ربكم واسلموا له من قبل ان ياتيكم العذاب ثم لا تنصرون,سورة الزمر,50
39,55,واتبعوا احسن ما انزل اليكم من ربكم من قبل ان ياتيكم العذاب بغتة وانتم لا تشعرون,سورة الزمر,50
39,56,ان تقول نفس يٰحسرتىٰ علىٰ ما فرطت في جنب الله وان كنت لمن السٰخرين,سورة الزمر,19
39,57,او تقول لو ان الله هدىٰني لكنت من المتقين,سورة الزمر,30
39,58,او تقول حين ترى العذاب لو ان لي كرة فاكون من المحسنين,سورة الزمر,30
39,59,بلىٰ قد جاءتك ءايٰتي فكذبت بها واستكبرت وكنت من الكٰفرين,سورة الزمر,7
39,60,ويوم القيٰمة ترى الذين كذبوا على الله وجوههم مسودة اليس في جهنم مثوى للمتكبرين,سورة الزمر,40
39,61,وينجي الله الذين اتقوا بمفازتهم لا يمسهم السوء ولا هم يحزنون,سورة الزمر,44
39,62,الله خٰلق كل شيء وهو علىٰ كل شيء وكيل,سورة الزمر,49
39,63,له مقاليد السمٰوٰت والارض والذين كفروا بايٰت الله اولٰئك هم الخٰسرون,سورة الزمر,35
39,64,قل افغير الله تامروني اعبد ايها الجٰهلون,سورة الزمر,62
39,65,ولقد اوحي اليك والى الذين من قبلك لئن اشركت ليحبطن عملك ولتكونن من الخٰسرين,سورة الزمر,59
39,66,بل الله فاعبد وكن من الشٰكرين,سورة الزمر,9
39,67,وما قدروا الله حق قدره والارض جميعا قبضته يوم القيٰمة والسمٰوٰت مطويٰت بيمينه سبحٰنه وتعٰلىٰ عما يشركون,سورة الزمر,40
39,68,ونفخ في الصور فصعق من في السمٰوٰت ومن في الارض الا من شاء الله ثم نفخ فيه اخرىٰ فاذا هم قيام ينظرون,سورة الزمر,8
39,69,واشرقت الارض بنور ربها ووضع الكتٰب وجايء بالنبين والشهداء وقضي بينهم بالحق وهم لا يظلمون,سورة الزمر,43
39,70,ووفيت كل نفس ما عملت وهو اعلم بما يفعلون,سورة الزمر,27
39,71,وسيق الذين كفروا الىٰ جهنم زمرا حتىٰ اذا جاءوها فتحت ابوٰبها وقال لهم خزنتها الم ياتكم رسل منكم يتلون عليكم ءايٰت ربكم وينذرونكم لقاء يومكم هٰذا قالوا بلىٰ ولٰكن حقت كلمة العذاب على الكٰفرين,سورة الزمر,11
39,72,قيل ادخلوا ابوٰب جهنم خٰلدين فيها فبئس مثوى المتكبرين,سورة الزمر,38
39,73,وسيق الذين اتقوا ربهم الى الجنة زمرا حتىٰ اذا جاءوها وفتحت ابوٰبها وقال لهم خزنتها سلٰم عليكم طبتم فادخلوها خٰلدين,سورة الزمر,11
39,74,وقالوا الحمد لله الذي صدقنا وعده واورثنا الارض نتبوا من الجنة حيث نشاء فنعم اجر العٰملين,سورة الزمر,0
39,75,وترى الملٰئكة حافين من حول العرش يسبحون بحمد ربهم وقضي بينهم بالحق وقيل الحمد لله رب العٰلمين,سورة الزمر,16
40,0,سورة غافر,سورة غافر,6
40,0,بسم الله الرحمٰن الرحيم,سورة غافر,10
40,1,حم,سورة غافر,0
40,2,تنزيل الكتٰب من الله العزيز العليم,سورة غافر,61
40,3,غافر الذنب وقابل التوب شديد العقاب ذي الطول لا الٰه الا هو اليه المصير,سورة غافر,31
40,4,ما يجٰدل في ءايٰت الله الا الذين كفروا فلا يغررك تقلبهم في البلٰد,سورة غافر,8
40,5,كذبت قبلهم قوم نوح والاحزاب من بعدهم وهمت كل امة برسولهم لياخذوه وجٰدلوا بالبٰطل ليدحضوا به الحق فاخذتهم فكيف كان عقاب,سورة غافر,41
40,6,وكذٰلك حقت كلمت ربك على الذين كفروا انهم اصحٰب النار,سورة غافر,25
40,7,الذين يحملون العرش ومن حوله يسبحون بحمد ربهم ويؤمنون به ويستغفرون للذين ءامنوا ربنا وسعت كل شيء رحمة وعلما فاغفر للذين تابوا واتبعوا سبيلك وقهم عذاب الجحيم,سورة غافر,0
40,8,ربنا وادخلهم جنٰت عدن التي وعدتهم ومن صلح من ءابائهم وازوٰجهم وذريٰتهم انك انت العزيز الحكيم,سورة غافر,61
40,9,وقهم السيات ومن تق السيات يومئذ فقد رحمته وذٰلك هو الفوز العظيم,سورة غافر,21
40,10,ان الذين كفروا ينادون لمقت الله اكبر من مقتكم انفسكم اذ تدعون الى الايمٰن فتكفرون,سورة غافر,43
40,11,قالوا ربنا امتنا اثنتين واحييتنا اثنتين فاعترفنا بذنوبنا فهل الىٰ خروج من سبيل,سورة غافر,59
40,12,ذٰلكم بانه اذا دعي الله وحده كفرتم وان يشرك به تؤمنوا فالحكم لله العلي الكبير,سورة غافر,41
40,13,هو الذي يريكم ءايٰته وينزل لكم من السماء رزقا وما يتذكر الا من ينيب,سورة غافر,31
40,14,فادعوا الله مخلصين له الدين ولو كره الكٰفرون,سورة غافر,18
40,15,رفيع الدرجٰت ذو العرش يلقي الروح من امره علىٰ من يشاء من عباده لينذر يوم التلاق,سورة غافر,59
40,16,يوم هم بٰرزون لا يخفىٰ على الله منهم شيء لمن الملك اليوم لله الوٰحد القهار,سورة غافر,56
40,17,اليوم تجزىٰ كل نفس بما كسبت لا ظلم اليوم ان الله سريع الحساب,سورة غافر,27
40,18,وانذرهم يوم الازفة اذ القلوب لدى الحناجر كٰظمين ما للظٰلمين من حميم ولا شفيع يطاع,سورة غافر,44
40,19,يعلم خائنة الاعين وما تخفي الصدور,سورة غافر,29
40,20,والله يقضي بالحق والذين يدعون من دونه لا يقضون بشيء ان الله هو السميع البصير,سورة غافر,43
40,21,اولم يسيروا في الارض فينظروا كيف كان عٰقبة الذين كانوا من قبلهم كانوا هم اشد منهم قوة وءاثارا في الارض فاخذهم الله بذنوبهم وما كان لهم من الله من واق,سورة غافر,51
40,22,ذٰلك بانهم كانت تاتيهم رسلهم بالبينٰت فكفروا فاخذهم الله انه قوي شديد العقاب,سورة غافر,3
40,23,ولقد ارسلنا موسىٰ بايٰتنا وسلطٰن مبين,سورة غافر,28
40,24,الىٰ فرعون وهٰمٰن وقٰرون فقالوا سٰحر كذاب,سورة غافر,42
40,25,فلما جاءهم بالحق من عندنا قالوا اقتلوا ابناء الذين ءامنوا معه واستحيوا نساءهم وما كيد الكٰفرين الا في ضلٰل,سورة غافر,7
40,26,وقال فرعون ذروني اقتل موسىٰ وليدع ربه اني اخاف ان يبدل دينكم او ان يظهر في الارض الفساد,سورة غافر,42
40,27,وقال موسىٰ اني عذت بربي وربكم من كل متكبر لا يؤمن بيوم الحساب,سورة غافر,12
40,28,وقال رجل مؤمن من ءال فرعون يكتم ايمٰنه اتقتلون رجلا ان يقول ربي الله وقد جاءكم بالبينٰت من ربكم وان يك كٰذبا فعليه كذبه وان يك صادقا يصبكم بعض الذي يعدكم ان الله لا يهدي من هو مسرف كذاب,سورة غافر,50
40,29,يٰقوم لكم الملك اليوم ظٰهرين في الارض فمن ينصرنا من باس الله ان جاءنا قال فرعون ما اريكم الا ما ارىٰ وما اهديكم الا سبيل الرشاد,سورة غافر,31
40,30,وقال الذي ءامن يٰقوم اني اخاف عليكم مثل يوم الاحزاب,سورة غافر,12
40,31,مثل داب قوم نوح وعاد وثمود والذين من بعدهم وما الله يريد ظلما للعباد,سورة غافر,59
40,32,ويٰقوم اني اخاف عليكم يوم التناد,سورة غافر,12
40,33,يوم تولون مدبرين ما لكم من الله من عاصم ومن يضلل الله فما له من هاد,سورة غافر,3
40,34,ولقد جاءكم يوسف من قبل بالبينٰت فما زلتم في شك مما جاءكم به حتىٰ اذا هلك قلتم لن يبعث الله من بعده رسولا كذٰلك يضل الله من هو مسرف مرتاب,سورة غافر,59
40,35,الذين يجٰدلون في ءايٰت الله بغير سلطٰن اتىٰهم كبر مقتا عند الله وعند الذين ءامنوا كذٰلك يطبع الله علىٰ كل قلب متكبر جبار,سورة غافر,62
40,36,وقال فرعون يٰهٰمٰن ابن لي صرحا لعلي ابلغ الاسبٰب,سورة غافر,42
40,37,اسبٰب السمٰوٰت فاطلع الىٰ الٰه موسىٰ واني لاظنه كٰذبا وكذٰلك زين لفرعون سوء عمله وصد عن السبيل وما كيد فرعون الا في تباب,سورة غافر,42
40,38,وقال الذي ءامن يٰقوم اتبعون اهدكم سبيل الرشاد,سورة غافر,0
40,39,يٰقوم انما هٰذه الحيوٰة الدنيا متٰع وان الاخرة هي دار القرار,سورة غافر,17
40,40,من عمل سيئة فلا يجزىٰ الا مثلها ومن عمل صٰلحا من ذكر او انثىٰ وهو مؤمن فاولٰئك يدخلون الجنة يرزقون فيها بغير حساب,سورة غافر,32
40,41,ويٰقوم ما لي ادعوكم الى النجوٰة وتدعونني الى النار,سورة غافر,0
40,42,تدعونني لاكفر بالله واشرك به ما ليس لي به علم وانا ادعوكم الى العزيز الغفٰر,سورة غافر,15
40,43,لا جرم انما تدعونني اليه ليس له دعوة في الدنيا ولا في الاخرة وان مردنا الى الله وان المسرفين هم اصحٰب النار,سورة غافر,8
40,44,فستذكرون ما اقول لكم وافوض امري الى الله ان الله بصير بالعباد,سورة غافر,3
40,45,فوقىٰه الله سيات ما مكروا وحاق بال فرعون سوء العذاب,سورة غافر,42
40,46,النار يعرضون عليها غدوا وعشيا ويوم تقوم الساعة ادخلوا ءال فرعون اشد العذاب,سورة غافر,42
40,47,واذ يتحاجون في النار فيقول الضعفٰؤا للذين استكبروا انا كنا لكم تبعا فهل انتم مغنون عنا نصيبا من النار,سورة غافر,37
40,48,قال الذين استكبروا انا كل فيها ان الله قد حكم بين العباد,سورة غافر,38
40,49,وقال الذين في النار لخزنة جهنم ادعوا ربكم يخفف عنا يوما من العذاب,سورة غافر,50
40,50,قالوا اولم تك تاتيكم رسلكم بالبينٰت قالوا بلىٰ قالوا فادعوا وما دعٰؤا الكٰفرين الا في ضلٰل,سورة غافر,7
40,51,انا لننصر رسلنا والذين ءامنوا في الحيوٰة الدنيا ويوم يقوم الاشهٰد,سورة غافر,37
40,52,يوم لا ينفع الظٰلمين معذرتهم ولهم اللعنة ولهم سوء الدار,سورة غافر,56
40,53,ولقد ءاتينا موسى الهدىٰ واورثنا بني اسرٰءيل الكتٰب,سورة غافر,0
40,54,هدى وذكرىٰ لاولي الالبٰب,سورة غافر,0
40,55,فاصبر ان وعد الله حق واستغفر لذنبك وسبح بحمد ربك بالعشي والابكٰر,سورة غافر,4
40,56,ان الذين يجٰدلون في ءايٰت الله بغير سلطٰن اتىٰهم ان في صدورهم الا كبر ما هم ببٰلغيه فاستعذ بالله انه هو السميع البصير,سورة غافر,8
40,57,لخلق السمٰوٰت والارض اكبر من خلق الناس ولٰكن اكثر الناس لا يعلمون,سورة غافر,46
40,58,وما يستوي الاعمىٰ والبصير والذين ءامنوا وعملوا الصٰلحٰت ولا المسيء قليلا ما تتذكرون,سورة غافر,2
40,59,ان الساعة لاتية لا ريب فيها ولٰكن اكثر الناس لا يؤمنون,سورة غافر,46
40,60,وقال ربكم ادعوني استجب لكم ان الذين يستكبرون عن عبادتي سيدخلون جهنم داخرين,سورة غافر,50
40,61,الله الذي جعل لكم اليل لتسكنوا فيه والنهار مبصرا ان الله لذو فضل على الناس ولٰكن اكثر الناس لا يشكرون,سورة غافر,46
40,62,ذٰلكم الله ربكم خٰلق كل شيء لا الٰه الا هو فانىٰ تؤفكون,سورة غافر,50
40,63,كذٰلك يؤفك الذين كانوا بايٰت الله يجحدون,سورة غافر,28
40,64,الله الذي جعل لكم الارض قرارا والسماء بناء وصوركم فاحسن صوركم ورزقكم من الطيبٰت ذٰلكم الله ربكم فتبارك الله رب العٰلمين,سورة غافر,16
40,65,هو الحي لا الٰه الا هو فادعوه مخلصين له الدين الحمد لله رب العٰلمين,سورة غافر,16
40,66,قل اني نهيت ان اعبد الذين تدعون من دون الله لما جاءني البينٰت من ربي وامرت ان اسلم لرب العٰلمين,سورة غافر,12
40,67,هو الذي خلقكم من تراب ثم من نطفة ثم من علقة ثم يخرجكم طفلا ثم لتبلغوا اشدكم ثم لتكونوا شيوخا ومنكم من يتوفىٰ من قبل ولتبلغوا اجلا مسمى ولعلكم تعقلون,سورة غافر,69
40,68,هو الذي يحي ويميت فاذا قضىٰ امرا فانما يقول له كن فيكون,سورة غافر,48
40,69,الم تر الى الذين يجٰدلون في ءايٰت الله انىٰ يصرفون,سورة غافر,55
40,70,الذين كذبوا بالكتٰب وبما ارسلنا به رسلنا فسوف يعلمون,سورة غافر,41
40,71,اذ الاغلٰل في اعنٰقهم والسلٰسل يسحبون,سورة غافر,0
40,72,في الحميم ثم في النار يسجرون,سورة غافر,8
40,73,ثم قيل لهم اين ما كنتم تشركون,سورة غافر,69
40,74,من دون الله قالوا ضلوا عنا بل لم نكن ندعوا من قبل شيا كذٰلك يضل الله الكٰفرين,سورة غافر,7
40,75,ذٰلكم بما كنتم تفرحون في الارض بغير الحق وبما كنتم تمرحون,سورة غافر,1
40,76,ادخلوا ابوٰب جهنم خٰلدين فيها فبئس مثوى المتكبرين,سورة غافر,38
40,77,فاصبر ان وعد الله حق فاما نرينك بعض الذي نعدهم او نتوفينك فالينا يرجعون,سورة غافر,30
40,78,ولقد ارسلنا رسلا من قبلك منهم من قصصنا عليك ومنهم من لم نقصص عليك وما كان لرسول ان ياتي باية الا باذن الله فاذا جاء امر الله قضي بالحق وخسر هنالك المبطلون,سورة غافر,59
40,79,الله الذي جعل لكم الانعٰم لتركبوا منها ومنها تاكلون,سورة غافر,64
40,80,ولكم فيها منٰفع ولتبلغوا عليها حاجة في صدوركم وعليها وعلى الفلك تحملون,سورة غافر,38
40,81,ويريكم ءايٰته فاي ءايٰت الله تنكرون,سورة غافر,0
40,82,افلم يسيروا في الارض فينظروا كيف كان عٰقبة الذين من قبلهم كانوا اكثر منهم واشد قوة وءاثارا في الارض فما اغنىٰ عنهم ما كانوا يكسبون,سورة غافر,51
40,83,فلما جاءتهم رسلهم بالبينٰت فرحوا بما عندهم من العلم وحاق بهم ما كانوا به يستهزءون,سورة غافر,41
40,84,فلما راوا باسنا قالوا ءامنا بالله وحده وكفرنا بما كنا به مشركين,سورة غافر,41
40,85,فلم يك ينفعهم ايمٰنهم لما راوا باسنا سنت الله التي قد خلت في عباده وخسر هنالك الكٰفرون,سورة غافر,0
41,0,سورة فصلت,سورة فصلت,6
41,0,بسم الله الرحمٰن الرحيم,سورة فصلت,10
41,1,حم,سورة فصلت,0
41,2,تنزيل من الرحمٰن الرحيم,سورة فصلت,10
41,3,كتٰب فصلت ءايٰته قرءانا عربيا لقوم يعلمون,سورة فصلت,0
41,4,بشيرا ونذيرا فاعرض اكثرهم فهم لا يسمعون,سورة فصلت,43
41,5,وقالوا قلوبنا في اكنة مما تدعونا اليه وفي ءاذاننا وقر ومن بيننا وبينك حجاب فاعمل اننا عٰملون,سورة فصلت,0
41,6,قل انما انا بشر مثلكم يوحىٰ الي انما الٰهكم الٰه وٰحد فاستقيموا اليه واستغفروه وويل للمشركين,سورة فصلت,17
41,7,الذين لا يؤتون الزكوٰة وهم بالاخرة هم كٰفرون,سورة فصلت,43
41,8,ان الذين ءامنوا وعملوا الصٰلحٰت لهم اجر غير ممنون,سورة فصلت,2
41,9,قل ائنكم لتكفرون بالذي خلق الارض في يومين وتجعلون له اندادا ذٰلك رب العٰلمين,سورة فصلت,16
41,10,وجعل فيها روٰسي من فوقها وبٰرك فيها وقدر فيها اقوٰتها في اربعة ايام سواء للسائلين,سورة فصلت,38
41,11,ثم استوىٰ الى السماء وهي دخان فقال لها وللارض ائتيا طوعا او كرها قالتا اتينا طائعين,سورة فصلت,69
41,12,فقضىٰهن سبع سمٰوات في يومين واوحىٰ في كل سماء امرها وزينا السماء الدنيا بمصٰبيح وحفظا ذٰلك تقدير العزيز العليم,سورة فصلت,21
41,13,فان اعرضوا فقل انذرتكم صٰعقة مثل صٰعقة عاد وثمود,سورة فصلت,0
41,14,اذ جاءتهم الرسل من بين ايديهم ومن خلفهم الا تعبدوا الا الله قالوا لو شاء ربنا لانزل ملٰئكة فانا بما ارسلتم به كٰفرون,سورة فصلت,31
41,15,فاما عاد فاستكبروا في الارض بغير الحق وقالوا من اشد منا قوة اولم يروا ان الله الذي خلقهم هو اشد منهم قوة وكانوا بايٰتنا يجحدون,سورة فصلت,28
41,16,فارسلنا عليهم ريحا صرصرا في ايام نحسات لنذيقهم عذاب الخزي في الحيوٰة الدنيا ولعذاب الاخرة اخزىٰ وهم لا ينصرون,سورة فصلت,8
41,17,واما ثمود فهدينٰهم فاستحبوا العمىٰ على الهدىٰ فاخذتهم صٰعقة العذاب الهون بما كانوا يكسبون,سورة فصلت,27
41,18,ونجينا الذين ءامنوا وكانوا يتقون,سورة فصلت,62
41,19,ويوم يحشر اعداء الله الى النار فهم يوزعون,سورة فصلت,0
41,20,حتىٰ اذا ما جاءوها شهد عليهم سمعهم وابصٰرهم وجلودهم بما كانوا يعملون,سورة فصلت,27
41,21,وقالوا لجلودهم لم شهدتم علينا قالوا انطقنا الله الذي انطق كل شيء وهو خلقكم اول مرة واليه ترجعون,سورة فصلت,49
41,22,وما كنتم تستترون ان يشهد عليكم سمعكم ولا ابصٰركم ولا جلودكم ولٰكن ظننتم ان الله لا يعلم كثيرا مما تعملون,سورة فصلت,44
41,23,وذٰلكم ظنكم الذي ظننتم بربكم اردىٰكم فاصبحتم من الخٰسرين,سورة فصلت,45
41,24,فان يصبروا فالنار مثوى لهم وان يستعتبوا فما هم من المعتبين,سورة فصلت,59
41,25,وقيضنا لهم قرناء فزينوا لهم ما بين ايديهم وما خلفهم وحق عليهم القول في امم قد خلت من قبلهم من الجن والانس انهم كانوا خٰسرين,سورة فصلت,25
41,26,وقال الذين كفروا لا تسمعوا لهٰذا القرءان والغوا فيه لعلكم تغلبون,سورة فصلت,20
41,27,فلنذيقن الذين كفروا عذابا شديدا ولنجزينهم اسوا الذي كانوا يعملون,سورة فصلت,27
41,28,ذٰلك جزاء اعداء الله النار لهم فيها دار الخلد جزاء بما كانوا بايٰتنا يجحدون,سورة فصلت,28
41,29,وقال الذين كفروا ربنا ارنا الذين اضلانا من الجن والانس نجعلهما تحت اقدامنا ليكونا من الاسفلين,سورة فصلت,59
41,30,ان الذين قالوا ربنا الله ثم استقٰموا تتنزل عليهم الملٰئكة الا تخافوا ولا تحزنوا وابشروا بالجنة التي كنتم توعدون,سورة فصلت,44
41,31,نحن اولياؤكم في الحيوٰة الدنيا وفي الاخرة ولكم فيها ما تشتهي انفسكم ولكم فيها ما تدعون,سورة فصلت,38
41,32,نزلا من غفور رحيم,سورة فصلت,59
41,33,ومن احسن قولا ممن دعا الى الله وعمل صٰلحا وقال انني من المسلمين,سورة فصلت,53
41,34,ولا تستوي الحسنة ولا السيئة ادفع بالتي هي احسن فاذا الذي بينك وبينه عدٰوة كانه ولي حميم,سورة فصلت,44
41,35,وما يلقىٰها الا الذين صبروا وما يلقىٰها الا ذو حظ عظيم,سورة فصلت,23
41,36,واما ينزغنك من الشيطٰن نزغ فاستعذ بالله انه هو السميع العليم,سورة فصلت,36
41,37,ومن ءايٰته اليل والنهار والشمس والقمر لا تسجدوا للشمس ولا للقمر واسجدوا لله الذي خلقهن ان كنتم اياه تعبدون,سورة فصلت,44
41,38,فان استكبروا فالذين عند ربك يسبحون له باليل والنهار وهم لا يسمون,سورة فصلت,43
41,39,ومن ءايٰته انك ترى الارض خٰشعة فاذا انزلنا عليها الماء اهتزت وربت ان الذي احياها لمحي الموتىٰ انه علىٰ كل شيء قدير,سورة فصلت,48
41,40,ان الذين يلحدون في ءايٰتنا لا يخفون علينا افمن يلقىٰ في النار خير ام من ياتي ءامنا يوم القيٰمة اعملوا ما شئتم انه بما تعملون بصير,سورة فصلت,40
41,41,ان الذين كفروا بالذكر لما جاءهم وانه لكتٰب عزيز,سورة فصلت,65
41,42,لا ياتيه البٰطل من بين يديه ولا من خلفه تنزيل من حكيم حميد,سورة فصلت,59
41,43,ما يقال لك الا ما قد قيل للرسل من قبلك ان ربك لذو مغفرة وذو عقاب اليم,سورة فصلت,31
41,44,ولو جعلنٰه قرءانا اعجميا لقالوا لولا فصلت ءايٰته ءاعجمي وعربي قل هو للذين ءامنوا هدى وشفاء والذين لا يؤمنون في ءاذانهم وقر وهو عليهم عمى اولٰئك ينادون من مكان بعيد,سورة فصلت,63
41,45,ولقد ءاتينا موسى الكتٰب فاختلف فيه ولولا كلمة سبقت من ربك لقضي بينهم وانهم لفي شك منه مريب,سورة فصلت,59
41,46,من عمل صٰلحا فلنفسه ومن اساء فعليها وما ربك بظلٰم للعبيد,سورة فصلت,29
41,47,اليه يرد علم الساعة وما تخرج من ثمرٰت من اكمامها وما تحمل من انثىٰ ولا تضع الا بعلمه ويوم يناديهم اين شركاءي قالوا ءاذنٰك مامنا من شهيد,سورة فصلت,59
41,48,وضل عنهم ما كانوا يدعون من قبل وظنوا ما لهم من محيص,سورة فصلت,27
41,49,لا يسم الانسٰن من دعاء الخير وان مسه الشر فيوس قنوط,سورة فصلت,43
41,50,ولئن اذقنٰه رحمة منا من بعد ضراء مسته ليقولن هٰذا لي وما اظن الساعة قائمة ولئن رجعت الىٰ ربي ان لي عنده للحسنىٰ فلننبئن الذين كفروا بما عملوا ولنذيقنهم من عذاب غليظ,سورة فصلت,59
41,51,واذا انعمنا على الانسٰن اعرض ونا بجانبه واذا مسه الشر فذو دعاء عريض,سورة فصلت,54
41,52,قل ارءيتم ان كان من عند الله ثم كفرتم به من اضل ممن هو في شقاق بعيد,سورة فصلت,41
41,53,سنريهم ءايٰتنا في الافاق وفي انفسهم حتىٰ يتبين لهم انه الحق اولم يكف بربك انه علىٰ كل شيء شهيد,سورة فصلت,36
41,54,الا انهم في مرية من لقاء ربهم الا انه بكل شيء محيط,سورة فصلت,31
42,0,سورة الشورىٰ,سورة الشورىٰ,6
42,0,بسم الله الرحمٰن الرحيم,سورة الشورىٰ,10
42,1,حم,سورة الشورىٰ,0
42,2,عسق,سورة الشورىٰ,0
42,3,كذٰلك يوحي اليك والى الذين من قبلك الله العزيز الحكيم,سورة الشورىٰ,61
42,4,له ما في السمٰوٰت وما في الارض وهو العلي العظيم,سورة الشورىٰ,8
42,5,تكاد السمٰوٰت يتفطرن من فوقهن والملٰئكة يسبحون بحمد ربهم ويستغفرون لمن في الارض الا ان الله هو الغفور الرحيم,سورة الشورىٰ,8
42,6,والذين اتخذوا من دونه اولياء الله حفيظ عليهم وما انت عليهم بوكيل,سورة الشورىٰ,29
42,7,وكذٰلك اوحينا اليك قرءانا عربيا لتنذر ام القرىٰ ومن حولها وتنذر يوم الجمع لا ريب فيه فريق في الجنة وفريق في السعير,سورة الشورىٰ,68
42,8,ولو شاء الله لجعلهم امة وٰحدة ولٰكن يدخل من يشاء في رحمته والظٰلمون ما لهم من ولي ولا نصير,سورة الشورىٰ,46
42,9,ام اتخذوا من دونه اولياء فالله هو الولي وهو يحي الموتىٰ وهو علىٰ كل شيء قدير,سورة الشورىٰ,49
42,10,وما اختلفتم فيه من شيء فحكمه الى الله ذٰلكم الله ربي عليه توكلت واليه انيب,سورة الشورىٰ,3
42,11,فاطر السمٰوٰت والارض جعل لكم من انفسكم ازوٰجا ومن الانعٰم ازوٰجا يذرؤكم فيه ليس كمثله شيء وهو السميع البصير,سورة الشورىٰ,66
42,12,له مقاليد السمٰوٰت والارض يبسط الرزق لمن يشاء ويقدر انه بكل شيء عليم,سورة الشورىٰ,66
42,13,شرع لكم من الدين ما وصىٰ به نوحا والذي اوحينا اليك وما وصينا به ابرٰهيم وموسىٰ وعيسىٰ ان اقيموا الدين ولا تتفرقوا فيه كبر على المشركين ما تدعوهم اليه الله يجتبي اليه من يشاء ويهدي اليه من ينيب,سورة الشورىٰ,68
42,14,وما تفرقوا الا من بعد ما جاءهم العلم بغيا بينهم ولولا كلمة سبقت من ربك الىٰ اجل مسمى لقضي بينهم وان الذين اورثوا الكتٰب من بعدهم لفي شك منه مريب,سورة الشورىٰ,59
42,15,فلذٰلك فادع واستقم كما امرت ولا تتبع اهواءهم وقل ءامنت بما انزل الله من كتٰب وامرت لاعدل بينكم الله ربنا وربكم لنا اعمٰلنا ولكم اعمٰلكم لا حجة بيننا وبينكم الله يجمع بيننا واليه المصير,سورة الشورىٰ,3
42,16,والذين يحاجون في الله من بعد ما استجيب له حجتهم داحضة عند ربهم وعليهم غضب ولهم عذاب شديد,سورة الشورىٰ,43
42,17,الله الذي انزل الكتٰب بالحق والميزان وما يدريك لعل الساعة قريب,سورة الشورىٰ,29
42,18,يستعجل بها الذين لا يؤمنون بها والذين ءامنوا مشفقون منها ويعلمون انها الحق الا ان الذين يمارون في الساعة لفي ضلٰل بعيد,سورة الشورىٰ,43
42,19,الله لطيف بعباده يرزق من يشاء وهو القوي العزيز,سورة الشورىٰ,61
42,20,من كان يريد حرث الاخرة نزد له في حرثه ومن كان يريد حرث الدنيا نؤته منها وما له في الاخرة من نصيب,سورة الشورىٰ,8
42,21,ام لهم شركٰؤا شرعوا لهم من الدين ما لم ياذن به الله ولولا كلمة الفصل لقضي بينهم وان الظٰلمين لهم عذاب اليم,سورة الشورىٰ,60
42,22,ترى الظٰلمين مشفقين مما كسبوا وهو واقع بهم والذين ءامنوا وعملوا الصٰلحٰت في روضات الجنات لهم ما يشاءون عند ربهم ذٰلك هو الفضل الكبير,سورة الشورىٰ,2
42,23,ذٰلك الذي يبشر الله عباده الذين ءامنوا وعملوا الصٰلحٰت قل لا اسلكم عليه اجرا الا المودة في القربىٰ ومن يقترف حسنة نزد له فيها حسنا ان الله غفور شكور,سورة الشورىٰ,2
42,24,ام يقولون افترىٰ على الله كذبا فان يشا الله يختم علىٰ قلبك ويمح الله البٰطل ويحق الحق بكلمٰته انه عليم بذات الصدور,سورة الشورىٰ,53
42,25,وهو الذي يقبل التوبة عن عباده ويعفوا عن السيات ويعلم ما تفعلون,سورة الشورىٰ,49
42,26,ويستجيب الذين ءامنوا وعملوا الصٰلحٰت ويزيدهم من فضله والكٰفرون لهم عذاب شديد,سورة الشورىٰ,2
42,27,ولو بسط الله الرزق لعباده لبغوا في الارض ولٰكن ينزل بقدر ما يشاء انه بعباده خبير بصير,سورة الشورىٰ,46
42,28,وهو الذي ينزل الغيث من بعد ما قنطوا وينشر رحمته وهو الولي الحميد,سورة الشورىٰ,49
42,29,ومن ءايٰته خلق السمٰوٰت والارض وما بث فيهما من دابة وهو علىٰ جمعهم اذا يشاء قدير,سورة الشورىٰ,66
42,30,وما اصٰبكم من مصيبة فبما كسبت ايديكم ويعفوا عن كثير,سورة الشورىٰ,29
42,31,وما انتم بمعجزين في الارض وما لكم من دون الله من ولي ولا نصير,سورة الشورىٰ,8
42,32,ومن ءايٰته الجوار في البحر كالاعلٰم,سورة الشورىٰ,0
42,33,ان يشا يسكن الريح فيظللن رواكد علىٰ ظهره ان في ذٰلك لايٰت لكل صبار شكور,سورة الشورىٰ,21
42,34,او يوبقهن بما كسبوا ويعف عن كثير,سورة الشورىٰ,30
42,35,ويعلم الذين يجٰدلون في ءايٰتنا ما لهم من محيص,سورة الشورىٰ,28
42,36,فما اوتيتم من شيء فمتٰع الحيوٰة الدنيا وما عند الله خير وابقىٰ للذين ءامنوا وعلىٰ ربهم يتوكلون,سورة الشورىٰ,17
42,37,والذين يجتنبون كبٰئر الاثم والفوٰحش واذا ما غضبوا هم يغفرون,سورة الشورىٰ,54
42,38,والذين استجابوا لربهم واقاموا الصلوٰة وامرهم شورىٰ بينهم ومما رزقنٰهم ينفقون,سورة الشورىٰ,48
42,39,والذين اذا اصابهم البغي هم ينتصرون,سورة الشورىٰ,11
42,40,وجزٰؤا سيئة سيئة مثلها فمن عفا واصلح فاجره على الله انه لا يحب الظٰلمين,سورة الشورىٰ,43
42,41,ولمن انتصر بعد ظلمه فاولٰئك ما عليهم من سبيل,سورة الشورىٰ,32
42,42,انما السبيل على الذين يظلمون الناس ويبغون في الارض بغير الحق اولٰئك لهم عذاب اليم,سورة الشورىٰ,63
42,43,ولمن صبر وغفر ان ذٰلك لمن عزم الامور,سورة الشورىٰ,19
42,44,ومن يضلل الله فما له من ولي من بعده وترى الظٰلمين لما راوا العذاب يقولون هل الىٰ مرد من سبيل,سورة الشورىٰ,59
42,45,وترىٰهم يعرضون عليها خٰشعين من الذل ينظرون من طرف خفي وقال الذين ءامنوا ان الخٰسرين الذين خسروا انفسهم واهليهم يوم القيٰمة الا ان الظٰلمين في عذاب مقيم,سورة الشورىٰ,40
42,46,وما كان لهم من اولياء ينصرونهم من دون الله ومن يضلل الله فما له من سبيل,سورة الشورىٰ,3
42,47,استجيبوا لربكم من قبل ان ياتي يوم لا مرد له من الله ما لكم من ملجا يومئذ وما لكم من نكير,سورة الشورىٰ,59
42,48,فان اعرضوا فما ارسلنٰك عليهم حفيظا ان عليك الا البلٰغ وانا اذا اذقنا الانسٰن منا رحمة فرح بها وان تصبهم سيئة بما قدمت ايديهم فان الانسٰن كفور,سورة الشورىٰ,11
42,49,لله ملك السمٰوٰت والارض يخلق ما يشاء يهب لمن يشاء انٰثا ويهب لمن يشاء الذكور,سورة الشورىٰ,66
42,50,او يزوجهم ذكرانا وانٰثا ويجعل من يشاء عقيما انه عليم قدير,سورة الشورىٰ,36
42,51,وما كان لبشر ان يكلمه الله الا وحيا او من وراي حجاب او يرسل رسولا فيوحي باذنه ما يشاء انه علي حكيم,سورة الشورىٰ,30
42,52,وكذٰلك اوحينا اليك روحا من امرنا ما كنت تدري ما الكتٰب ولا الايمٰن ولٰكن جعلنٰه نورا نهدي به من نشاء من عبادنا وانك لتهدي الىٰ صرٰط مستقيم,سورة الشورىٰ,68
42,53,صرٰط الله الذي له ما في السمٰوٰت وما في الارض الا الى الله تصير الامور,سورة الشورىٰ,8
43,0,سورة الزخرف,سورة الزخرف,6
43,0,بسم الله الرحمٰن الرحيم,سورة الزخرف,10
43,1,حم,سورة الزخرف,0
43,2,والكتٰب المبين,سورة الزخرف,0
43,3,انا جعلنٰه قرءٰنا عربيا لعلكم تعقلون,سورة الزخرف,37
43,4,وانه في ام الكتٰب لدينا لعلي حكيم,سورة الزخرف,65
43,5,افنضرب عنكم الذكر صفحا ان كنتم قوما مسرفين,سورة الزخرف,1
43,6,وكم ارسلنا من نبي في الاولين,سورة الزخرف,24
43,7,وما ياتيهم من نبي الا كانوا به يستهزءون,سورة الزخرف,41
43,8,فاهلكنا اشد منهم بطشا ومضىٰ مثل الاولين,سورة الزخرف,0
43,9,ولئن سالتهم من خلق السمٰوٰت والارض ليقولن خلقهن العزيز العليم,سورة الزخرف,66
43,10,الذي جعل لكم الارض مهدا وجعل لكم فيها سبلا لعلكم تهتدون,سورة الزخرف,64
43,11,والذي نزل من السماء ماء بقدر فانشرنا به بلدة ميتا كذٰلك تخرجون,سورة الزخرف,41
43,12,والذي خلق الازوٰج كلها وجعل لكم من الفلك والانعٰم ما تركبون,سورة الزخرف,5
43,13,لتستوا علىٰ ظهوره ثم تذكروا نعمة ربكم اذا استويتم عليه وتقولوا سبحٰن الذي سخر لنا هٰذا وما كنا له مقرنين,سورة الزخرف,50
43,14,وانا الىٰ ربنا لمنقلبون,سورة الزخرف,0
43,15,وجعلوا له من عباده جزءا ان الانسٰن لكفور مبين,سورة الزخرف,59
43,16,ام اتخذ مما يخلق بنات واصفىٰكم بالبنين,سورة الزخرف,45
43,17,واذا بشر احدهم بما ضرب للرحمٰن مثلا ظل وجهه مسودا وهو كظيم,سورة الزخرف,49
43,18,اومن ينشؤا في الحلية وهو في الخصام غير مبين,سورة الزخرف,49
43,19,وجعلوا الملٰئكة الذين هم عبٰد الرحمٰن انٰثا اشهدوا خلقهم ستكتب شهٰدتهم ويسلون,سورة الزخرف,0
43,20,وقالوا لو شاء الرحمٰن ما عبدنٰهم ما لهم بذٰلك من علم ان هم الا يخرصون,سورة الزخرف,9
43,21,ام ءاتينٰهم كتٰبا من قبله فهم به مستمسكون,سورة الزخرف,60
43,22,بل قالوا انا وجدنا ءاباءنا علىٰ امة وانا علىٰ ءاثٰرهم مهتدون,سورة الزخرف,37
43,23,وكذٰلك ما ارسلنا من قبلك في قرية من نذير الا قال مترفوها انا وجدنا ءاباءنا علىٰ امة وانا علىٰ ءاثٰرهم مقتدون,سورة الزخرف,37
43,24,قٰل اولو جئتكم باهدىٰ مما وجدتم عليه ءاباءكم قالوا انا بما ارسلتم به كٰفرون,سورة الزخرف,37
43,25,فانتقمنا منهم فانظر كيف كان عٰقبة المكذبين,سورة الزخرف,51
43,26,واذ قال ابرٰهيم لابيه وقومه انني براء مما تعبدون,سورة الزخرف,58
43,27,الا الذي فطرني فانه سيهدين,سورة الزخرف,31
43,28,وجعلها كلمة باقية في عقبه لعلهم يرجعون,سورة الزخرف,0
43,29,بل متعت هٰؤلاء وءاباءهم حتىٰ جاءهم الحق ورسول مبين,سورة الزخرف,9
43,30,ولما جاءهم الحق قالوا هٰذا سحر وانا به كٰفرون,سورة الزخرف,20
43,31,وقالوا لولا نزل هٰذا القرءان علىٰ رجل من القريتين عظيم,سورة الزخرف,20
43,32,اهم يقسمون رحمت ربك نحن قسمنا بينهم معيشتهم في الحيوٰة الدنيا ورفعنا بعضهم فوق بعض درجٰت ليتخذ بعضهم بعضا سخريا ورحمت ربك خير مما يجمعون,سورة الزخرف,67
43,33,ولولا ان يكون الناس امة وٰحدة لجعلنا لمن يكفر بالرحمٰن لبيوتهم سقفا من فضة ومعارج عليها يظهرون,سورة الزخرف,19
43,34,ولبيوتهم ابوٰبا وسررا عليها يتكون,سورة الزخرف,0
43,35,وزخرفا وان كل ذٰلك لما متٰع الحيوٰة الدنيا والاخرة عند ربك للمتقين,سورة الزخرف,4
43,36,ومن يعش عن ذكر الرحمٰن نقيض له شيطٰنا فهو له قرين,سورة الزخرف,0
43,37,وانهم ليصدونهم عن السبيل ويحسبون انهم مهتدون,سورة الزخرف,25
43,38,حتىٰ اذا جاءنا قال يٰليت بيني وبينك بعد المشرقين فبئس القرين,سورة الزخرف,11
43,39,ولن ينفعكم اليوم اذ ظلمتم انكم في العذاب مشتركون,سورة الزخرف,18
43,40,افانت تسمع الصم او تهدي العمي ومن كان في ضلٰل مبين,سورة الزخرف,30
43,41,فاما نذهبن بك فانا منهم منتقمون,سورة الزخرف,0
43,42,او نرينك الذي وعدنٰهم فانا عليهم مقتدرون,سورة الزخرف,30
43,43,فاستمسك بالذي اوحي اليك انك علىٰ صرٰط مستقيم,سورة الزخرف,67
43,44,وانه لذكر لك ولقومك وسوف تسلون,سورة الزخرف,65
43,45,وسل من ارسلنا من قبلك من رسلنا اجعلنا من دون الرحمٰن ءالهة يعبدون,سورة الزخرف,59
43,46,ولقد ارسلنا موسىٰ بايٰتنا الىٰ فرعون وملايه فقال اني رسول رب العٰلمين,سورة الزخرف,16
43,47,فلما جاءهم بايٰتنا اذا هم منها يضحكون,سورة الزخرف,28
43,48,وما نريهم من ءاية الا هي اكبر من اختها واخذنٰهم بالعذاب لعلهم يرجعون,سورة الزخرف,31
43,49,وقالوا يٰايه الساحر ادع لنا ربك بما عهد عندك اننا لمهتدون,سورة الزخرف,4
43,50,فلما كشفنا عنهم العذاب اذا هم ينكثون,سورة الزخرف,11
43,51,ونادىٰ فرعون في قومه قال يٰقوم اليس لي ملك مصر وهٰذه الانهٰر تجري من تحتي افلا تبصرون,سورة الزخرف,42
43,52,ام انا خير من هٰذا الذي هو مهين ولا يكاد يبين,سورة الزخرف,60
43,53,فلولا القي عليه اسورة من ذهب او جاء معه الملٰئكة مقترنين,سورة الزخرف,30
43,54,فاستخف قومه فاطاعوه انهم كانوا قوما فٰسقين,سورة الزخرف,25
43,55,فلما ءاسفونا انتقمنا منهم فاغرقنٰهم اجمعين,سورة الزخرف,57
43,56,فجعلنٰهم سلفا ومثلا للاخرين,سورة الزخرف,9
43,57,ولما ضرب ابن مريم مثلا اذا قومك منه يصدون,سورة الزخرف,11
43,58,وقالوا ءاٰلهتنا خير ام هو ما ضربوه لك الا جدلا بل هم قوم خصمون,سورة الزخرف,9
43,59,ان هو الا عبد انعمنا عليه وجعلنٰه مثلا لبني اسرٰءيل,سورة الزخرف,31
43,60,ولو نشاء لجعلنا منكم ملٰئكة في الارض يخلفون,سورة الزخرف,8
43,61,وانه لعلم للساعة فلا تمترن بها واتبعون هٰذا صرٰط مستقيم,سورة الزخرف,65
43,62,ولا يصدنكم الشيطٰن انه لكم عدو مبين,سورة الزخرف,36
43,63,ولما جاء عيسىٰ بالبينٰت قال قد جئتكم بالحكمة ولابين لكم بعض الذي تختلفون فيه فاتقوا الله واطيعون,سورة الزخرف,3
43,64,ان الله هو ربي وربكم فاعبدوه هٰذا صرٰط مستقيم,سورة الزخرف,20
43,65,فاختلف الاحزاب من بينهم فويل للذين ظلموا من عذاب يوم اليم,سورة الزخرف,59
43,66,هل ينظرون الا الساعة ان تاتيهم بغتة وهم لا يشعرون,سورة الزخرف,43
43,67,الاخلاء يومئذ بعضهم لبعض عدو الا المتقين,سورة الزخرف,34
43,68,يٰعباد لا خوف عليكم اليوم ولا انتم تحزنون,سورة الزخرف,44
43,69,الذين ءامنوا بايٰتنا وكانوا مسلمين,سورة الزخرف,28
43,70,ادخلوا الجنة انتم وازوٰجكم تحبرون,سورة الزخرف,0
43,71,يطاف عليهم بصحاف من ذهب واكواب وفيها ما تشتهيه الانفس وتلذ الاعين وانتم فيها خٰلدون,سورة الزخرف,14
43,72,وتلك الجنة التي اورثتموها بما كنتم تعملون,سورة الزخرف,1
43,73,لكم فيها فٰكهة كثيرة منها تاكلون,سورة الزخرف,64
43,74,ان المجرمين في عذاب جهنم خٰلدون,سورة الزخرف,8
43,75,لا يفتر عنهم وهم فيه مبلسون,سورة الزخرف,43
43,76,وما ظلمنٰهم ولٰكن كانوا هم الظٰلمين,سورة الزخرف,46
43,77,ونادوا يٰمٰلك ليقض علينا ربك قال انكم مٰكثون,سورة الزخرف,26
43,78,لقد جئنٰكم بالحق ولٰكن اكثركم للحق كٰرهون,سورة الزخرف,46
43,79,ام ابرموا امرا فانا مبرمون,سورة الزخرف,60
43,80,ام يحسبون انا لا نسمع سرهم ونجوىٰهم بلىٰ ورسلنا لديهم يكتبون,سورة الزخرف,60
43,81,قل ان كان للرحمٰن ولد فانا اول العٰبدين,سورة الزخرف,19
43,82,سبحٰن رب السمٰوٰت والارض رب العرش عما يصفون,سورة الزخرف,66
43,83,فذرهم يخوضوا ويلعبوا حتىٰ يلٰقوا يومهم الذي يوعدون,سورة الزخرف,18
43,84,وهو الذي في السماء الٰه وفي الارض الٰه وهو الحكيم العليم,سورة الزخرف,49
43,85,وتبارك الذي له ملك السمٰوٰت والارض وما بينهما وعنده علم الساعة واليه ترجعون,سورة الزخرف,66
43,86,ولا يملك الذين يدعون من دونه الشفٰعة الا من شهد بالحق وهم يعلمون,سورة الزخرف,44
43,87,ولئن سالتهم من خلقهم ليقولن الله فانىٰ يؤفكون,سورة الزخرف,59
43,88,وقيله يٰرب ان هٰؤلاء قوم لا يؤمنون,سورة الزخرف,43
43,89,فاصفح عنهم وقل سلٰم فسوف يعلمون,سورة الزخرف,0
44,0,سورة الدخان,سورة الدخان,6
44,0,بسم الله الرحمٰن الرحيم,سورة الدخان,10
44,1,حم,سورة الدخان,0
44,2,والكتٰب المبين,سورة الدخان,0
44,3,انا انزلنٰه في ليلة مبٰركة انا كنا منذرين,سورة الدخان,37
44,4,فيها يفرق كل امر حكيم,سورة الدخان,38
44,5,امرا من عندنا انا كنا مرسلين,سورة الدخان,37
44,6,رحمة من ربك انه هو السميع العليم,سورة الدخان,36
44,7,رب السمٰوٰت والارض وما بينهما ان كنتم موقنين,سورة الدخان,66
44,8,لا الٰه الا هو يحي ويميت ربكم ورب ءابائكم الاولين,سورة الدخان,50
44,9,بل هم في شك يلعبون,سورة الدخان,9
44,10,فارتقب يوم تاتي السماء بدخان مبين,سورة الدخان,56
44,11,يغشى الناس هٰذا عذاب اليم,سورة الدخان,20
44,12,ربنا اكشف عنا العذاب انا مؤمنون,سورة الدخان,37
44,13,انىٰ لهم الذكرىٰ وقد جاءهم رسول مبين,سورة الدخان,0
44,14,ثم تولوا عنه وقالوا معلم مجنون,سورة الدخان,15
44,15,انا كاشفوا العذاب قليلا انكم عائدون,سورة الدخان,37
44,16,يوم نبطش البطشة الكبرىٰ انا منتقمون,سورة الدخان,37
44,17,ولقد فتنا قبلهم قوم فرعون وجاءهم رسول كريم,سورة الدخان,42
44,18,ان ادوا الي عباد الله اني لكم رسول امين,سورة الدخان,12
44,19,وان لا تعلوا على الله اني ءاتيكم بسلطٰن مبين,سورة الدخان,12
44,20,واني عذت بربي وربكم ان ترجمون,سورة الدخان,19
44,21,وان لم تؤمنوا لي فاعتزلون,سورة الدخان,0
44,22,فدعا ربه ان هٰؤلاء قوم مجرمون,سورة الدخان,39
44,23,فاسر بعبادي ليلا انكم متبعون,سورة الدخان,0
44,24,واترك البحر رهوا انهم جند مغرقون,سورة الدخان,25
44,25,كم تركوا من جنٰت وعيون,سورة الدخان,13
44,26,وزروع ومقام كريم,سورة الدخان,0
44,27,ونعمة كانوا فيها فٰكهين,سورة الدخان,38
44,28,كذٰلك واورثنٰها قوما ءاخرين,سورة الدخان,23
44,29,فما بكت عليهم السماء والارض وما كانوا منظرين,سورة الدخان,29
44,30,ولقد نجينا بني اسرٰءيل من العذاب المهين,سورة الدخان,18
44,31,من فرعون انه كان عاليا من المسرفين,سورة الدخان,42
44,32,ولقد اخترنٰهم علىٰ علم على العٰلمين,سورة الدخان,16
44,33,وءاتينٰهم من الايٰت ما فيه بلٰؤا مبين,سورة الدخان,9
44,34,ان هٰؤلاء ليقولون,سورة الدخان,39
44,35,ان هي الا موتتنا الاولىٰ وما نحن بمنشرين,سورة الدخان,31
44,36,فاتوا بابائنا ان كنتم صٰدقين,سورة الدخان,1
44,37,اهم خير ام قوم تبع والذين من قبلهم اهلكنٰهم انهم كانوا مجرمين,سورة الدخان,25
44,38,وما خلقنا السمٰوٰت والارض وما بينهما لٰعبين,سورة الدخان,66
44,39,ما خلقنٰهما الا بالحق ولٰكن اكثرهم لا يعلمون,سورة الدخان,46
44,40,ان يوم الفصل ميقٰتهم اجمعين,سورة الدخان,57
44,41,يوم لا يغني مولى عن مولى شيا ولا هم ينصرون,سورة الدخان,56
44,42,الا من رحم الله انه هو العزيز الرحيم,سورة الدخان,61
44,43,ان شجرت الزقوم,سورة الدخان,19
44,44,طعام الاثيم,سورة الدخان,0
44,45,كالمهل يغلي في البطون,سورة الدخان,0
44,46,كغلي الحميم,سورة الدخان,0
44,47,خذوه فاعتلوه الىٰ سواء الجحيم,سورة الدخان,0
44,48,ثم صبوا فوق راسه من عذاب الحميم,سورة الدخان,69
44,49,ذق انك انت العزيز الكريم,سورة الدخان,61
44,50,ان هٰذا ما كنتم به تمترون,سورة الدخان,1
44,51,ان المتقين في مقام امين,سورة الدخان,8
44,52,في جنٰت وعيون,سورة الدخان,13
44,53,يلبسون من سندس واستبرق متقٰبلين,سورة الدخان,59
44,54,كذٰلك وزوجنٰهم بحور عين,سورة الدخان,9
44,55,يدعون فيها بكل فٰكهة ءامنين,سورة الدخان,38
44,56,لا يذوقون فيها الموت الا الموتة الاولىٰ ووقىٰهم عذاب الجحيم,سورة الدخان,38
44,57,فضلا من ربك ذٰلك هو الفوز العظيم,سورة الدخان,4
44,58,فانما يسرنٰه بلسانك لعلهم يتذكرون,سورة الدخان,0
44,59,فارتقب انهم مرتقبون,سورة الدخان,25
45,0,سورة الجاثية,سورة الجاثية,6
45,0,بسم الله الرحمٰن الرحيم,سورة الجاثية,10
45,1,حم,سورة الجاثية,0
45,2,تنزيل الكتٰب من الله العزيز الحكيم,سورة الجاثية,61
45,3,ان في السمٰوٰت والارض لايٰت للمؤمنين,سورة الجاثية,66
45,4,وفي خلقكم وما يبث من دابة ءايٰت لقوم يوقنون,سورة الجاثية,29
45,5,واختلٰف اليل والنهار وما انزل الله من السماء من رزق فاحيا به الارض بعد موتها وتصريف الريٰح ءايٰت لقوم يعقلون,سورة الجاثية,41
45,6,تلك ءايٰت الله نتلوها عليك بالحق فباي حديث بعد الله وءايٰته يؤمنون,سورة الجاثية,3
45,7,ويل لكل افاك اثيم,سورة الجاثية,34
45,8,يسمع ءايٰت الله تتلىٰ عليه ثم يصر مستكبرا كان لم يسمعها فبشره بعذاب اليم,سورة الجاثية,69
45,9,واذا علم من ءايٰتنا شيا اتخذها هزوا اولٰئك لهم عذاب مهين,سورة الجاثية,63
45,10,من ورائهم جهنم ولا يغني عنهم ما كسبوا شيا ولا ما اتخذوا من دون الله اولياء ولهم عذاب عظيم,سورة الجاثية,44
45,11,هٰذا هدى والذين كفروا بايٰت ربهم لهم عذاب من رجز اليم,سورة الجاثية,28
45,12,الله الذي سخر لكم البحر لتجري الفلك فيه بامره ولتبتغوا من فضله ولعلكم تشكرون,سورة الجاثية,50
45,13,وسخر لكم ما في السمٰوٰت وما في الارض جميعا منه ان في ذٰلك لايٰت لقوم يتفكرون,سورة الجاثية,8
45,14,قل للذين ءامنوا يغفروا للذين لا يرجون ايام الله ليجزي قوما بما كانوا يكسبون,سورة الجاثية,27
45,15,من عمل صٰلحا فلنفسه ومن اساء فعليها ثم الىٰ ربكم ترجعون,سورة الجاثية,50
45,16,ولقد ءاتينا بني اسرٰءيل الكتٰب والحكم والنبوة ورزقنٰهم من الطيبٰت وفضلنٰهم على العٰلمين,سورة الجاثية,9
45,17,وءاتينٰهم بينٰت من الامر فما اختلفوا الا من بعد ما جاءهم العلم بغيا بينهم ان ربك يقضي بينهم يوم القيٰمة فيما كانوا فيه يختلفون,سورة الجاثية,40
45,18,ثم جعلنٰك علىٰ شريعة من الامر فاتبعها ولا تتبع اهواء الذين لا يعلمون,سورة الجاثية,44
45,19,انهم لن يغنوا عنك من الله شيا وان الظٰلمين بعضهم اولياء بعض والله ولي المتقين,سورة الجاثية,67
45,20,هٰذا بصٰئر للناس وهدى ورحمة لقوم يوقنون,سورة الجاثية,20
45,21,ام حسب الذين اجترحوا السيات ان نجعلهم كالذين ءامنوا وعملوا الصٰلحٰت سواء محياهم ومماتهم ساء ما يحكمون,سورة الجاثية,2
45,22,وخلق الله السمٰوٰت والارض بالحق ولتجزىٰ كل نفس بما كسبت وهم لا يظلمون,سورة الجاثية,66
45,23,افرءيت من اتخذ الٰهه هوىٰه واضله الله علىٰ علم وختم علىٰ سمعه وقلبه وجعل علىٰ بصره غشٰوة فمن يهديه من بعد الله افلا تذكرون,سورة الجاثية,53
45,24,وقالوا ما هي الا حياتنا الدنيا نموت ونحيا وما يهلكنا الا الدهر وما لهم بذٰلك من علم ان هم الا يظنون,سورة الجاثية,31
45,25,واذا تتلىٰ عليهم ءايٰتنا بينٰت ما كان حجتهم الا ان قالوا ائتوا بابائنا ان كنتم صٰدقين,سورة الجاثية,1
45,26,قل الله يحييكم ثم يميتكم ثم يجمعكم الىٰ يوم القيٰمة لا ريب فيه ولٰكن اكثر الناس لا يعلمون,سورة الجاثية,46
45,27,ولله ملك السمٰوٰت والارض ويوم تقوم الساعة يومئذ يخسر المبطلون,سورة الجاثية,66
45,28,وترىٰ كل امة جاثية كل امة تدعىٰ الىٰ كتٰبها اليوم تجزون ما كنتم تعملون,سورة الجاثية,1
45,29,هٰذا كتٰبنا ينطق عليكم بالحق انا كنا نستنسخ ما كنتم تعملون,سورة الجاثية,1
45,30,فاما الذين ءامنوا وعملوا الصٰلحٰت فيدخلهم ربهم في رحمته ذٰلك هو الفوز المبين,سورة الجاثية,2
45,31,واما الذين كفروا افلم تكن ءايٰتي تتلىٰ عليكم فاستكبرتم وكنتم قوما مجرمين,سورة الجاثية,0
45,32,واذا قيل ان وعد الله حق والساعة لا ريب فيها قلتم ما ندري ما الساعة ان نظن الا ظنا وما نحن بمستيقنين,سورة الجاثية,31
45,33,وبدا لهم سيات ما عملوا وحاق بهم ما كانوا به يستهزءون,سورة الجاثية,41
45,34,وقيل اليوم ننسىٰكم كما نسيتم لقاء يومكم هٰذا وماوىٰكم النار وما لكم من نٰصرين,سورة الجاثية,45
45,35,ذٰلكم بانكم اتخذتم ءايٰت الله هزوا وغرتكم الحيوٰة الدنيا فاليوم لا يخرجون منها ولا هم يستعتبون,سورة الجاثية,64
45,36,فلله الحمد رب السمٰوٰت ورب الارض رب العٰلمين,سورة الجاثية,16
45,37,وله الكبرياء في السمٰوٰت والارض وهو العزيز الحكيم,سورة الجاثية,61
46,0,سورة الاحقاف,سورة الاحقاف,6
46,0,بسم الله الرحمٰن الرحيم,سورة الاحقاف,10
46,1,حم,سورة الاحقاف,0
46,2,تنزيل الكتٰب من الله العزيز الحكيم,سورة الاحقاف,61
46,3,ما خلقنا السمٰوٰت والارض وما بينهما الا بالحق واجل مسمى والذين كفروا عما انذروا معرضون,سورة الاحقاف,66
46,4,قل ارءيتم ما تدعون من دون الله اروني ماذا خلقوا من الارض ام لهم شرك في السمٰوٰت ائتوني بكتٰب من قبل هٰذا او اثٰرة من علم ان كنتم صٰدقين,سورة الاحقاف,1
46,5,ومن اضل ممن يدعوا من دون الله من لا يستجيب له الىٰ يوم القيٰمة وهم عن دعائهم غٰفلون,سورة الاحقاف,40
46,6,واذا حشر الناس كانوا لهم اعداء وكانوا بعبادتهم كٰفرين,سورة الاحقاف,54
46,7,واذا تتلىٰ عليهم ءايٰتنا بينٰت قال الذين كفروا للحق لما جاءهم هٰذا سحر مبين,سورة الاحقاف,54
46,8,ام يقولون افترىٰه قل ان افتريته فلا تملكون لي من الله شيا هو اعلم بما تفيضون فيه كفىٰ به شهيدا بيني وبينكم وهو الغفور الرحيم,سورة الاحقاف,60
46,9,قل ما كنت بدعا من الرسل وما ادري ما يفعل بي ولا بكم ان اتبع الا ما يوحىٰ الي وما انا الا نذير مبين,سورة الاحقاف,29
46,10,قل ارءيتم ان كان من عند الله وكفرتم به وشهد شاهد من بني اسرٰءيل علىٰ مثله فامن واستكبرتم ان الله لا يهدي القوم الظٰلمين,سورة الاحقاف,17
46,11,وقال الذين كفروا للذين ءامنوا لو كان خيرا ما سبقونا اليه واذ لم يهتدوا به فسيقولون هٰذا افك قديم,سورة الاحقاف,41
46,12,ومن قبله كتٰب موسىٰ اماما ورحمة وهٰذا كتٰب مصدق لسانا عربيا لينذر الذين ظلموا وبشرىٰ للمحسنين,سورة الاحقاف,20
46,13,ان الذين قالوا ربنا الله ثم استقٰموا فلا خوف عليهم ولا هم يحزنون,سورة الاحقاف,44
46,14,اولٰئك اصحٰب الجنة خٰلدين فيها جزاء بما كانوا يعملون,سورة الاحقاف,63
46,15,ووصينا الانسٰن بوٰلديه احسٰنا حملته امه كرها ووضعته كرها وحمله وفصٰله ثلٰثون شهرا حتىٰ اذا بلغ اشده وبلغ اربعين سنة قال رب اوزعني ان اشكر نعمتك التي انعمت علي وعلىٰ وٰلدي وان اعمل صٰلحا ترضىٰه واصلح لي في ذريتي اني تبت اليك واني من المسلمين,سورة الاحقاف,11
46,16,اولٰئك الذين نتقبل عنهم احسن ما عملوا ونتجاوز عن سياتهم في اصحٰب الجنة وعد الصدق الذي كانوا يوعدون,سورة الاحقاف,63
46,17,والذي قال لوٰلديه اف لكما اتعدانني ان اخرج وقد خلت القرون من قبلي وهما يستغيثان الله ويلك ءامن ان وعد الله حق فيقول ما هٰذا الا اسٰطير الاولين,سورة الاحقاف,20
46,18,اولٰئك الذين حق عليهم القول في امم قد خلت من قبلهم من الجن والانس انهم كانوا خٰسرين,سورة الاحقاف,63
46,19,ولكل درجٰت مما عملوا وليوفيهم اعمٰلهم وهم لا يظلمون,سورة الاحقاف,43
46,20,ويوم يعرض الذين كفروا على النار اذهبتم طيبٰتكم في حياتكم الدنيا واستمتعتم بها فاليوم تجزون عذاب الهون بما كنتم تستكبرون في الارض بغير الحق وبما كنتم تفسقون,سورة الاحقاف,1
46,21,واذكر اخا عاد اذ انذر قومه بالاحقاف وقد خلت النذر من بين يديه ومن خلفه الا تعبدوا الا الله اني اخاف عليكم عذاب يوم عظيم,سورة الاحقاف,12
46,22,قالوا اجئتنا لتافكنا عن ءالهتنا فاتنا بما تعدنا ان كنت من الصٰدقين,سورة الاحقاف,27
46,23,قال انما العلم عند الله وابلغكم ما ارسلت به ولٰكني ارىٰكم قوما تجهلون,سورة الاحقاف,17
46,24,فلما راوه عارضا مستقبل اوديتهم قالوا هٰذا عارض ممطرنا بل هو ما استعجلتم به ريح فيها عذاب اليم,سورة الاحقاف,20
46,25,تدمر كل شيء بامر ربها فاصبحوا لا يرىٰ الا مسٰكنهم كذٰلك نجزي القوم المجرمين,سورة الاحقاف,21
46,26,ولقد مكنٰهم فيما ان مكنٰكم فيه وجعلنا لهم سمعا وابصٰرا وافدة فما اغنىٰ عنهم سمعهم ولا ابصٰرهم ولا افدتهم من شيء اذ كانوا يجحدون بايٰت الله وحاق بهم ما كانوا به يستهزءون,سورة الاحقاف,27
46,27,ولقد اهلكنا ما حولكم من القرىٰ وصرفنا الايٰت لعلهم يرجعون,سورة الاحقاف,24
46,28,فلولا نصرهم الذين اتخذوا من دون الله قربانا ءالهة بل ضلوا عنهم وذٰلك افكهم وما كانوا يفترون,سورة الاحقاف,27
46,29,واذ صرفنا اليك نفرا من الجن يستمعون القرءان فلما حضروه قالوا انصتوا فلما قضي ولوا الىٰ قومهم منذرين,سورة الاحقاف,0
46,30,قالوا يٰقومنا انا سمعنا كتٰبا انزل من بعد موسىٰ مصدقا لما بين يديه يهدي الى الحق والىٰ طريق مستقيم,سورة الاحقاف,37
46,31,يٰقومنا اجيبوا داعي الله وءامنوا به يغفر لكم من ذنوبكم ويجركم من عذاب اليم,سورة الاحقاف,59
46,32,ومن لا يجب داعي الله فليس بمعجز في الارض وليس له من دونه اولياء اولٰئك في ضلٰل مبين,سورة الاحقاف,8
46,33,اولم يروا ان الله الذي خلق السمٰوٰت والارض ولم يعي بخلقهن بقٰدر علىٰ ان يحي الموتىٰ بلىٰ انه علىٰ كل شيء قدير,سورة الاحقاف,66
46,34,ويوم يعرض الذين كفروا على النار اليس هٰذا بالحق قالوا بلىٰ وربنا قال فذوقوا العذاب بما كنتم تكفرون,سورة الاحقاف,1
46,35,فاصبر كما صبر اولوا العزم من الرسل ولا تستعجل لهم كانهم يوم يرون ما يوعدون لم يلبثوا الا ساعة من نهار بلٰغ فهل يهلك الا القوم الفٰسقون,سورة الاحقاف,31
47,0,بسم الله الرحمٰن الرحيم,سورة محمد,10
47,0,سورة محمد,سورة محمد,6
47,1,الذين كفروا وصدوا عن سبيل الله اضل اعمٰلهم,سورة محمد,43
47,2,والذين ءامنوا وعملوا الصٰلحٰت وءامنوا بما نزل علىٰ محمد وهو الحق من ربهم كفر عنهم سياتهم واصلح بالهم,سورة محمد,2
47,3,ذٰلك بان الذين كفروا اتبعوا البٰطل وان الذين ءامنوا اتبعوا الحق من ربهم كذٰلك يضرب الله للناس امثٰلهم,سورة محمد,21
47,4,فاذا لقيتم الذين كفروا فضرب الرقاب حتىٰ اذا اثخنتموهم فشدوا الوثاق فاما منا بعد واما فداء حتىٰ تضع الحرب اوزارها ذٰلك ولو يشاء الله لانتصر منهم ولٰكن ليبلوا بعضكم ببعض والذين قتلوا في سبيل الله فلن يضل اعمٰلهم,سورة محمد,18
47,5,سيهديهم ويصلح بالهم,سورة محمد,0
47,6,ويدخلهم الجنة عرفها لهم,سورة محمد,0
47,7,يٰايها الذين ءامنوا ان تنصروا الله ينصركم ويثبت اقدامكم,سورة محمد,62
47,8,والذين كفروا فتعسا لهم واضل اعمٰلهم,سورة محمد,43
47,9,ذٰلك بانهم كرهوا ما انزل الله فاحبط اعمٰلهم,سورة محمد,21
47,10,افلم يسيروا في الارض فينظروا كيف كان عٰقبة الذين من قبلهم دمر الله عليهم وللكٰفرين امثٰلها,سورة محمد,51
47,11,ذٰلك بان الله مولى الذين ءامنوا وان الكٰفرين لا مولىٰ لهم,سورة محمد,7
47,12,ان الله يدخل الذين ءامنوا وعملوا الصٰلحٰت جنٰت تجري من تحتها الانهٰر والذين كفروا يتمتعون وياكلون كما تاكل الانعٰم والنار مثوى لهم,سورة محمد,2
47,13,وكاين من قرية هي اشد قوة من قريتك التي اخرجتك اهلكنٰهم فلا ناصر لهم,سورة محمد,24
47,14,افمن كان علىٰ بينة من ربه كمن زين له سوء عمله واتبعوا اهواءهم,سورة محمد,59
47,15,مثل الجنة التي وعد المتقون فيها انهٰر من ماء غير ءاسن وانهٰر من لبن لم يتغير طعمه وانهٰر من خمر لذة للشٰربين وانهٰر من عسل مصفى ولهم فيها من كل الثمرٰت ومغفرة من ربهم كمن هو خٰلد في النار وسقوا ماء حميما فقطع امعاءهم,سورة محمد,65
47,16,ومنهم من يستمع اليك حتىٰ اذا خرجوا من عندك قالوا للذين اوتوا العلم ماذا قال ءانفا اولٰئك الذين طبع الله علىٰ قلوبهم واتبعوا اهواءهم,سورة محمد,63
47,17,والذين اهتدوا زادهم هدى وءاتىٰهم تقوىٰهم,سورة محمد,9
47,18,فهل ينظرون الا الساعة ان تاتيهم بغتة فقد جاء اشراطها فانىٰ لهم اذا جاءتهم ذكرىٰهم,سورة محمد,11
47,19,فاعلم انه لا الٰه الا الله واستغفر لذنبك وللمؤمنين والمؤمنٰت والله يعلم متقلبكم ومثوىٰكم,سورة محمد,31
47,20,ويقول الذين ءامنوا لولا نزلت سورة فاذا انزلت سورة محكمة وذكر فيها القتال رايت الذين في قلوبهم مرض ينظرون اليك نظر المغشي عليه من الموت فاولىٰ لهم,سورة محمد,6
47,21,طاعة وقول معروف فاذا عزم الامر فلو صدقوا الله لكان خيرا لهم,سورة محمد,48
47,22,فهل عسيتم ان توليتم ان تفسدوا في الارض وتقطعوا ارحامكم,سورة محمد,8
47,23,اولٰئك الذين لعنهم الله فاصمهم واعمىٰ ابصٰرهم,سورة محمد,63
47,24,افلا يتدبرون القرءان ام علىٰ قلوب اقفالها,سورة محمد,60
47,25,ان الذين ارتدوا علىٰ ادبٰرهم من بعد ما تبين لهم الهدى الشيطٰن سول لهم واملىٰ لهم,سورة محمد,43
47,26,ذٰلك بانهم قالوا للذين كرهوا ما نزل الله سنطيعكم في بعض الامر والله يعلم اسرارهم,سورة محمد,21
47,27,فكيف اذا توفتهم الملٰئكة يضربون وجوههم وادبٰرهم,سورة محمد,11
47,28,ذٰلك بانهم اتبعوا ما اسخط الله وكرهوا رضوٰنه فاحبط اعمٰلهم,سورة محمد,21
47,29,ام حسب الذين في قلوبهم مرض ان لن يخرج الله اضغٰنهم,سورة محمد,60
47,30,ولو نشاء لارينٰكهم فلعرفتهم بسيمٰهم ولتعرفنهم في لحن القول والله يعلم اعمٰلكم,سورة محمد,18
47,31,ولنبلونكم حتىٰ نعلم المجٰهدين منكم والصٰبرين ونبلوا اخباركم,سورة محمد,0
47,32,ان الذين كفروا وصدوا عن سبيل الله وشاقوا الرسول من بعد ما تبين لهم الهدىٰ لن يضروا الله شيا وسيحبط اعمٰلهم,سورة محمد,43
47,33,يٰايها الذين ءامنوا اطيعوا الله واطيعوا الرسول ولا تبطلوا اعمٰلكم,سورة محمد,62
47,34,ان الذين كفروا وصدوا عن سبيل الله ثم ماتوا وهم كفار فلن يغفر الله لهم,سورة محمد,43
47,35,فلا تهنوا وتدعوا الى السلم وانتم الاعلون والله معكم ولن يتركم اعمٰلكم,سورة محمد,14
47,36,انما الحيوٰة الدنيا لعب ولهو وان تؤمنوا وتتقوا يؤتكم اجوركم ولا يسلكم اموٰلكم,سورة محمد,17
47,37,ان يسلكموها فيحفكم تبخلوا ويخرج اضغٰنكم,سورة محمد,19
47,38,هٰانتم هٰؤلاء تدعون لتنفقوا في سبيل الله فمنكم من يبخل ومن يبخل فانما يبخل عن نفسه والله الغني وانتم الفقراء وان تتولوا يستبدل قوما غيركم ثم لا يكونوا امثٰلكم,سورة محمد,14
48,0,سورة الفتح,سورة الفتح,6
48,0,بسم الله الرحمٰن الرحيم,سورة الفتح,10
48,1,انا فتحنا لك فتحا مبينا,سورة الفتح,37
48,2,ليغفر لك الله ما تقدم من ذنبك وما تاخر ويتم نعمته عليك ويهديك صرٰطا مستقيما,سورة الفتح,29
48,3,وينصرك الله نصرا عزيزا,سورة الفتح,3
48,4,هو الذي انزل السكينة في قلوب المؤمنين ليزدادوا ايمٰنا مع ايمٰنهم ولله جنود السمٰوٰت والارض وكان الله عليما حكيما,سورة الفتح,66
48,5,ليدخل المؤمنين والمؤمنٰت جنٰت تجري من تحتها الانهٰر خٰلدين فيها ويكفر عنهم سياتهم وكان ذٰلك عند الله فوزا عظيما,سورة الفتح,13
48,6,ويعذب المنٰفقين والمنٰفقٰت والمشركين والمشركٰت الظانين بالله ظن السوء عليهم دائرة السوء وغضب الله عليهم ولعنهم واعد لهم جهنم وساءت مصيرا,سورة الفتح,0
48,7,ولله جنود السمٰوٰت والارض وكان الله عزيزا حكيما,سورة الفتح,66
48,8,انا ارسلنٰك شٰهدا ومبشرا ونذيرا,سورة الفتح,37
48,9,لتؤمنوا بالله ورسوله وتعزروه وتوقروه وتسبحوه بكرة واصيلا,سورة الفتح,0
48,10,ان الذين يبايعونك انما يبايعون الله يد الله فوق ايديهم فمن نكث فانما ينكث علىٰ نفسه ومن اوفىٰ بما عٰهد عليه الله فسيؤتيه اجرا عظيما,سورة الفتح,3
48,11,سيقول لك المخلفون من الاعراب شغلتنا اموٰلنا واهلونا فاستغفر لنا يقولون بالسنتهم ما ليس في قلوبهم قل فمن يملك لكم من الله شيا ان اراد بكم ضرا او اراد بكم نفعا بل كان الله بما تعملون خبيرا,سورة الفتح,17
48,12,بل ظننتم ان لن ينقلب الرسول والمؤمنون الىٰ اهليهم ابدا وزين ذٰلك في قلوبكم وظننتم ظن السوء وكنتم قوما بورا,سورة الفتح,21
48,13,ومن لم يؤمن بالله ورسوله فانا اعتدنا للكٰفرين سعيرا,سورة الفتح,7
48,14,ولله ملك السمٰوٰت والارض يغفر لمن يشاء ويعذب من يشاء وكان الله غفورا رحيما,سورة الفتح,66
48,15,سيقول المخلفون اذا انطلقتم الىٰ مغانم لتاخذوها ذرونا نتبعكم يريدون ان يبدلوا كلٰم الله قل لن تتبعونا كذٰلكم قال الله من قبل فسيقولون بل تحسدوننا بل كانوا لا يفقهون الا قليلا,سورة الفتح,9
48,16,قل للمخلفين من الاعراب ستدعون الىٰ قوم اولي باس شديد تقٰتلونهم او يسلمون فان تطيعوا يؤتكم الله اجرا حسنا وان تتولوا كما توليتم من قبل يعذبكم عذابا اليما,سورة الفتح,3
48,17,ليس على الاعمىٰ حرج ولا على الاعرج حرج ولا على المريض حرج ومن يطع الله ورسوله يدخله جنٰت تجري من تحتها الانهٰر ومن يتول يعذبه عذابا اليما,سورة الفتح,44
48,18,لقد رضي الله عن المؤمنين اذ يبايعونك تحت الشجرة فعلم ما في قلوبهم فانزل السكينة عليهم واثٰبهم فتحا قريبا,سورة الفتح,0
48,19,ومغانم كثيرة ياخذونها وكان الله عزيزا حكيما,سورة الفتح,32
48,20,وعدكم الله مغانم كثيرة تاخذونها فعجل لكم هٰذه وكف ايدي الناس عنكم ولتكون ءاية للمؤمنين ويهديكم صرٰطا مستقيما,سورة الفتح,64
48,21,واخرىٰ لم تقدروا عليها قد احاط الله بها وكان الله علىٰ كل شيء قديرا,سورة الفتح,32
48,22,ولو قٰتلكم الذين كفروا لولوا الادبٰر ثم لا يجدون وليا ولا نصيرا,سورة الفتح,44
48,23,سنة الله التي قد خلت من قبل ولن تجد لسنة الله تبديلا,سورة الفتح,3
48,24,وهو الذي كف ايديهم عنكم وايديكم عنهم ببطن مكة من بعد ان اظفركم عليهم وكان الله بما تعملون بصيرا,سورة الفتح,32
48,25,هم الذين كفروا وصدوكم عن المسجد الحرام والهدي معكوفا ان يبلغ محله ولولا رجال مؤمنون ونساء مؤمنٰت لم تعلموهم ان تطوهم فتصيبكم منهم معرة بغير علم ليدخل الله في رحمته من يشاء لو تزيلوا لعذبنا الذين كفروا منهم عذابا اليما,سورة الفتح,43
48,26,اذ جعل الذين كفروا في قلوبهم الحمية حمية الجٰهلية فانزل الله سكينته علىٰ رسوله وعلى المؤمنين والزمهم كلمة التقوىٰ وكانوا احق بها واهلها وكان الله بكل شيء عليما,سورة الفتح,32
48,27,لقد صدق الله رسوله الرءيا بالحق لتدخلن المسجد الحرام ان شاء الله ءامنين محلقين رءوسكم ومقصرين لا تخافون فعلم ما لم تعلموا فجعل من دون ذٰلك فتحا قريبا,سورة الفتح,19
48,28,هو الذي ارسل رسوله بالهدىٰ ودين الحق ليظهره على الدين كله وكفىٰ بالله شهيدا,سورة الفتح,18
48,29,محمد رسول الله والذين معه اشداء على الكفار رحماء بينهم ترىٰهم ركعا سجدا يبتغون فضلا من الله ورضوٰنا سيماهم في وجوههم من اثر السجود ذٰلك مثلهم في التورىٰة ومثلهم في الانجيل كزرع اخرج شطه فازره فاستغلظ فاستوىٰ علىٰ سوقه يعجب الزراع ليغيظ بهم الكفار وعد الله الذين ءامنوا وعملوا الصٰلحٰت منهم مغفرة واجرا عظيما,سورة الفتح,8
49,0,سورة الحجرات,سورة الحجرات,6
49,0,بسم الله الرحمٰن الرحيم,سورة الحجرات,10
49,1,يٰايها الذين ءامنوا لا تقدموا بين يدي الله ورسوله واتقوا الله ان الله سميع عليم,سورة الحجرات,62
49,2,يٰايها الذين ءامنوا لا ترفعوا اصوٰتكم فوق صوت النبي ولا تجهروا له بالقول كجهر بعضكم لبعض ان تحبط اعمٰلكم وانتم لا تشعرون,سورة الحجرات,62
49,3,ان الذين يغضون اصوٰتهم عند رسول الله اولٰئك الذين امتحن الله قلوبهم للتقوىٰ لهم مغفرة واجر عظيم,سورة الحجرات,63
49,4,ان الذين ينادونك من وراء الحجرٰت اكثرهم لا يعقلون,سورة الحجرات,43
49,5,ولو انهم صبروا حتىٰ تخرج اليهم لكان خيرا لهم والله غفور رحيم,سورة الحجرات,18
49,6,يٰايها الذين ءامنوا ان جاءكم فاسق بنبا فتبينوا ان تصيبوا قوما بجهٰلة فتصبحوا علىٰ ما فعلتم نٰدمين,سورة الحجرات,62
49,7,واعلموا ان فيكم رسول الله لو يطيعكم في كثير من الامر لعنتم ولٰكن الله حبب اليكم الايمٰن وزينه في قلوبكم وكره اليكم الكفر والفسوق والعصيان اولٰئك هم الرٰشدون,سورة الحجرات,63
49,8,فضلا من الله ونعمة والله عليم حكيم,سورة الحجرات,5
49,9,وان طائفتان من المؤمنين اقتتلوا فاصلحوا بينهما فان بغت احدىٰهما على الاخرىٰ فقٰتلوا التي تبغي حتىٰ تفيء الىٰ امر الله فان فاءت فاصلحوا بينهما بالعدل واقسطوا ان الله يحب المقسطين,سورة الحجرات,3
49,10,انما المؤمنون اخوة فاصلحوا بين اخويكم واتقوا الله لعلكم ترحمون,سورة الحجرات,17
49,11,يٰايها الذين ءامنوا لا يسخر قوم من قوم عسىٰ ان يكونوا خيرا منهم ولا نساء من نساء عسىٰ ان يكن خيرا منهن ولا تلمزوا انفسكم ولا تنابزوا بالالقٰب بئس الاسم الفسوق بعد الايمٰن ومن لم يتب فاولٰئك هم الظٰلمون,سورة الحجرات,44
49,12,يٰايها الذين ءامنوا اجتنبوا كثيرا من الظن ان بعض الظن اثم ولا تجسسوا ولا يغتب بعضكم بعضا ايحب احدكم ان ياكل لحم اخيه ميتا فكرهتموه واتقوا الله ان الله تواب رحيم,سورة الحجرات,62
49,13,يٰايها الناس انا خلقنٰكم من ذكر وانثىٰ وجعلنٰكم شعوبا وقبائل لتعارفوا ان اكرمكم عند الله اتقىٰكم ان الله عليم خبير,سورة الحجرات,45
49,14,قالت الاعراب ءامنا قل لم تؤمنوا ولٰكن قولوا اسلمنا ولما يدخل الايمٰن في قلوبكم وان تطيعوا الله ورسوله لا يلتكم من اعمٰلكم شيا ان الله غفور رحيم,سورة الحجرات,3
49,15,انما المؤمنون الذين ءامنوا بالله ورسوله ثم لم يرتابوا وجٰهدوا باموٰلهم وانفسهم في سبيل الله اولٰئك هم الصٰدقون,سورة الحجرات,63
49,16,قل اتعلمون الله بدينكم والله يعلم ما في السمٰوٰت وما في الارض والله بكل شيء عليم,سورة الحجرات,8
49,17,يمنون عليك ان اسلموا قل لا تمنوا علي اسلٰمكم بل الله يمن عليكم ان هدىٰكم للايمٰن ان كنتم صٰدقين,سورة الحجرات,1
49,18,ان الله يعلم غيب السمٰوٰت والارض والله بصير بما تعملون,سورة الحجرات,66
50,0,سورة ق,سورة ق,6
50,0,بسم الله الرحمٰن الرحيم,سورة ق,10
50,1,ق والقرءان المجيد,سورة ق,0
50,2,بل عجبوا ان جاءهم منذر منهم فقال الكٰفرون هٰذا شيء عجيب,سورة ق,20
50,3,اءذا متنا وكنا ترابا ذٰلك رجع بعيد,سورة ق,21
50,4,قد علمنا ما تنقص الارض منهم وعندنا كتٰب حفيظ,سورة ق,0
50,5,بل كذبوا بالحق لما جاءهم فهم في امر مريج,سورة ق,9
50,6,افلم ينظروا الى السماء فوقهم كيف بنينٰها وزينٰها وما لها من فروج,سورة ق,23
50,7,والارض مددنٰها والقينا فيها روٰسي وانبتنا فيها من كل زوج بهيج,سورة ق,38
50,8,تبصرة وذكرىٰ لكل عبد منيب,سورة ق,0
50,9,ونزلنا من السماء ماء مبٰركا فانبتنا به جنٰت وحب الحصيد,سورة ق,41
50,10,والنخل باسقٰت لها طلع نضيد,سورة ق,39
50,11,رزقا للعباد واحيينا به بلدة ميتا كذٰلك الخروج,سورة ق,41
50,12,كذبت قبلهم قوم نوح واصحٰب الرس وثمود,سورة ق,0
50,13,وعاد وفرعون واخوٰن لوط,سورة ق,0
50,14,واصحٰب الايكة وقوم تبع كل كذب الرسل فحق وعيد,سورة ق,0
50,15,افعيينا بالخلق الاول بل هم في لبس من خلق جديد,سورة ق,9
50,16,ولقد خلقنا الانسٰن ونعلم ما توسوس به نفسه ونحن اقرب اليه من حبل الوريد,سورة ق,41
50,17,اذ يتلقى المتلقيان عن اليمين وعن الشمال قعيد,سورة ق,52
50,18,ما يلفظ من قول الا لديه رقيب عتيد,سورة ق,31
50,19,وجاءت سكرة الموت بالحق ذٰلك ما كنت منه تحيد,سورة ق,21
50,20,ونفخ في الصور ذٰلك يوم الوعيد,سورة ق,56
50,21,وجاءت كل نفس معها سائق وشهيد,سورة ق,0
50,22,لقد كنت في غفلة من هٰذا فكشفنا عنك غطاءك فبصرك اليوم حديد,سورة ق,20
50,23,وقال قرينه هٰذا ما لدي عتيد,سورة ق,20
50,24,القيا في جهنم كل كفار عنيد,سورة ق,0
50,25,مناع للخير معتد مريب,سورة ق,0
50,26,الذي جعل مع الله الٰها ءاخر فالقياه في العذاب الشديد,سورة ق,23
50,27,قال قرينه ربنا ما اطغيته ولٰكن كان في ضلٰل بعيد,سورة ق,46
50,28,قال لا تختصموا لدي وقد قدمت اليكم بالوعيد,سورة ق,26
50,29,ما يبدل القول لدي وما انا بظلٰم للعبيد,سورة ق,29
50,30,يوم نقول لجهنم هل امتلات وتقول هل من مزيد,سورة ق,56
50,31,وازلفت الجنة للمتقين غير بعيد,سورة ق,0
50,32,هٰذا ما توعدون لكل اواب حفيظ,سورة ق,20
50,33,من خشي الرحمٰن بالغيب وجاء بقلب منيب,سورة ق,59
50,34,ادخلوها بسلٰم ذٰلك يوم الخلود,سورة ق,56
50,35,لهم ما يشاءون فيها ولدينا مزيد,سورة ق,38
50,36,وكم اهلكنا قبلهم من قرن هم اشد منهم بطشا فنقبوا في البلٰد هل من محيص,سورة ق,24
50,37,ان في ذٰلك لذكرىٰ لمن كان له قلب او القى السمع وهو شهيد,سورة ق,49
50,38,ولقد خلقنا السمٰوٰت والارض وما بينهما في ستة ايام وما مسنا من لغوب,سورة ق,66
50,39,فاصبر علىٰ ما يقولون وسبح بحمد ربك قبل طلوع الشمس وقبل الغروب,سورة ق,4
50,40,ومن اليل فسبحه وادبٰر السجود,سورة ق,0
50,41,واستمع يوم يناد المناد من مكان قريب,سورة ق,56
50,42,يوم يسمعون الصيحة بالحق ذٰلك يوم الخروج,سورة ق,56
50,43,انا نحن نحي ونميت والينا المصير,سورة ق,37
50,44,يوم تشقق الارض عنهم سراعا ذٰلك حشر علينا يسير,سورة ق,56
50,45,نحن اعلم بما يقولون وما انت عليهم بجبار فذكر بالقرءان من يخاف وعيد,سورة ق,29
51,0,سورة الذاريات,سورة الذاريات,6
51,0,بسم الله الرحمٰن الرحيم,سورة الذاريات,10
51,1,والذٰريٰت ذروا,سورة الذاريات,0
51,2,فالحٰملٰت وقرا,سورة الذاريات,0
51,3,فالجٰريٰت يسرا,سورة الذاريات,0
51,4,فالمقسمٰت امرا,سورة الذاريات,0
51,5,انما توعدون لصادق,سورة الذاريات,17
51,6,وان الدين لوٰقع,سورة الذاريات,0
51,7,والسماء ذات الحبك,سورة الذاريات,0
51,8,انكم لفي قول مختلف,سورة الذاريات,0
51,9,يؤفك عنه من افك,سورة الذاريات,15
51,10,قتل الخرٰصون,سورة الذاريات,0
51,11,الذين هم في غمرة ساهون,سورة الذاريات,9
51,12,يسلون ايان يوم الدين,سورة الذاريات,56
51,13,يوم هم على النار يفتنون,سورة الذاريات,56
51,14,ذوقوا فتنتكم هٰذا الذي كنتم به تستعجلون,سورة الذاريات,41
51,15,ان المتقين في جنٰت وعيون,سورة الذاريات,13
51,16,ءاخذين ما ءاتىٰهم ربهم انهم كانوا قبل ذٰلك محسنين,سورة الذاريات,25
51,17,كانوا قليلا من اليل ما يهجعون,سورة الذاريات,27
51,18,وبالاسحار هم يستغفرون,سورة الذاريات,9
51,19,وفي اموٰلهم حق للسائل والمحروم,سورة الذاريات,0
51,20,وفي الارض ءايٰت للموقنين,سورة الذاريات,0
51,21,وفي انفسكم افلا تبصرون,سورة الذاريات,50
51,22,وفي السماء رزقكم وما توعدون,سورة الذاريات,29
51,23,فورب السماء والارض انه لحق مثل ما انكم تنطقون,سورة الذاريات,36
51,24,هل اتىٰك حديث ضيف ابرٰهيم المكرمين,سورة الذاريات,58
51,25,اذ دخلوا عليه فقالوا سلٰما قال سلٰم قوم منكرون,سورة الذاريات,26
51,26,فراغ الىٰ اهله فجاء بعجل سمين,سورة الذاريات,0
51,27,فقربه اليهم قال الا تاكلون,سورة الذاريات,26
51,28,فاوجس منهم خيفة قالوا لا تخف وبشروه بغلٰم عليم,سورة الذاريات,43
51,29,فاقبلت امراته في صرة فصكت وجهها وقالت عجوز عقيم,سورة الذاريات,0
51,30,قالوا كذٰلك قال ربك انه هو الحكيم العليم,سورة الذاريات,36
51,31,قال فما خطبكم ايها المرسلون,سورة الذاريات,26
51,32,قالوا انا ارسلنا الىٰ قوم مجرمين,سورة الذاريات,37
51,33,لنرسل عليهم حجارة من طين,سورة الذاريات,59
51,34,مسومة عند ربك للمسرفين,سورة الذاريات,4
51,35,فاخرجنا من كان فيها من المؤمنين,سورة الذاريات,38
51,36,فما وجدنا فيها غير بيت من المسلمين,سورة الذاريات,38
51,37,وتركنا فيها ءاية للذين يخافون العذاب الاليم,سورة الذاريات,18
51,38,وفي موسىٰ اذ ارسلنٰه الىٰ فرعون بسلطٰن مبين,سورة الذاريات,42
51,39,فتولىٰ بركنه وقال سٰحر او مجنون,سورة الذاريات,30
51,40,فاخذنٰه وجنوده فنبذنٰهم في اليم وهو مليم,سورة الذاريات,49
51,41,وفي عاد اذ ارسلنا عليهم الريح العقيم,سورة الذاريات,0
51,42,ما تذر من شيء اتت عليه الا جعلته كالرميم,سورة الذاريات,31
51,43,وفي ثمود اذ قيل لهم تمتعوا حتىٰ حين,سورة الذاريات,18
51,44,فعتوا عن امر ربهم فاخذتهم الصٰعقة وهم ينظرون,سورة الذاريات,0
51,45,فما استطٰعوا من قيام وما كانوا منتصرين,سورة الذاريات,29
51,46,وقوم نوح من قبل انهم كانوا قوما فٰسقين,سورة الذاريات,25
51,47,والسماء بنينٰها باييد وانا لموسعون,سورة الذاريات,23
51,48,والارض فرشنٰها فنعم المٰهدون,سورة الذاريات,55
51,49,ومن كل شيء خلقنا زوجين لعلكم تذكرون,سورة الذاريات,50
51,50,ففروا الى الله اني لكم منه نذير مبين,سورة الذاريات,12
51,51,ولا تجعلوا مع الله الٰها ءاخر اني لكم منه نذير مبين,سورة الذاريات,23
51,52,كذٰلك ما اتى الذين من قبلهم من رسول الا قالوا ساحر او مجنون,سورة الذاريات,30
51,53,اتواصوا به بل هم قوم طاغون,سورة الذاريات,9
51,54,فتول عنهم فما انت بملوم,سورة الذاريات,0
51,55,وذكر فان الذكرىٰ تنفع المؤمنين,سورة الذاريات,0
51,56,وما خلقت الجن والانس الا ليعبدون,سورة الذاريات,31
51,57,ما اريد منهم من رزق وما اريد ان يطعمون,سورة الذاريات,29
51,58,ان الله هو الرزاق ذو القوة المتين,سورة الذاريات,17
51,59,فان للذين ظلموا ذنوبا مثل ذنوب اصحٰبهم فلا يستعجلون,سورة الذاريات,52
51,60,فويل للذين كفروا من يومهم الذي يوعدون,سورة الذاريات,59
52,0,سورة الطور,سورة الطور,6
52,0,بسم الله الرحمٰن الرحيم,سورة الطور,10
52,1,والطور,سورة الطور,0
52,2,وكتٰب مسطور,سورة الطور,0
52,3,في رق منشور,سورة الطور,8
52,4,والبيت المعمور,سورة الطور,0
52,5,والسقف المرفوع,سورة الطور,0
52,6,والبحر المسجور,سورة الطور,0
52,7,ان عذاب ربك لوٰقع,سورة الطور,4
52,8,ما له من دافع,سورة الطور,59
52,9,يوم تمور السماء مورا,سورة الطور,56
52,10,وتسير الجبال سيرا,سورة الطور,0
52,11,فويل يومئذ للمكذبين,سورة الطور,34
52,12,الذين هم في خوض يلعبون,سورة الطور,9
52,13,يوم يدعون الىٰ نار جهنم دعا,سورة الطور,56
52,14,هٰذه النار التي كنتم بها تكذبون,سورة الطور,1
52,15,افسحر هٰذا ام انتم لا تبصرون,سورة الطور,60
52,16,اصلوها فاصبروا او لا تصبروا سواء عليكم انما تجزون ما كنتم تعملون,سورة الطور,17
52,17,ان المتقين في جنٰت ونعيم,سورة الطور,13
52,18,فٰكهين بما ءاتىٰهم ربهم ووقىٰهم ربهم عذاب الجحيم,سورة الطور,9
52,19,كلوا واشربوا هنيا بما كنتم تعملون,سورة الطور,1
52,20,متكين علىٰ سرر مصفوفة وزوجنٰهم بحور عين,سورة الطور,9
52,21,والذين ءامنوا واتبعتهم ذريتهم بايمٰن الحقنا بهم ذريتهم وما التنٰهم من عملهم من شيء كل امري بما كسب رهين,سورة الطور,59
52,22,وامددنٰهم بفٰكهة ولحم مما يشتهون,سورة الطور,64
52,23,يتنٰزعون فيها كاسا لا لغو فيها ولا تاثيم,سورة الطور,38
52,24,ويطوف عليهم غلمان لهم كانهم لؤلؤ مكنون,سورة الطور,0
52,25,واقبل بعضهم علىٰ بعض يتساءلون,سورة الطور,67
52,26,قالوا انا كنا قبل في اهلنا مشفقين,سورة الطور,37
52,27,فمن الله علينا ووقىٰنا عذاب السموم,سورة الطور,43
52,28,انا كنا من قبل ندعوه انه هو البر الرحيم,سورة الطور,37
52,29,فذكر فما انت بنعمت ربك بكاهن ولا مجنون,سورة الطور,4
52,30,ام يقولون شاعر نتربص به ريب المنون,سورة الطور,60
52,31,قل تربصوا فاني معكم من المتربصين,سورة الطور,59
52,32,ام تامرهم احلٰمهم بهٰذا ام هم قوم طاغون,سورة الطور,60
52,33,ام يقولون تقوله بل لا يؤمنون,سورة الطور,60
52,34,فلياتوا بحديث مثله ان كانوا صٰدقين,سورة الطور,1
52,35,ام خلقوا من غير شيء ام هم الخٰلقون,سورة الطور,60
52,36,ام خلقوا السمٰوٰت والارض بل لا يوقنون,سورة الطور,66
52,37,ام عندهم خزائن ربك ام هم المصيطرون,سورة الطور,60
52,38,ام لهم سلم يستمعون فيه فليات مستمعهم بسلطٰن مبين,سورة الطور,60
52,39,ام له البنٰت ولكم البنون,سورة الطور,60
52,40,ام تسلهم اجرا فهم من مغرم مثقلون,سورة الطور,60
52,41,ام عندهم الغيب فهم يكتبون,سورة الطور,60
52,42,ام يريدون كيدا فالذين كفروا هم المكيدون,سورة الطور,60
52,43,ام لهم الٰه غير الله سبحٰن الله عما يشركون,سورة الطور,60
52,44,وان يروا كسفا من السماء ساقطا يقولوا سحاب مركوم,سورة الطور,59
52,45,فذرهم حتىٰ يلٰقوا يومهم الذي فيه يصعقون,سورة الطور,18
52,46,يوم لا يغني عنهم كيدهم شيا ولا هم ينصرون,سورة الطور,56
52,47,وان للذين ظلموا عذابا دون ذٰلك ولٰكن اكثرهم لا يعلمون,سورة الطور,46
52,48,واصبر لحكم ربك فانك باعيننا وسبح بحمد ربك حين تقوم,سورة الطور,4
52,49,ومن اليل فسبحه وادبٰر النجوم,سورة الطور,0
53,0,سورة النجم,سورة النجم,6
53,0,بسم الله الرحمٰن الرحيم,سورة النجم,10
53,1,والنجم اذا هوىٰ,سورة النجم,11
53,2,ما ضل صاحبكم وما غوىٰ,سورة النجم,29
53,3,وما ينطق عن الهوىٰ,سورة النجم,29
53,4,ان هو الا وحي يوحىٰ,سورة النجم,31
53,5,علمه شديد القوىٰ,سورة النجم,0
53,6,ذو مرة فاستوىٰ,سورة النجم,0
53,7,وهو بالافق الاعلىٰ,سورة النجم,49
53,8,ثم دنا فتدلىٰ,سورة النجم,69
53,9,فكان قاب قوسين او ادنىٰ,سورة النجم,30
53,10,فاوحىٰ الىٰ عبده ما اوحىٰ,سورة النجم,0
53,11,ما كذب الفؤاد ما راىٰ,سورة النجم,0
53,12,افتمٰرونه علىٰ ما يرىٰ,سورة النجم,67
53,13,ولقد رءاه نزلة اخرىٰ,سورة النجم,0
53,14,عند سدرة المنتهىٰ,سورة النجم,0
53,15,عندها جنة الماوىٰ,سورة النجم,0
53,16,اذ يغشى السدرة ما يغشىٰ,سورة النجم,0
53,17,ما زاغ البصر وما طغىٰ,سورة النجم,29
53,18,لقد راىٰ من ءايٰت ربه الكبرىٰ,سورة النجم,59
53,19,افرءيتم اللٰت والعزىٰ,سورة النجم,0
53,20,ومنوٰة الثالثة الاخرىٰ,سورة النجم,0
53,21,الكم الذكر وله الانثىٰ,سورة النجم,0
53,22,تلك اذا قسمة ضيزىٰ,سورة النجم,11
53,23,ان هي الا اسماء سميتموها انتم وءاباؤكم ما انزل الله بها من سلطٰن ان يتبعون الا الظن وما تهوى الانفس ولقد جاءهم من ربهم الهدىٰ,سورة النجم,31
53,24,ام للانسٰن ما تمنىٰ,سورة النجم,60
53,25,فلله الاخرة والاولىٰ,سورة النجم,0
53,26,وكم من ملك في السمٰوٰت لا تغني شفٰعتهم شيا الا من بعد ان ياذن الله لمن يشاء ويرضىٰ,سورة النجم,31
53,27,ان الذين لا يؤمنون بالاخرة ليسمون الملٰئكة تسمية الانثىٰ,سورة النجم,43
53,28,وما لهم به من علم ان يتبعون الا الظن وان الظن لا يغني من الحق شيا,سورة النجم,31
53,29,فاعرض عن من تولىٰ عن ذكرنا ولم يرد الا الحيوٰة الدنيا,سورة النجم,31
53,30,ذٰلك مبلغهم من العلم ان ربك هو اعلم بمن ضل عن سبيله وهو اعلم بمن اهتدىٰ,سورة النجم,4
53,31,ولله ما في السمٰوٰت وما في الارض ليجزي الذين اسٰوا بما عملوا ويجزي الذين احسنوا بالحسنى,سورة النجم,8
53,32,الذين يجتنبون كبٰئر الاثم والفوٰحش الا اللمم ان ربك وٰسع المغفرة هو اعلم بكم اذ انشاكم من الارض واذ انتم اجنة في بطون امهٰتكم فلا تزكوا انفسكم هو اعلم بمن اتقىٰ,سورة النجم,4
53,33,افرءيت الذي تولىٰ,سورة النجم,0
53,34,واعطىٰ قليلا واكدىٰ,سورة النجم,0
53,35,اعنده علم الغيب فهو يرىٰ,سورة النجم,47
53,36,ام لم ينبا بما في صحف موسىٰ,سورة النجم,60
53,37,وابرٰهيم الذي وفىٰ,سورة النجم,58
53,38,الا تزر وازرة وزر اخرىٰ,سورة النجم,31
53,39,وان ليس للانسٰن الا ما سعىٰ,سورة النجم,15
53,40,وان سعيه سوف يرىٰ,سورة النجم,0
53,41,ثم يجزىٰه الجزاء الاوفىٰ,سورة النجم,69
53,42,وان الىٰ ربك المنتهىٰ,سورة النجم,4
53,43,وانه هو اضحك وابكىٰ,سورة النجم,65
53,44,وانه هو امات واحيا,سورة النجم,65
53,45,وانه خلق الزوجين الذكر والانثىٰ,سورة النجم,65
53,46,من نطفة اذا تمنىٰ,سورة النجم,11
53,47,وان عليه النشاة الاخرىٰ,سورة النجم,0
53,48,وانه هو اغنىٰ واقنىٰ,سورة النجم,65
53,49,وانه هو رب الشعرىٰ,سورة النجم,65
53,50,وانه اهلك عادا الاولىٰ,سورة النجم,65
53,51,وثمودا فما ابقىٰ,سورة النجم,0
53,52,وقوم نوح من قبل انهم كانوا هم اظلم واطغىٰ,سورة النجم,25
53,53,والمؤتفكة اهوىٰ,سورة النجم,0
53,54,فغشىٰها ما غشىٰ,سورة النجم,23
53,55,فباي ءالاء ربك تتمارىٰ,سورة النجم,4
53,56,هٰذا نذير من النذر الاولىٰ,سورة النجم,20
53,57,ازفت الازفة,سورة النجم,0
53,58,ليس لها من دون الله كاشفة,سورة النجم,39
53,59,افمن هٰذا الحديث تعجبون,سورة النجم,20
53,60,وتضحكون ولا تبكون,سورة النجم,44
53,61,وانتم سٰمدون,سورة النجم,14
53,62,فاسجدوا لله واعبدوا,سورة النجم,0
54,0,سورة القمر,سورة القمر,6
54,0,بسم الله الرحمٰن الرحيم,سورة القمر,10
54,1,اقتربت الساعة وانشق القمر,سورة القمر,0
54,2,وان يروا ءاية يعرضوا ويقولوا سحر مستمر,سورة القمر,18
54,3,وكذبوا واتبعوا اهواءهم وكل امر مستقر,سورة القمر,35
54,4,ولقد جاءهم من الانباء ما فيه مزدجر,سورة القمر,59
54,5,حكمة بٰلغة فما تغن النذر,سورة القمر,0
54,6,فتول عنهم يوم يدع الداع الىٰ شيء نكر,سورة القمر,56
54,7,خشعا ابصٰرهم يخرجون من الاجداث كانهم جراد منتشر,سورة القمر,59
54,8,مهطعين الى الداع يقول الكٰفرون هٰذا يوم عسر,سورة القمر,56
54,9,كذبت قبلهم قوم نوح فكذبوا عبدنا وقالوا مجنون وازدجر,سورة القمر,0
54,10,فدعا ربه اني مغلوب فانتصر,سورة القمر,12
54,11,ففتحنا ابوٰب السماء بماء منهمر,سورة القمر,0
54,12,وفجرنا الارض عيونا فالتقى الماء علىٰ امر قد قدر,سورة القمر,35
54,13,وحملنٰه علىٰ ذات الوٰح ودسر,سورة القمر,67
54,14,تجري باعيننا جزاء لمن كان كفر,سورة القمر,19
54,15,ولقد تركنٰها ءاية فهل من مدكر,سورة القمر,23
54,16,فكيف كان عذابي ونذر,سورة القمر,51
54,17,ولقد يسرنا القرءان للذكر فهل من مدكر,سورة القمر,59
54,18,كذبت عاد فكيف كان عذابي ونذر,سورة القمر,51
54,19,انا ارسلنا عليهم ريحا صرصرا في يوم نحس مستمر,سورة القمر,37
54,20,تنزع الناس كانهم اعجاز نخل منقعر,سورة القمر,0
54,21,فكيف كان عذابي ونذر,سورة القمر,51
54,22,ولقد يسرنا القرءان للذكر فهل من مدكر,سورة القمر,59
54,23,كذبت ثمود بالنذر,سورة القمر,0
54,24,فقالوا ابشرا منا وٰحدا نتبعه انا اذا لفي ضلٰل وسعر,سورة القمر,11
54,25,اءلقي الذكر عليه من بيننا بل هو كذاب اشر,سورة القمر,9
54,26,سيعلمون غدا من الكذاب الاشر,سورة القمر,59
54,27,انا مرسلوا الناقة فتنة لهم فارتقبهم واصطبر,سورة القمر,37
54,28,ونبئهم ان الماء قسمة بينهم كل شرب محتضر,سورة القمر,0
54,29,فنادوا صاحبهم فتعاطىٰ فعقر,سورة القمر,0
54,30,فكيف كان عذابي ونذر,سورة القمر,51
54,31,انا ارسلنا عليهم صيحة وٰحدة فكانوا كهشيم المحتظر,سورة القمر,39
54,32,ولقد يسرنا القرءان للذكر فهل من مدكر,سورة القمر,59
54,33,كذبت قوم لوط بالنذر,سورة القمر,0
54,34,انا ارسلنا عليهم حاصبا الا ءال لوط نجينٰهم بسحر,سورة القمر,37
54,35,نعمة من عندنا كذٰلك نجزي من شكر,سورة القمر,21
54,36,ولقد انذرهم بطشتنا فتماروا بالنذر,سورة القمر,0
54,37,ولقد رٰودوه عن ضيفه فطمسنا اعينهم فذوقوا عذابي ونذر,سورة القمر,0
54,38,ولقد صبحهم بكرة عذاب مستقر,سورة القمر,0
54,39,فذوقوا عذابي ونذر,سورة القمر,0
54,40,ولقد يسرنا القرءان للذكر فهل من مدكر,سورة القمر,59
54,41,ولقد جاء ءال فرعون النذر,سورة القمر,42
54,42,كذبوا بايٰتنا كلها فاخذنٰهم اخذ عزيز مقتدر,سورة القمر,28
54,43,اكفاركم خير من اولٰئكم ام لكم براءة في الزبر,سورة القمر,60
54,44,ام يقولون نحن جميع منتصر,سورة القمر,60
54,45,سيهزم الجمع ويولون الدبر,سورة القمر,0
54,46,بل الساعة موعدهم والساعة ادهىٰ وامر,سورة القمر,9
54,47,ان المجرمين في ضلٰل وسعر,سورة القمر,8
54,48,يوم يسحبون في النار علىٰ وجوههم ذوقوا مس سقر,سورة القمر,56
54,49,انا كل شيء خلقنٰه بقدر,سورة القمر,37
54,50,وما امرنا الا وٰحدة كلمح بالبصر,سورة القمر,31
54,51,ولقد اهلكنا اشياعكم فهل من مدكر,سورة القمر,24
54,52,وكل شيء فعلوه في الزبر,سورة القمر,8
54,53,وكل صغير وكبير مستطر,سورة القمر,0
54,54,ان المتقين في جنٰت ونهر,سورة القمر,13
54,55,في مقعد صدق عند مليك مقتدر,سورة القمر,0
55,0,سورة الرحمٰن,سورة الرحمٰن,6
55,0,بسم الله الرحمٰن الرحيم,سورة الرحمٰن,10
55,1,الرحمٰن,سورة الرحمٰن,10
55,2,علم القرءان,سورة الرحمٰن,15
55,3,خلق الانسٰن,سورة الرحمٰن,5
55,4,علمه البيان,سورة الرحمٰن,0
55,5,الشمس والقمر بحسبان,سورة الرحمٰن,0
55,6,والنجم والشجر يسجدان,سورة الرحمٰن,0
55,7,والسماء رفعها ووضع الميزان,سورة الرحمٰن,0
55,8,الا تطغوا في الميزان,سورة الرحمٰن,31
55,9,واقيموا الوزن بالقسط ولا تخسروا الميزان,سورة الرحمٰن,44
55,10,والارض وضعها للانام,سورة الرحمٰن,66
55,11,فيها فٰكهة والنخل ذات الاكمام,سورة الرحمٰن,38
55,12,والحب ذو العصف والريحان,سورة الرحمٰن,0
55,13,فباي ءالاء ربكما تكذبان,سورة الرحمٰن,0
55,14,خلق الانسٰن من صلصٰل كالفخار,سورة الرحمٰن,5
55,15,وخلق الجان من مارج من نار,سورة الرحمٰن,59
55,16,فباي ءالاء ربكما تكذبان,سورة الرحمٰن,0
55,17,رب المشرقين ورب المغربين,سورة الرحمٰن,0
55,18,فباي ءالاء ربكما تكذبان,سورة الرحمٰن,0
55,19,مرج البحرين يلتقيان,سورة الرحمٰن,0
55,20,بينهما برزخ لا يبغيان,سورة الرحمٰن,43
55,21,فباي ءالاء ربكما تكذبان,سورة الرحمٰن,0
55,22,يخرج منهما اللؤلؤ والمرجان,سورة الرحمٰن,0
55,23,فباي ءالاء ربكما تكذبان,سورة الرحمٰن,0
55,24,وله الجوار المنشات في البحر كالاعلٰم,سورة الرحمٰن,0
55,25,فباي ءالاء ربكما تكذبان,سورة الرحمٰن,0
55,26,كل من عليها فان,سورة الرحمٰن,59
55,27,ويبقىٰ وجه ربك ذو الجلٰل والاكرام,سورة الرحمٰن,4
55,28,فباي ءالاء ربكما تكذبان,سورة الرحمٰن,0
55,29,يسله من في السمٰوٰت والارض كل يوم هو في شان,سورة الرحمٰن,66
55,30,فباي ءالاء ربكما تكذبان,سورة الرحمٰن,0
55,31,سنفرغ لكم ايه الثقلان,سورة الرحمٰن,64
55,32,فباي ءالاء ربكما تكذبان,سورة الرحمٰن,0
55,33,يٰمعشر الجن والانس ان استطعتم ان تنفذوا من اقطار السمٰوٰت والارض فانفذوا لا تنفذون الا بسلطٰن,سورة الرحمٰن,66
55,34,فباي ءالاء ربكما تكذبان,سورة الرحمٰن,0
55,35,يرسل عليكما شواظ من نار ونحاس فلا تنتصران,سورة الرحمٰن,14
55,36,فباي ءالاء ربكما تكذبان,سورة الرحمٰن,0
55,37,فاذا انشقت السماء فكانت وردة كالدهان,سورة الرحمٰن,48
55,38,فباي ءالاء ربكما تكذبان,سورة الرحمٰن,0
55,39,فيومئذ لا يسل عن ذنبه انس ولا جان,سورة الرحمٰن,44
55,40,فباي ءالاء ربكما تكذبان,سورة الرحمٰن,0
55,41,يعرف المجرمون بسيمٰهم فيؤخذ بالنوٰصي والاقدام,سورة الرحمٰن,9
55,42,فباي ءالاء ربكما تكذبان,سورة الرحمٰن,0
55,43,هٰذه جهنم التي يكذب بها المجرمون,سورة الرحمٰن,0
55,44,يطوفون بينها وبين حميم ءان,سورة الرحمٰن,0
55,45,فباي ءالاء ربكما تكذبان,سورة الرحمٰن,0
55,46,ولمن خاف مقام ربه جنتان,سورة الرحمٰن,0
55,47,فباي ءالاء ربكما تكذبان,سورة الرحمٰن,0
55,48,ذواتا افنان,سورة الرحمٰن,0
55,49,فباي ءالاء ربكما تكذبان,سورة الرحمٰن,0
55,50,فيهما عينان تجريان,سورة الرحمٰن,0
55,51,فباي ءالاء ربكما تكذبان,سورة الرحمٰن,0
55,52,فيهما من كل فٰكهة زوجان,سورة الرحمٰن,64
55,53,فباي ءالاء ربكما تكذبان,سورة الرحمٰن,0
55,54,متكين علىٰ فرش بطائنها من استبرق وجنى الجنتين دان,سورة الرحمٰن,53
55,55,فباي ءالاء ربكما تكذبان,سورة الرحمٰن,0
55,56,فيهن قٰصرٰت الطرف لم يطمثهن انس قبلهم ولا جان,سورة الرحمٰن,44
55,57,فباي ءالاء ربكما تكذبان,سورة الرحمٰن,0
55,58,كانهن الياقوت والمرجان,سورة الرحمٰن,0
55,59,فباي ءالاء ربكما تكذبان,سورة الرحمٰن,0
55,60,هل جزاء الاحسٰن الا الاحسٰن,سورة الرحمٰن,31
55,61,فباي ءالاء ربكما تكذبان,سورة الرحمٰن,0
55,62,ومن دونهما جنتان,سورة الرحمٰن,0
55,63,فباي ءالاء ربكما تكذبان,سورة الرحمٰن,0
55,64,مدهامتان,سورة الرحمٰن,0
55,65,فباي ءالاء ربكما تكذبان,سورة الرحمٰن,0
55,66,فيهما عينان نضاختان,سورة الرحمٰن,0
55,67,فباي ءالاء ربكما تكذبان,سورة الرحمٰن,0
55,68,فيهما فٰكهة ونخل ورمان,سورة الرحمٰن,64
55,69,فباي ءالاء ربكما تكذبان,سورة الرحمٰن,0
55,70,فيهن خيرٰت حسان,سورة الرحمٰن,17
55,71,فباي ءالاء ربكما تكذبان,سورة الرحمٰن,0
55,72,حور مقصورٰت في الخيام,سورة الرحمٰن,0
55,73,فباي ءالاء ربكما تكذبان,سورة الرحمٰن,0
55,74,لم يطمثهن انس قبلهم ولا جان,سورة الرحمٰن,44
55,75,فباي ءالاء ربكما تكذبان,سورة الرحمٰن,0
55,76,متكين علىٰ رفرف خضر وعبقري حسان,سورة الرحمٰن,67
55,77,فباي ءالاء ربكما تكذبان,سورة الرحمٰن,0
55,78,تبٰرك اسم ربك ذي الجلٰل والاكرام,سورة الرحمٰن,4
56,0,سورة الواقعة,سورة الواقعة,6
56,0,بسم الله الرحمٰن الرحيم,سورة الواقعة,10
56,1,اذا وقعت الواقعة,سورة الواقعة,11
56,2,ليس لوقعتها كاذبة,سورة الواقعة,15
56,3,خافضة رافعة,سورة الواقعة,0
56,4,اذا رجت الارض رجا,سورة الواقعة,11
56,5,وبست الجبال بسا,سورة الواقعة,0
56,6,فكانت هباء منبثا,سورة الواقعة,0
56,7,وكنتم ازوٰجا ثلٰثة,سورة الواقعة,0
56,8,فاصحٰب الميمنة ما اصحٰب الميمنة,سورة الواقعة,52
56,9,واصحٰب المشمة ما اصحٰب المشمة,سورة الواقعة,52
56,10,والسٰبقون السٰبقون,سورة الواقعة,0
56,11,اولٰئك المقربون,سورة الواقعة,63
56,12,في جنٰت النعيم,سورة الواقعة,13
56,13,ثلة من الاولين,سورة الواقعة,59
56,14,وقليل من الاخرين,سورة الواقعة,59
56,15,علىٰ سرر موضونة,سورة الواقعة,67
56,16,متكين عليها متقٰبلين,سورة الواقعة,0
56,17,يطوف عليهم ولدٰن مخلدون,سورة الواقعة,0
56,18,باكواب واباريق وكاس من معين,سورة الواقعة,59
56,19,لا يصدعون عنها ولا ينزفون,سورة الواقعة,44
56,20,وفٰكهة مما يتخيرون,سورة الواقعة,64
56,21,ولحم طير مما يشتهون,سورة الواقعة,0
56,22,وحور عين,سورة الواقعة,0
56,23,كامثٰل اللؤلو المكنون,سورة الواقعة,0
56,24,جزاء بما كانوا يعملون,سورة الواقعة,27
56,25,لا يسمعون فيها لغوا ولا تاثيما,سورة الواقعة,38
56,26,الا قيلا سلٰما سلٰما,سورة الواقعة,31
56,27,واصحٰب اليمين ما اصحٰب اليمين,سورة الواقعة,52
56,28,في سدر مخضود,سورة الواقعة,8
56,29,وطلح منضود,سورة الواقعة,0
56,30,وظل ممدود,سورة الواقعة,0
56,31,وماء مسكوب,سورة الواقعة,0
56,32,وفٰكهة كثيرة,سورة الواقعة,64
56,33,لا مقطوعة ولا ممنوعة,سورة الواقعة,44
56,34,وفرش مرفوعة,سورة الواقعة,0
56,35,انا انشانٰهن انشاء,سورة الواقعة,37
56,36,فجعلنٰهن ابكارا,سورة الواقعة,0
56,37,عربا اترابا,سورة الواقعة,0
56,38,لاصحٰب اليمين,سورة الواقعة,52
56,39,ثلة من الاولين,سورة الواقعة,59
56,40,وثلة من الاخرين,سورة الواقعة,59
56,41,واصحٰب الشمال ما اصحٰب الشمال,سورة الواقعة,52
56,42,في سموم وحميم,سورة الواقعة,8
56,43,وظل من يحموم,سورة الواقعة,59
56,44,لا بارد ولا كريم,سورة الواقعة,44
56,45,انهم كانوا قبل ذٰلك مترفين,سورة الواقعة,25
56,46,وكانوا يصرون على الحنث العظيم,سورة الواقعة,67
56,47,وكانوا يقولون ائذا متنا وكنا ترابا وعظٰما اءنا لمبعوثون,سورة الواقعة,0
56,48,اوءاباؤنا الاولون,سورة الواقعة,0
56,49,قل ان الاولين والاخرين,سورة الواقعة,17
56,50,لمجموعون الىٰ ميقٰت يوم معلوم,سورة الواقعة,56
56,51,ثم انكم ايها الضالون المكذبون,سورة الواقعة,69
56,52,لاكلون من شجر من زقوم,سورة الواقعة,59
56,53,فمالون منها البطون,سورة الواقعة,64
56,54,فشٰربون عليه من الحميم,سورة الواقعة,59
56,55,فشٰربون شرب الهيم,سورة الواقعة,0
56,56,هٰذا نزلهم يوم الدين,سورة الواقعة,56
56,57,نحن خلقنٰكم فلولا تصدقون,سورة الواقعة,45
56,58,افرءيتم ما تمنون,سورة الواقعة,0
56,59,ءانتم تخلقونه ام نحن الخٰلقون,سورة الواقعة,60
56,60,نحن قدرنا بينكم الموت وما نحن بمسبوقين,سورة الواقعة,29
56,61,علىٰ ان نبدل امثٰلكم وننشئكم في ما لا تعلمون,سورة الواقعة,43
56,62,ولقد علمتم النشاة الاولىٰ فلولا تذكرون,سورة الواقعة,0
56,63,افرءيتم ما تحرثون,سورة الواقعة,0
56,64,ءانتم تزرعونه ام نحن الزٰرعون,سورة الواقعة,60
56,65,لو نشاء لجعلنٰه حطٰما فظلتم تفكهون,سورة الواقعة,0
56,66,انا لمغرمون,سورة الواقعة,37
56,67,بل نحن محرومون,سورة الواقعة,9
56,68,افرءيتم الماء الذي تشربون,سورة الواقعة,0
56,69,ءانتم انزلتموه من المزن ام نحن المنزلون,سورة الواقعة,60
56,70,لو نشاء جعلنٰه اجاجا فلولا تشكرون,سورة الواقعة,0
56,71,افرءيتم النار التي تورون,سورة الواقعة,0
56,72,ءانتم انشاتم شجرتها ام نحن المنشون,سورة الواقعة,60
56,73,نحن جعلنٰها تذكرة ومتٰعا للمقوين,سورة الواقعة,23
56,74,فسبح باسم ربك العظيم,سورة الواقعة,4
56,75,فلا اقسم بموٰقع النجوم,سورة الواقعة,14
56,76,وانه لقسم لو تعلمون عظيم,سورة الواقعة,65
56,77,انه لقرءان كريم,سورة الواقعة,36
56,78,في كتٰب مكنون,سورة الواقعة,8
56,79,لا يمسه الا المطهرون,سورة الواقعة,31
56,80,تنزيل من رب العٰلمين,سورة الواقعة,16
56,81,افبهٰذا الحديث انتم مدهنون,سورة الواقعة,20
56,82,وتجعلون رزقكم انكم تكذبون,سورة الواقعة,0
56,83,فلولا اذا بلغت الحلقوم,سورة الواقعة,11
56,84,وانتم حينئذ تنظرون,سورة الواقعة,14
56,85,ونحن اقرب اليه منكم ولٰكن لا تبصرون,سورة الواقعة,46
56,86,فلولا ان كنتم غير مدينين,سورة الواقعة,1
56,87,ترجعونها ان كنتم صٰدقين,سورة الواقعة,1
56,88,فاما ان كان من المقربين,سورة الواقعة,59
56,89,فروح وريحان وجنت نعيم,سورة الواقعة,0
56,90,واما ان كان من اصحٰب اليمين,سورة الواقعة,52
56,91,فسلٰم لك من اصحٰب اليمين,سورة الواقعة,52
56,92,واما ان كان من المكذبين الضالين,سورة الواقعة,68
56,93,فنزل من حميم,سورة الواقعة,59
56,94,وتصلية جحيم,سورة الواقعة,0
56,95,ان هٰذا لهو حق اليقين,سورة الواقعة,20
56,96,فسبح باسم ربك العظيم,سورة الواقعة,4
57,0,سورة الحديد,سورة الحديد,6
57,0,بسم الله الرحمٰن الرحيم,سورة الحديد,10
57,1,سبح لله ما في السمٰوٰت والارض وهو العزيز الحكيم,سورة الحديد,61
57,2,له ملك السمٰوٰت والارض يحي ويميت وهو علىٰ كل شيء قدير,سورة الحديد,66
57,3,هو الاول والاخر والظٰهر والباطن وهو بكل شيء عليم,سورة الحديد,5
57,4,هو الذي خلق السمٰوٰت والارض في ستة ايام ثم استوىٰ على العرش يعلم ما يلج في الارض وما يخرج منها وما ينزل من السماء وما يعرج فيها وهو معكم اين ما كنتم والله بما تعملون بصير,سورة الحديد,66
57,5,له ملك السمٰوٰت والارض والى الله ترجع الامور,سورة الحديد,66
57,6,يولج اليل في النهار ويولج النهار في اليل وهو عليم بذات الصدور,سورة الحديد,49
57,7,ءامنوا بالله ورسوله وانفقوا مما جعلكم مستخلفين فيه فالذين ءامنوا منكم وانفقوا لهم اجر كبير,سورة الحديد,62
57,8,وما لكم لا تؤمنون بالله والرسول يدعوكم لتؤمنوا بربكم وقد اخذ ميثٰقكم ان كنتم مؤمنين,سورة الحديد,43
57,9,هو الذي ينزل علىٰ عبده ءايٰت بينٰت ليخرجكم من الظلمٰت الى النور وان الله بكم لرءوف رحيم,سورة الحديد,3
57,10,وما لكم الا تنفقوا في سبيل الله ولله ميرٰث السمٰوٰت والارض لا يستوي منكم من انفق من قبل الفتح وقٰتل اولٰئك اعظم درجة من الذين انفقوا من بعد وقٰتلوا وكلا وعد الله الحسنىٰ والله بما تعملون خبير,سورة الحديد,59
57,11,من ذا الذي يقرض الله قرضا حسنا فيضٰعفه له وله اجر كريم,سورة الحديد,20
57,12,يوم ترى المؤمنين والمؤمنٰت يسعىٰ نورهم بين ايديهم وبايمٰنهم بشرىٰكم اليوم جنٰت تجري من تحتها الانهٰر خٰلدين فيها ذٰلك هو الفوز العظيم,سورة الحديد,13
57,13,يوم يقول المنٰفقون والمنٰفقٰت للذين ءامنوا انظرونا نقتبس من نوركم قيل ارجعوا وراءكم فالتمسوا نورا فضرب بينهم بسور له باب باطنه فيه الرحمة وظٰهره من قبله العذاب,سورة الحديد,59
57,14,ينادونهم الم نكن معكم قالوا بلىٰ ولٰكنكم فتنتم انفسكم وتربصتم وارتبتم وغرتكم الاماني حتىٰ جاء امر الله وغركم بالله الغرور,سورة الحديد,55
57,15,فاليوم لا يؤخذ منكم فدية ولا من الذين كفروا ماوىٰكم النار هي مولىٰكم وبئس المصير,سورة الحديد,45
57,16,الم يان للذين ءامنوا ان تخشع قلوبهم لذكر الله وما نزل من الحق ولا يكونوا كالذين اوتوا الكتٰب من قبل فطال عليهم الامد فقست قلوبهم وكثير منهم فٰسقون,سورة الحديد,59
57,17,اعلموا ان الله يحي الارض بعد موتها قد بينا لكم الايٰت لعلكم تعقلون,سورة الحديد,35
57,18,ان المصدقين والمصدقٰت واقرضوا الله قرضا حسنا يضٰعف لهم ولهم اجر كريم,سورة الحديد,43
57,19,والذين ءامنوا بالله ورسله اولٰئك هم الصديقون والشهداء عند ربهم لهم اجرهم ونورهم والذين كفروا وكذبوا بايٰتنا اولٰئك اصحٰب الجحيم,سورة الحديد,63
57,20,اعلموا انما الحيوٰة الدنيا لعب ولهو وزينة وتفاخر بينكم وتكاثر في الاموٰل والاولٰد كمثل غيث اعجب الكفار نباته ثم يهيج فترىٰه مصفرا ثم يكون حطٰما وفي الاخرة عذاب شديد ومغفرة من الله ورضوٰن وما الحيوٰة الدنيا الا متٰع الغرور,سورة الحديد,69
57,21,سابقوا الىٰ مغفرة من ربكم وجنة عرضها كعرض السماء والارض اعدت للذين ءامنوا بالله ورسله ذٰلك فضل الله يؤتيه من يشاء والله ذو الفضل العظيم,سورة الحديد,50
57,22,ما اصاب من مصيبة في الارض ولا في انفسكم الا في كتٰب من قبل ان نبراها ان ذٰلك على الله يسير,سورة الحديد,8
57,23,لكيلا تاسوا علىٰ ما فاتكم ولا تفرحوا بما ءاتىٰكم والله لا يحب كل مختال فخور,سورة الحديد,45
57,24,الذين يبخلون ويامرون الناس بالبخل ومن يتول فان الله هو الغني الحميد,سورة الحديد,3
57,25,لقد ارسلنا رسلنا بالبينٰت وانزلنا معهم الكتٰب والميزان ليقوم الناس بالقسط وانزلنا الحديد فيه باس شديد ومنٰفع للناس وليعلم الله من ينصره ورسله بالغيب ان الله قوي عزيز,سورة الحديد,3
57,26,ولقد ارسلنا نوحا وابرٰهيم وجعلنا في ذريتهما النبوة والكتٰب فمنهم مهتد وكثير منهم فٰسقون,سورة الحديد,0
57,27,ثم قفينا علىٰ ءاثٰرهم برسلنا وقفينا بعيسى ابن مريم وءاتينٰه الانجيل وجعلنا في قلوب الذين اتبعوه رافة ورحمة ورهبانية ابتدعوها ما كتبنٰها عليهم الا ابتغاء رضوٰن الله فما رعوها حق رعايتها فاتينا الذين ءامنوا منهم اجرهم وكثير منهم فٰسقون,سورة الحديد,62
57,28,يٰايها الذين ءامنوا اتقوا الله وءامنوا برسوله يؤتكم كفلين من رحمته ويجعل لكم نورا تمشون به ويغفر لكم والله غفور رحيم,سورة الحديد,62
57,29,لئلا يعلم اهل الكتٰب الا يقدرون علىٰ شيء من فضل الله وان الفضل بيد الله يؤتيه من يشاء والله ذو الفضل العظيم,سورة الحديد,59
58,0,سورة المجادلة,سورة المجادلة,6
58,0,بسم الله الرحمٰن الرحيم,سورة المجادلة,10
58,1,قد سمع الله قول التي تجٰدلك في زوجها وتشتكي الى الله والله يسمع تحاوركما ان الله سميع بصير,سورة المجادلة,3
58,2,الذين يظٰهرون منكم من نسائهم ما هن امهٰتهم ان امهٰتهم الا الٰي ولدنهم وانهم ليقولون منكرا من القول وزورا وان الله لعفو غفور,سورة المجادلة,31
58,3,والذين يظٰهرون من نسائهم ثم يعودون لما قالوا فتحرير رقبة من قبل ان يتماسا ذٰلكم توعظون به والله بما تعملون خبير,سورة المجادلة,69
58,4,فمن لم يجد فصيام شهرين متتابعين من قبل ان يتماسا فمن لم يستطع فاطعام ستين مسكينا ذٰلك لتؤمنوا بالله ورسوله وتلك حدود الله وللكٰفرين عذاب اليم,سورة المجادلة,43
58,5,ان الذين يحادون الله ورسوله كبتوا كما كبت الذين من قبلهم وقد انزلنا ءايٰت بينٰت وللكٰفرين عذاب مهين,سورة المجادلة,43
58,6,يوم يبعثهم الله جميعا فينبئهم بما عملوا احصىٰه الله ونسوه والله علىٰ كل شيء شهيد,سورة المجادلة,53
58,7,الم تر ان الله يعلم ما في السمٰوٰت وما في الارض ما يكون من نجوىٰ ثلٰثة الا هو رابعهم ولا خمسة الا هو سادسهم ولا ادنىٰ من ذٰلك ولا اكثر الا هو معهم اين ما كانوا ثم ينبئهم بما عملوا يوم القيٰمة ان الله بكل شيء عليم,سورة المجادلة,31
58,8,الم تر الى الذين نهوا عن النجوىٰ ثم يعودون لما نهوا عنه ويتنٰجون بالاثم والعدوٰن ومعصيت الرسول واذا جاءوك حيوك بما لم يحيك به الله ويقولون في انفسهم لولا يعذبنا الله بما نقول حسبهم جهنم يصلونها فبئس المصير,سورة المجادلة,55
58,9,يٰايها الذين ءامنوا اذا تنٰجيتم فلا تتنٰجوا بالاثم والعدوٰن ومعصيت الرسول وتنٰجوا بالبر والتقوىٰ واتقوا الله الذي اليه تحشرون,سورة المجادلة,62
58,10,انما النجوىٰ من الشيطٰن ليحزن الذين ءامنوا وليس بضارهم شيا الا باذن الله وعلى الله فليتوكل المؤمنون,سورة المجادلة,62
58,11,يٰايها الذين ءامنوا اذا قيل لكم تفسحوا في المجٰلس فافسحوا يفسح الله لكم واذا قيل انشزوا فانشزوا يرفع الله الذين ءامنوا منكم والذين اوتوا العلم درجٰت والله بما تعملون خبير,سورة المجادلة,62
58,12,يٰايها الذين ءامنوا اذا نٰجيتم الرسول فقدموا بين يدي نجوىٰكم صدقة ذٰلك خير لكم واطهر فان لم تجدوا فان الله غفور رحيم,سورة المجادلة,62
58,13,ءاشفقتم ان تقدموا بين يدي نجوىٰكم صدقٰت فاذ لم تفعلوا وتاب الله عليكم فاقيموا الصلوٰة وءاتوا الزكوٰة واطيعوا الله ورسوله والله خبير بما تعملون,سورة المجادلة,48
58,14,الم تر الى الذين تولوا قوما غضب الله عليهم ما هم منكم ولا منهم ويحلفون على الكذب وهم يعلمون,سورة المجادلة,55
58,15,اعد الله لهم عذابا شديدا انهم ساء ما كانوا يعملون,سورة المجادلة,25
58,16,اتخذوا ايمٰنهم جنة فصدوا عن سبيل الله فلهم عذاب مهين,سورة المجادلة,43
58,17,لن تغني عنهم اموٰلهم ولا اولٰدهم من الله شيا اولٰئك اصحٰب النار هم فيها خٰلدون,سورة المجادلة,63
58,18,يوم يبعثهم الله جميعا فيحلفون له كما يحلفون لكم ويحسبون انهم علىٰ شيء الا انهم هم الكٰذبون,سورة المجادلة,25
58,19,استحوذ عليهم الشيطٰن فانسىٰهم ذكر الله اولٰئك حزب الشيطٰن الا ان حزب الشيطٰن هم الخٰسرون,سورة المجادلة,35
58,20,ان الذين يحادون الله ورسوله اولٰئك في الاذلين,سورة المجادلة,63
58,21,كتب الله لاغلبن انا ورسلي ان الله قوي عزيز,سورة المجادلة,3
58,22,لا تجد قوما يؤمنون بالله واليوم الاخر يوادون من حاد الله ورسوله ولو كانوا ءاباءهم او ابناءهم او اخوٰنهم او عشيرتهم اولٰئك كتب في قلوبهم الايمٰن وايدهم بروح منه ويدخلهم جنٰت تجري من تحتها الانهٰر خٰلدين فيها رضي الله عنهم ورضوا عنه اولٰئك حزب الله الا ان حزب الله هم المفلحون,سورة المجادلة,63
59,0,سورة الحشر,سورة الحشر,6
59,0,بسم الله الرحمٰن الرحيم,سورة الحشر,10
59,1,سبح لله ما في السمٰوٰت وما في الارض وهو العزيز الحكيم,سورة الحشر,61
59,2,هو الذي اخرج الذين كفروا من اهل الكتٰب من ديٰرهم لاول الحشر ما ظننتم ان يخرجوا وظنوا انهم مانعتهم حصونهم من الله فاتىٰهم الله من حيث لم يحتسبوا وقذف في قلوبهم الرعب يخربون بيوتهم بايديهم وايدي المؤمنين فاعتبروا يٰاولي الابصٰر,سورة الحشر,59
59,3,ولولا ان كتب الله عليهم الجلاء لعذبهم في الدنيا ولهم في الاخرة عذاب النار,سورة الحشر,8
59,4,ذٰلك بانهم شاقوا الله ورسوله ومن يشاق الله فان الله شديد العقاب,سورة الحشر,3
59,5,ما قطعتم من لينة او تركتموها قائمة علىٰ اصولها فباذن الله وليخزي الفٰسقين,سورة الحشر,53
59,6,وما افاء الله علىٰ رسوله منهم فما اوجفتم عليه من خيل ولا ركاب ولٰكن الله يسلط رسله علىٰ من يشاء والله علىٰ كل شيء قدير,سورة الحشر,46
59,7,ما افاء الله علىٰ رسوله من اهل القرىٰ فلله وللرسول ولذي القربىٰ واليتٰمىٰ والمسٰكين وابن السبيل كي لا يكون دولة بين الاغنياء منكم وما ءاتىٰكم الرسول فخذوه وما نهىٰكم عنه فانتهوا واتقوا الله ان الله شديد العقاب,سورة الحشر,3
59,8,للفقراء المهٰجرين الذين اخرجوا من ديٰرهم واموٰلهم يبتغون فضلا من الله ورضوٰنا وينصرون الله ورسوله اولٰئك هم الصٰدقون,سورة الحشر,63
59,9,والذين تبوءو الدار والايمٰن من قبلهم يحبون من هاجر اليهم ولا يجدون في صدورهم حاجة مما اوتوا ويؤثرون علىٰ انفسهم ولو كان بهم خصاصة ومن يوق شح نفسه فاولٰئك هم المفلحون,سورة الحشر,32
59,10,والذين جاءو من بعدهم يقولون ربنا اغفر لنا ولاخوٰننا الذين سبقونا بالايمٰن ولا تجعل في قلوبنا غلا للذين ءامنوا ربنا انك رءوف رحيم,سورة الحشر,62
59,11,الم تر الى الذين نافقوا يقولون لاخوٰنهم الذين كفروا من اهل الكتٰب لئن اخرجتم لنخرجن معكم ولا نطيع فيكم احدا ابدا وان قوتلتم لننصرنكم والله يشهد انهم لكٰذبون,سورة الحشر,55
59,12,لئن اخرجوا لا يخرجون معهم ولئن قوتلوا لا ينصرونهم ولئن نصروهم ليولن الادبٰر ثم لا ينصرون,سورة الحشر,43
59,13,لانتم اشد رهبة في صدورهم من الله ذٰلك بانهم قوم لا يفقهون,سورة الحشر,21
59,14,لا يقٰتلونكم جميعا الا في قرى محصنة او من وراء جدر باسهم بينهم شديد تحسبهم جميعا وقلوبهم شتىٰ ذٰلك بانهم قوم لا يعقلون,سورة الحشر,43
59,15,كمثل الذين من قبلهم قريبا ذاقوا وبال امرهم ولهم عذاب اليم,سورة الحشر,43
59,16,كمثل الشيطٰن اذ قال للانسٰن اكفر فلما كفر قال اني بريء منك اني اخاف الله رب العٰلمين,سورة الحشر,12
59,17,فكان عٰقبتهما انهما في النار خٰلدين فيها وذٰلك جزٰؤا الظٰلمين,سورة الحشر,38
59,18,يٰايها الذين ءامنوا اتقوا الله ولتنظر نفس ما قدمت لغد واتقوا الله ان الله خبير بما تعملون,سورة الحشر,62
59,19,ولا تكونوا كالذين نسوا الله فانسىٰهم انفسهم اولٰئك هم الفٰسقون,سورة الحشر,63
59,20,لا يستوي اصحٰب النار واصحٰب الجنة اصحٰب الجنة هم الفائزون,سورة الحشر,52
59,21,لو انزلنا هٰذا القرءان علىٰ جبل لرايته خٰشعا متصدعا من خشية الله وتلك الامثٰل نضربها للناس لعلهم يتفكرون,سورة الحشر,20
59,22,هو الله الذي لا الٰه الا هو عٰلم الغيب والشهٰدة هو الرحمٰن الرحيم,سورة الحشر,47
59,23,هو الله الذي لا الٰه الا هو الملك القدوس السلٰم المؤمن المهيمن العزيز الجبار المتكبر سبحٰن الله عما يشركون,سورة الحشر,31
59,24,هو الله الخٰلق البارئ المصور له الاسماء الحسنىٰ يسبح له ما في السمٰوٰت والارض وهو العزيز الحكيم,سورة الحشر,61
60,0,سورة الممتحنة,سورة الممتحنة,6
60,0,بسم الله الرحمٰن الرحيم,سورة الممتحنة,10
60,1,يٰايها الذين ءامنوا لا تتخذوا عدوي وعدوكم اولياء تلقون اليهم بالمودة وقد كفروا بما جاءكم من الحق يخرجون الرسول واياكم ان تؤمنوا بالله ربكم ان كنتم خرجتم جهٰدا في سبيلي وابتغاء مرضاتي تسرون اليهم بالمودة وانا اعلم بما اخفيتم وما اعلنتم ومن يفعله منكم فقد ضل سواء السبيل,سورة الممتحنة,62
60,2,ان يثقفوكم يكونوا لكم اعداء ويبسطوا اليكم ايديهم والسنتهم بالسوء وودوا لو تكفرون,سورة الممتحنة,0
60,3,لن تنفعكم ارحامكم ولا اولٰدكم يوم القيٰمة يفصل بينكم والله بما تعملون بصير,سورة الممتحنة,40
60,4,قد كانت لكم اسوة حسنة في ابرٰهيم والذين معه اذ قالوا لقومهم انا برءٰؤا منكم ومما تعبدون من دون الله كفرنا بكم وبدا بيننا وبينكم العدٰوة والبغضاء ابدا حتىٰ تؤمنوا بالله وحده الا قول ابرٰهيم لابيه لاستغفرن لك وما املك لك من الله من شيء ربنا عليك توكلنا واليك انبنا واليك المصير,سورة الممتحنة,58
60,5,ربنا لا تجعلنا فتنة للذين كفروا واغفر لنا ربنا انك انت العزيز الحكيم,سورة الممتحنة,61
60,6,لقد كان لكم فيهم اسوة حسنة لمن كان يرجوا الله واليوم الاخر ومن يتول فان الله هو الغني الحميد,سورة الممتحنة,3
60,7,عسى الله ان يجعل بينكم وبين الذين عاديتم منهم مودة والله قدير والله غفور رحيم,سورة الممتحنة,43
60,8,لا ينهىٰكم الله عن الذين لم يقٰتلوكم في الدين ولم يخرجوكم من ديٰركم ان تبروهم وتقسطوا اليهم ان الله يحب المقسطين,سورة الممتحنة,43
60,9,انما ينهىٰكم الله عن الذين قٰتلوكم في الدين واخرجوكم من ديٰركم وظٰهروا علىٰ اخراجكم ان تولوهم ومن يتولهم فاولٰئك هم الظٰلمون,سورة الممتحنة,32
60,10,يٰايها الذين ءامنوا اذا جاءكم المؤمنٰت مهٰجرٰت فامتحنوهن الله اعلم بايمٰنهن فان علمتموهن مؤمنٰت فلا ترجعوهن الى الكفار لا هن حل لهم ولا هم يحلون لهن وءاتوهم ما انفقوا ولا جناح عليكم ان تنكحوهن اذا ءاتيتموهن اجورهن ولا تمسكوا بعصم الكوافر وسلوا ما انفقتم وليسلوا ما انفقوا ذٰلكم حكم الله يحكم بينكم والله عليم حكيم,سورة الممتحنة,44
60,11,وان فاتكم شيء من ازوٰجكم الى الكفار فعاقبتم فاتوا الذين ذهبت ازوٰجهم مثل ما انفقوا واتقوا الله الذي انتم به مؤمنون,سورة الممتحنة,41
60,12,يٰايها النبي اذا جاءك المؤمنٰت يبايعنك علىٰ ان لا يشركن بالله شيا ولا يسرقن ولا يزنين ولا يقتلن اولٰدهن ولا ياتين ببهتٰن يفترينه بين ايديهن وارجلهن ولا يعصينك في معروف فبايعهن واستغفر لهن الله ان الله غفور رحيم,سورة الممتحنة,44
60,13,يٰايها الذين ءامنوا لا تتولوا قوما غضب الله عليهم قد يئسوا من الاخرة كما يئس الكفار من اصحٰب القبور,سورة الممتحنة,62
61,0,سورة الصف,سورة الصف,6
61,0,بسم الله الرحمٰن الرحيم,سورة الصف,10
61,1,سبح لله ما في السمٰوٰت وما في الارض وهو العزيز الحكيم,سورة الصف,61
61,2,يٰايها الذين ءامنوا لم تقولون ما لا تفعلون,سورة الصف,62
61,3,كبر مقتا عند الله ان تقولوا ما لا تفعلون,سورة الصف,43
61,4,ان الله يحب الذين يقٰتلون في سبيله صفا كانهم بنيٰن مرصوص,سورة الصف,43
61,5,واذ قال موسىٰ لقومه يٰقوم لم تؤذونني وقد تعلمون اني رسول الله اليكم فلما زاغوا ازاغ الله قلوبهم والله لا يهدي القوم الفٰسقين,سورة الصف,12
61,6,واذ قال عيسى ابن مريم يٰبني اسرٰءيل اني رسول الله اليكم مصدقا لما بين يدي من التورىٰة ومبشرا برسول ياتي من بعدي اسمه احمد فلما جاءهم بالبينٰت قالوا هٰذا سحر مبين,سورة الصف,12
61,7,ومن اظلم ممن افترىٰ على الله الكذب وهو يدعىٰ الى الاسلٰم والله لا يهدي القوم الظٰلمين,سورة الصف,53
61,8,يريدون ليطفوا نور الله بافوٰههم والله متم نوره ولو كره الكٰفرون,سورة الصف,18
61,9,هو الذي ارسل رسوله بالهدىٰ ودين الحق ليظهره على الدين كله ولو كره المشركون,سورة الصف,18
61,10,يٰايها الذين ءامنوا هل ادلكم علىٰ تجٰرة تنجيكم من عذاب اليم,سورة الصف,62
61,11,تؤمنون بالله ورسوله وتجٰهدون في سبيل الله باموٰلكم وانفسكم ذٰلكم خير لكم ان كنتم تعلمون,سورة الصف,17
61,12,يغفر لكم ذنوبكم ويدخلكم جنٰت تجري من تحتها الانهٰر ومسٰكن طيبة في جنٰت عدن ذٰلك الفوز العظيم,سورة الصف,13
61,13,واخرىٰ تحبونها نصر من الله وفتح قريب وبشر المؤمنين,سورة الصف,59
61,14,يٰايها الذين ءامنوا كونوا انصار الله كما قال عيسى ابن مريم للحوارين من انصاري الى الله قال الحواريون نحن انصار الله فامنت طائفة من بني اسرٰءيل وكفرت طائفة فايدنا الذين ءامنوا علىٰ عدوهم فاصبحوا ظٰهرين,سورة الصف,62
62,0,سورة الجمعة,سورة الجمعة,6
62,0,بسم الله الرحمٰن الرحيم,سورة الجمعة,10
62,1,يسبح لله ما في السمٰوٰت وما في الارض الملك القدوس العزيز الحكيم,سورة الجمعة,61
62,2,هو الذي بعث في الامين رسولا منهم يتلوا عليهم ءايٰته ويزكيهم ويعلمهم الكتٰب والحكمة وان كانوا من قبل لفي ضلٰل مبين,سورة الجمعة,59
62,3,وءاخرين منهم لما يلحقوا بهم وهو العزيز الحكيم,سورة الجمعة,61
62,4,ذٰلك فضل الله يؤتيه من يشاء والله ذو الفضل العظيم,سورة الجمعة,59
62,5,مثل الذين حملوا التورىٰة ثم لم يحملوها كمثل الحمار يحمل اسفارا بئس مثل القوم الذين كذبوا بايٰت الله والله لا يهدي القوم الظٰلمين,سورة الجمعة,28
62,6,قل يٰايها الذين هادوا ان زعمتم انكم اولياء لله من دون الناس فتمنوا الموت ان كنتم صٰدقين,سورة الجمعة,1
62,7,ولا يتمنونه ابدا بما قدمت ايديهم والله عليم بالظٰلمين,سورة الجمعة,5
62,8,قل ان الموت الذي تفرون منه فانه ملٰقيكم ثم تردون الىٰ عٰلم الغيب والشهٰدة فينبئكم بما كنتم تعملون,سورة الجمعة,47
62,9,يٰايها الذين ءامنوا اذا نودي للصلوٰة من يوم الجمعة فاسعوا الىٰ ذكر الله وذروا البيع ذٰلكم خير لكم ان كنتم تعلمون,سورة الجمعة,62
62,10,فاذا قضيت الصلوٰة فانتشروا في الارض وابتغوا من فضل الله واذكروا الله كثيرا لعلكم تفلحون,سورة الجمعة,48
62,11,واذا راوا تجٰرة او لهوا انفضوا اليها وتركوك قائما قل ما عند الله خير من اللهو ومن التجٰرة والله خير الرٰزقين,سورة الجمعة,17
63,0,سورة المنافقون,سورة المنافقون,6
63,0,بسم الله الرحمٰن الرحيم,سورة المنافقون,10
63,1,اذا جاءك المنٰفقون قالوا نشهد انك لرسول الله والله يعلم انك لرسوله والله يشهد ان المنٰفقين لكٰذبون,سورة المنافقون,11
63,2,اتخذوا ايمٰنهم جنة فصدوا عن سبيل الله انهم ساء ما كانوا يعملون,سورة المنافقون,25
63,3,ذٰلك بانهم ءامنوا ثم كفروا فطبع علىٰ قلوبهم فهم لا يفقهون,سورة المنافقون,69
63,4,واذا رايتهم تعجبك اجسامهم وان يقولوا تسمع لقولهم كانهم خشب مسندة يحسبون كل صيحة عليهم هم العدو فاحذرهم قٰتلهم الله انىٰ يؤفكون,سورة المنافقون,54
63,5,واذا قيل لهم تعالوا يستغفر لكم رسول الله لووا رءوسهم ورايتهم يصدون وهم مستكبرون,سورة المنافقون,54
63,6,سواء عليهم استغفرت لهم ام لم تستغفر لهم لن يغفر الله لهم ان الله لا يهدي القوم الفٰسقين,سورة المنافقون,60
63,7,هم الذين يقولون لا تنفقوا علىٰ من عند رسول الله حتىٰ ينفضوا ولله خزائن السمٰوٰت والارض ولٰكن المنٰفقين لا يفقهون,سورة المنافقون,46
63,8,يقولون لئن رجعنا الى المدينة ليخرجن الاعز منها الاذل ولله العزة ولرسوله وللمؤمنين ولٰكن المنٰفقين لا يعلمون,سورة المنافقون,46
63,9,يٰايها الذين ءامنوا لا تلهكم اموٰلكم ولا اولٰدكم عن ذكر الله ومن يفعل ذٰلك فاولٰئك هم الخٰسرون,سورة المنافقون,35
63,10,وانفقوا من ما رزقنٰكم من قبل ان ياتي احدكم الموت فيقول رب لولا اخرتني الىٰ اجل قريب فاصدق واكن من الصٰلحين,سورة المنافقون,59
63,11,ولن يؤخر الله نفسا اذا جاء اجلها والله خبير بما تعملون,سورة المنافقون,11
64,0,سورة التغابن,سورة التغابن,6
64,0,بسم الله الرحمٰن الرحيم,سورة التغابن,10
64,1,يسبح لله ما في السمٰوٰت وما في الارض له الملك وله الحمد وهو علىٰ كل شيء قدير,سورة التغابن,8
64,2,هو الذي خلقكم فمنكم كافر ومنكم مؤمن والله بما تعملون بصير,سورة التغابن,0
64,3,خلق السمٰوٰت والارض بالحق وصوركم فاحسن صوركم واليه المصير,سورة التغابن,66
64,4,يعلم ما في السمٰوٰت والارض ويعلم ما تسرون وما تعلنون والله عليم بذات الصدور,سورة التغابن,66
64,5,الم ياتكم نبؤا الذين كفروا من قبل فذاقوا وبال امرهم ولهم عذاب اليم,سورة التغابن,43
64,6,ذٰلك بانه كانت تاتيهم رسلهم بالبينٰت فقالوا ابشر يهدوننا فكفروا وتولوا واستغنى الله والله غني حميد,سورة التغابن,0
64,7,زعم الذين كفروا ان لن يبعثوا قل بلىٰ وربي لتبعثن ثم لتنبؤن بما عملتم وذٰلك على الله يسير,سورة التغابن,69
64,8,فامنوا بالله ورسوله والنور الذي انزلنا والله بما تعملون خبير,سورة التغابن,27
64,9,يوم يجمعكم ليوم الجمع ذٰلك يوم التغابن ومن يؤمن بالله ويعمل صٰلحا يكفر عنه سياته ويدخله جنٰت تجري من تحتها الانهٰر خٰلدين فيها ابدا ذٰلك الفوز العظيم,سورة التغابن,13
64,10,والذين كفروا وكذبوا بايٰتنا اولٰئك اصحٰب النار خٰلدين فيها وبئس المصير,سورة التغابن,63
64,11,ما اصاب من مصيبة الا باذن الله ومن يؤمن بالله يهد قلبه والله بكل شيء عليم,سورة التغابن,5
64,12,واطيعوا الله واطيعوا الرسول فان توليتم فانما علىٰ رسولنا البلٰغ المبين,سورة التغابن,3
64,13,الله لا الٰه الا هو وعلى الله فليتوكل المؤمنون,سورة التغابن,31
64,14,يٰايها الذين ءامنوا ان من ازوٰجكم واولٰدكم عدوا لكم فاحذروهم وان تعفوا وتصفحوا وتغفروا فان الله غفور رحيم,سورة التغابن,62
64,15,انما اموٰلكم واولٰدكم فتنة والله عنده اجر عظيم,سورة التغابن,17
64,16,فاتقوا الله ما استطعتم واسمعوا واطيعوا وانفقوا خيرا لانفسكم ومن يوق شح نفسه فاولٰئك هم المفلحون,سورة التغابن,32
64,17,ان تقرضوا الله قرضا حسنا يضٰعفه لكم ويغفر لكم والله شكور حليم,سورة التغابن,17
64,18,عٰلم الغيب والشهٰدة العزيز الحكيم,سورة التغابن,47
65,0,سورة الطلاق,سورة الطلاق,6
65,0,بسم الله الرحمٰن الرحيم,سورة الطلاق,10
65,1,يٰايها النبي اذا طلقتم النساء فطلقوهن لعدتهن واحصوا العدة واتقوا الله ربكم لا تخرجوهن من بيوتهن ولا يخرجن الا ان ياتين بفٰحشة مبينة وتلك حدود الله ومن يتعد حدود الله فقد ظلم نفسه لا تدري لعل الله يحدث بعد ذٰلك امرا,سورة الطلاق,3
65,2,فاذا بلغن اجلهن فامسكوهن بمعروف او فارقوهن بمعروف واشهدوا ذوي عدل منكم واقيموا الشهٰدة لله ذٰلكم يوعظ به من كان يؤمن بالله واليوم الاخر ومن يتق الله يجعل له مخرجا,سورة الطلاق,41
65,3,ويرزقه من حيث لا يحتسب ومن يتوكل على الله فهو حسبه ان الله بٰلغ امره قد جعل الله لكل شيء قدرا,سورة الطلاق,3
65,4,والٰي يئسن من المحيض من نسائكم ان ارتبتم فعدتهن ثلٰثة اشهر والٰي لم يحضن واولٰت الاحمال اجلهن ان يضعن حملهن ومن يتق الله يجعل له من امره يسرا,سورة الطلاق,59
65,5,ذٰلك امر الله انزله اليكم ومن يتق الله يكفر عنه سياته ويعظم له اجرا,سورة الطلاق,3
65,6,اسكنوهن من حيث سكنتم من وجدكم ولا تضاروهن لتضيقوا عليهن وان كن اولٰت حمل فانفقوا عليهن حتىٰ يضعن حملهن فان ارضعن لكم فاتوهن اجورهن واتمروا بينكم بمعروف وان تعاسرتم فسترضع له اخرىٰ,سورة الطلاق,59
65,7,لينفق ذو سعة من سعته ومن قدر عليه رزقه فلينفق مما ءاتىٰه الله لا يكلف الله نفسا الا ما ءاتىٰها سيجعل الله بعد عسر يسرا,سورة الطلاق,3
65,8,وكاين من قرية عتت عن امر ربها ورسله فحاسبنٰها حسابا شديدا وعذبنٰها عذابا نكرا,سورة الطلاق,23
65,9,فذاقت وبال امرها وكان عٰقبة امرها خسرا,سورة الطلاق,32
65,10,اعد الله لهم عذابا شديدا فاتقوا الله يٰاولي الالبٰب الذين ءامنوا قد انزل الله اليكم ذكرا,سورة الطلاق,3
65,11,رسولا يتلوا عليكم ءايٰت الله مبينٰت ليخرج الذين ءامنوا وعملوا الصٰلحٰت من الظلمٰت الى النور ومن يؤمن بالله ويعمل صٰلحا يدخله جنٰت تجري من تحتها الانهٰر خٰلدين فيها ابدا قد احسن الله له رزقا,سورة الطلاق,2
65,12,الله الذي خلق سبع سمٰوٰت ومن الارض مثلهن يتنزل الامر بينهن لتعلموا ان الله علىٰ كل شيء قدير وان الله قد احاط بكل شيء علما,سورة الطلاق,5
66,0,سورة التحريم,سورة التحريم,6
66,0,بسم الله الرحمٰن الرحيم,سورة التحريم,10
66,1,يٰايها النبي لم تحرم ما احل الله لك تبتغي مرضات ازوٰجك والله غفور رحيم,سورة التحريم,3
66,2,قد فرض الله لكم تحلة ايمٰنكم والله مولىٰكم وهو العليم الحكيم,سورة التحريم,49
66,3,واذ اسر النبي الىٰ بعض ازوٰجه حديثا فلما نبات به واظهره الله عليه عرف بعضه واعرض عن بعض فلما نباها به قالت من انباك هٰذا قال نباني العليم الخبير,سورة التحريم,41
66,4,ان تتوبا الى الله فقد صغت قلوبكما وان تظٰهرا عليه فان الله هو مولىٰه وجبريل وصٰلح المؤمنين والملٰئكة بعد ذٰلك ظهير,سورة التحريم,3
66,5,عسىٰ ربه ان طلقكن ان يبدله ازوٰجا خيرا منكن مسلمٰت مؤمنٰت قٰنتٰت تٰئبٰت عٰبدٰت سٰئحٰت ثيبٰت وابكارا,سورة التحريم,0
66,6,يٰايها الذين ءامنوا قوا انفسكم واهليكم نارا وقودها الناس والحجارة عليها ملٰئكة غلاظ شداد لا يعصون الله ما امرهم ويفعلون ما يؤمرون,سورة التحريم,62
66,7,يٰايها الذين كفروا لا تعتذروا اليوم انما تجزون ما كنتم تعملون,سورة التحريم,62
66,8,يٰايها الذين ءامنوا توبوا الى الله توبة نصوحا عسىٰ ربكم ان يكفر عنكم سياتكم ويدخلكم جنٰت تجري من تحتها الانهٰر يوم لا يخزي الله النبي والذين ءامنوا معه نورهم يسعىٰ بين ايديهم وبايمٰنهم يقولون ربنا اتمم لنا نورنا واغفر لنا انك علىٰ كل شيء قدير,سورة التحريم,62
66,9,يٰايها النبي جٰهد الكفار والمنٰفقين واغلظ عليهم وماوىٰهم جهنم وبئس المصير,سورة التحريم,45
66,10,ضرب الله مثلا للذين كفروا امرات نوح وامرات لوط كانتا تحت عبدين من عبادنا صٰلحين فخانتاهما فلم يغنيا عنهما من الله شيا وقيل ادخلا النار مع الدٰخلين,سورة التحريم,59
66,11,وضرب الله مثلا للذين ءامنوا امرات فرعون اذ قالت رب ابن لي عندك بيتا في الجنة ونجني من فرعون وعمله ونجني من القوم الظٰلمين,سورة التحريم,42
66,12,ومريم ابنت عمرٰن التي احصنت فرجها فنفخنا فيه من روحنا وصدقت بكلمٰت ربها وكتبه وكانت من القٰنتين,سورة التحريم,59
67,0,سورة الملك,سورة الملك,6
67,0,بسم الله الرحمٰن الرحيم,سورة الملك,10
67,1,تبٰرك الذي بيده الملك وهو علىٰ كل شيء قدير,سورة الملك,49
67,2,الذي خلق الموت والحيوٰة ليبلوكم ايكم احسن عملا وهو العزيز الغفور,سورة الملك,5
67,3,الذي خلق سبع سمٰوٰت طباقا ما ترىٰ في خلق الرحمٰن من تفٰوت فارجع البصر هل ترىٰ من فطور,سورة الملك,5
67,4,ثم ارجع البصر كرتين ينقلب اليك البصر خاسئا وهو حسير,سورة الملك,49
67,5,ولقد زينا السماء الدنيا بمصٰبيح وجعلنٰها رجوما للشيٰطين واعتدنا لهم عذاب السعير,سورة الملك,23
67,6,وللذين كفروا بربهم عذاب جهنم وبئس المصير,سورة الملك,45
67,7,اذا القوا فيها سمعوا لها شهيقا وهي تفور,سورة الملك,39
67,8,تكاد تميز من الغيظ كلما القي فيها فوج سالهم خزنتها الم ياتكم نذير,سورة الملك,55
67,9,قالوا بلىٰ قد جاءنا نذير فكذبنا وقلنا ما نزل الله من شيء ان انتم الا في ضلٰل كبير,سورة الملك,31
67,10,وقالوا لو كنا نسمع او نعقل ما كنا في اصحٰب السعير,سورة الملك,30
67,11,فاعترفوا بذنبهم فسحقا لاصحٰب السعير,سورة الملك,0
67,12,ان الذين يخشون ربهم بالغيب لهم مغفرة واجر كبير,سورة الملك,43
67,13,واسروا قولكم او اجهروا به انه عليم بذات الصدور,سورة الملك,41
67,14,الا يعلم من خلق وهو اللطيف الخبير,سورة الملك,49
67,15,هو الذي جعل لكم الارض ذلولا فامشوا في مناكبها وكلوا من رزقه واليه النشور,سورة الملك,8
67,16,ءامنتم من في السماء ان يخسف بكم الارض فاذا هي تمور,سورة الملك,48
67,17,ام امنتم من في السماء ان يرسل عليكم حاصبا فستعلمون كيف نذير,سورة الملك,60
67,18,ولقد كذب الذين من قبلهم فكيف كان نكير,سورة الملك,51
67,19,اولم يروا الى الطير فوقهم صٰفٰت ويقبضن ما يمسكهن الا الرحمٰن انه بكل شيء بصير,سورة الملك,36
67,20,امن هٰذا الذي هو جند لكم ينصركم من دون الرحمٰن ان الكٰفرون الا في غرور,سورة الملك,20
67,21,امن هٰذا الذي يرزقكم ان امسك رزقه بل لجوا في عتو ونفور,سورة الملك,20
67,22,افمن يمشي مكبا علىٰ وجهه اهدىٰ امن يمشي سويا علىٰ صرٰط مستقيم,سورة الملك,67
67,23,قل هو الذي انشاكم وجعل لكم السمع والابصٰر والافدة قليلا ما تشكرون,سورة الملك,15
67,24,قل هو الذي ذراكم في الارض واليه تحشرون,سورة الملك,8
67,25,ويقولون متىٰ هٰذا الوعد ان كنتم صٰدقين,سورة الملك,1
67,26,قل انما العلم عند الله وانما انا نذير مبين,سورة الملك,17
67,27,فلما راوه زلفة سيت وجوه الذين كفروا وقيل هٰذا الذي كنتم به تدعون,سورة الملك,33
67,28,قل ارءيتم ان اهلكني الله ومن معي او رحمنا فمن يجير الكٰفرين من عذاب اليم,سورة الملك,7
67,29,قل هو الرحمٰن ءامنا به وعليه توكلنا فستعلمون من هو في ضلٰل مبين,سورة الملك,41
67,30,قل ارءيتم ان اصبح ماؤكم غورا فمن ياتيكم بماء معين,سورة الملك,19
68,0,سورة القلم,سورة القلم,6
68,0,بسم الله الرحمٰن الرحيم,سورة القلم,10
68,1,ن والقلم وما يسطرون,سورة القلم,29
68,2,ما انت بنعمة ربك بمجنون,سورة القلم,4
68,3,وان لك لاجرا غير ممنون,سورة القلم,21
68,4,وانك لعلىٰ خلق عظيم,سورة القلم,5
68,5,فستبصر ويبصرون,سورة القلم,0
68,6,باييكم المفتون,سورة القلم,0
68,7,ان ربك هو اعلم بمن ضل عن سبيله وهو اعلم بالمهتدين,سورة القلم,4
68,8,فلا تطع المكذبين,سورة القلم,14
68,9,ودوا لو تدهن فيدهنون,سورة القلم,0
68,10,ولا تطع كل حلاف مهين,سورة القلم,44
68,11,هماز مشاء بنميم,سورة القلم,0
68,12,مناع للخير معتد اثيم,سورة القلم,0
68,13,عتل بعد ذٰلك زنيم,سورة القلم,21
68,14,ان كان ذا مال وبنين,سورة القلم,20
68,15,اذا تتلىٰ عليه ءايٰتنا قال اسٰطير الاولين,سورة القلم,11
68,16,سنسمه على الخرطوم,سورة القلم,67
68,17,انا بلونٰهم كما بلونا اصحٰب الجنة اذ اقسموا ليصرمنها مصبحين,سورة القلم,37
68,18,ولا يستثنون,سورة القلم,44
68,19,فطاف عليها طائف من ربك وهم نائمون,سورة القلم,4
68,20,فاصبحت كالصريم,سورة القلم,0
68,21,فتنادوا مصبحين,سورة القلم,0
68,22,ان اغدوا علىٰ حرثكم ان كنتم صٰرمين,سورة القلم,1
68,23,فانطلقوا وهم يتخٰفتون,سورة القلم,0
68,24,ان لا يدخلنها اليوم عليكم مسكين,سورة القلم,43
68,25,وغدوا علىٰ حرد قٰدرين,سورة القلم,67
68,26,فلما راوها قالوا انا لضالون,سورة القلم,37
68,27,بل نحن محرومون,سورة القلم,9
68,28,قال اوسطهم الم اقل لكم لولا تسبحون,سورة القلم,55
68,29,قالوا سبحٰن ربنا انا كنا ظٰلمين,سورة القلم,37
68,30,فاقبل بعضهم علىٰ بعض يتلٰومون,سورة القلم,67
68,31,قالوا يٰويلنا انا كنا طٰغين,سورة القلم,37
68,32,عسىٰ ربنا ان يبدلنا خيرا منها انا الىٰ ربنا رٰغبون,سورة القلم,37
68,33,كذٰلك العذاب ولعذاب الاخرة اكبر لو كانوا يعلمون,سورة القلم,21
68,34,ان للمتقين عند ربهم جنٰت النعيم,سورة القلم,13
68,35,افنجعل المسلمين كالمجرمين,سورة القلم,0
68,36,ما لكم كيف تحكمون,سورة القلم,51
68,37,ام لكم كتٰب فيه تدرسون,سورة القلم,60
68,38,ان لكم فيه لما تخيرون,سورة القلم,17
68,39,ام لكم ايمٰن علينا بٰلغة الىٰ يوم القيٰمة ان لكم لما تحكمون,سورة القلم,40
68,40,سلهم ايهم بذٰلك زعيم,سورة القلم,21
68,41,ام لهم شركاء فلياتوا بشركائهم ان كانوا صٰدقين,سورة القلم,60
68,42,يوم يكشف عن ساق ويدعون الى السجود فلا يستطيعون,سورة القلم,56
68,43,خٰشعة ابصٰرهم ترهقهم ذلة وقد كانوا يدعون الى السجود وهم سٰلمون,سورة القلم,27
68,44,فذرني ومن يكذب بهٰذا الحديث سنستدرجهم من حيث لا يعلمون,سورة القلم,41
68,45,واملي لهم ان كيدي متين,سورة القلم,0
68,46,ام تسلهم اجرا فهم من مغرم مثقلون,سورة القلم,60
68,47,ام عندهم الغيب فهم يكتبون,سورة القلم,60
68,48,فاصبر لحكم ربك ولا تكن كصاحب الحوت اذ نادىٰ وهو مكظوم,سورة القلم,49
68,49,لولا ان تدٰركه نعمة من ربه لنبذ بالعراء وهو مذموم,سورة القلم,49
68,50,فاجتبٰه ربه فجعله من الصٰلحين,سورة القلم,59
68,51,وان يكاد الذين كفروا ليزلقونك بابصٰرهم لما سمعوا الذكر ويقولون انه لمجنون,سورة القلم,0
68,52,وما هو الا ذكر للعٰلمين,سورة القلم,31
69,0,سورة الحاقة,سورة الحاقة,6
69,0,بسم الله الرحمٰن الرحيم,سورة الحاقة,10
69,1,الحاقة,سورة الحاقة,0
69,2,ما الحاقة,سورة الحاقة,0
69,3,وما ادرىٰك ما الحاقة,سورة الحاقة,29
69,4,كذبت ثمود وعاد بالقارعة,سورة الحاقة,0
69,5,فاما ثمود فاهلكوا بالطاغية,سورة الحاقة,0
69,6,واما عاد فاهلكوا بريح صرصر عاتية,سورة الحاقة,0
69,7,سخرها عليهم سبع ليال وثمٰنية ايام حسوما فترى القوم فيها صرعىٰ كانهم اعجاز نخل خاوية,سورة الحاقة,38
69,8,فهل ترىٰ لهم من باقية,سورة الحاقة,59
69,9,وجاء فرعون ومن قبله والمؤتفكٰت بالخاطئة,سورة الحاقة,42
69,10,فعصوا رسول ربهم فاخذهم اخذة رابية,سورة الحاقة,0
69,11,انا لما طغا الماء حملنٰكم في الجارية,سورة الحاقة,45
69,12,لنجعلها لكم تذكرة وتعيها اذن وٰعية,سورة الحاقة,0
69,13,فاذا نفخ في الصور نفخة وٰحدة,سورة الحاقة,48
69,14,وحملت الارض والجبال فدكتا دكة وٰحدة,سورة الحاقة,39
69,15,فيومئذ وقعت الواقعة,سورة الحاقة,0
69,16,وانشقت السماء فهي يومئذ واهية,سورة الحاقة,34
69,17,والملك علىٰ ارجائها ويحمل عرش ربك فوقهم يومئذ ثمٰنية,سورة الحاقة,69
69,18,يومئذ تعرضون لا تخفىٰ منكم خافية,سورة الحاقة,34
69,19,فاما من اوتي كتٰبه بيمينه فيقول هاؤم اقرءوا كتٰبيه,سورة الحاقة,41
69,20,اني ظننت اني ملٰق حسابيه,سورة الحاقة,12
69,21,فهو في عيشة راضية,سورة الحاقة,0
69,22,في جنة عالية,سورة الحاقة,8
69,23,قطوفها دانية,سورة الحاقة,0
69,24,كلوا واشربوا هنيا بما اسلفتم في الايام الخالية,سورة الحاقة,0
69,25,واما من اوتي كتٰبه بشماله فيقول يٰليتني لم اوت كتٰبيه,سورة الحاقة,41
69,26,ولم ادر ما حسابيه,سورة الحاقة,0
69,27,يٰليتها كانت القاضية,سورة الحاقة,0
69,28,ما اغنىٰ عني ماليه,سورة الحاقة,0
69,29,هلك عني سلطٰنيه,سورة الحاقة,0
69,30,خذوه فغلوه,سورة الحاقة,0
69,31,ثم الجحيم صلوه,سورة الحاقة,69
69,32,ثم في سلسلة ذرعها سبعون ذراعا فاسلكوه,سورة الحاقة,69
69,33,انه كان لا يؤمن بالله العظيم,سورة الحاقة,36
69,34,ولا يحض علىٰ طعام المسكين,سورة الحاقة,44
69,35,فليس له اليوم هٰهنا حميم,سورة الحاقة,0
69,36,ولا طعام الا من غسلين,سورة الحاقة,44
69,37,لا ياكله الا الخٰطون,سورة الحاقة,31
69,38,فلا اقسم بما تبصرون,سورة الحاقة,14
69,39,وما لا تبصرون,سورة الحاقة,29
69,40,انه لقول رسول كريم,سورة الحاقة,36
69,41,وما هو بقول شاعر قليلا ما تؤمنون,سورة الحاقة,29
69,42,ولا بقول كاهن قليلا ما تذكرون,سورة الحاقة,44
69,43,تنزيل من رب العٰلمين,سورة الحاقة,16
69,44,ولو تقول علينا بعض الاقاويل,سورة الحاقة,67
69,45,لاخذنا منه باليمين,سورة الحاقة,0
69,46,ثم لقطعنا منه الوتين,سورة الحاقة,69
69,47,فما منكم من احد عنه حٰجزين,سورة الحاقة,15
69,48,وانه لتذكرة للمتقين,سورة الحاقة,65
69,49,وانا لنعلم ان منكم مكذبين,سورة الحاقة,19
69,50,وانه لحسرة على الكٰفرين,سورة الحاقة,7
69,51,وانه لحق اليقين,سورة الحاقة,65
69,52,فسبح باسم ربك العظيم,سورة الحاقة,4
70,0,سورة المعارج,سورة المعارج,6
70,0,بسم الله الرحمٰن الرحيم,سورة المعارج,10
70,1,سال سائل بعذاب واقع,سورة المعارج,0
70,2,للكٰفرين ليس له دافع,سورة المعارج,7
70,3,من الله ذي المعارج,سورة المعارج,59
70,4,تعرج الملٰئكة والروح اليه في يوم كان مقداره خمسين الف سنة,سورة المعارج,56
70,5,فاصبر صبرا جميلا,سورة المعارج,0
70,6,انهم يرونه بعيدا,سورة المعارج,25
70,7,ونرىٰه قريبا,سورة المعارج,0
70,8,يوم تكون السماء كالمهل,سورة المعارج,56
70,9,وتكون الجبال كالعهن,سورة المعارج,0
70,10,ولا يسل حميم حميما,سورة المعارج,44
70,11,يبصرونهم يود المجرم لو يفتدي من عذاب يومئذ ببنيه,سورة المعارج,59
70,12,وصٰحبته واخيه,سورة المعارج,0
70,13,وفصيلته التي تويه,سورة المعارج,0
70,14,ومن في الارض جميعا ثم ينجيه,سورة المعارج,8
70,15,كلا انها لظىٰ,سورة المعارج,22
70,16,نزاعة للشوىٰ,سورة المعارج,0
70,17,تدعوا من ادبر وتولىٰ,سورة المعارج,59
70,18,وجمع فاوعىٰ,سورة المعارج,0
70,19,ان الانسٰن خلق هلوعا,سورة المعارج,5
70,20,اذا مسه الشر جزوعا,سورة المعارج,11
70,21,واذا مسه الخير منوعا,سورة المعارج,54
70,22,الا المصلين,سورة المعارج,31
70,23,الذين هم علىٰ صلاتهم دائمون,سورة المعارج,9
70,24,والذين في اموٰلهم حق معلوم,سورة المعارج,24
70,25,للسائل والمحروم,سورة المعارج,0
70,26,والذين يصدقون بيوم الدين,سورة المعارج,0
70,27,والذين هم من عذاب ربهم مشفقون,سورة المعارج,9
70,28,ان عذاب ربهم غير مامون,سورة المعارج,43
70,29,والذين هم لفروجهم حٰفظون,سورة المعارج,9
70,30,الا علىٰ ازوٰجهم او ما ملكت ايمٰنهم فانهم غير ملومين,سورة المعارج,30
70,31,فمن ابتغىٰ وراء ذٰلك فاولٰئك هم العادون,سورة المعارج,32
70,32,والذين هم لامٰنٰتهم وعهدهم رٰعون,سورة المعارج,9
70,33,والذين هم بشهٰدٰتهم قائمون,سورة المعارج,9
70,34,والذين هم علىٰ صلاتهم يحافظون,سورة المعارج,9
70,35,اولٰئك في جنٰت مكرمون,سورة المعارج,63
70,36,فمال الذين كفروا قبلك مهطعين,سورة المعارج,43
70,37,عن اليمين وعن الشمال عزين,سورة المعارج,52
70,38,ايطمع كل امري منهم ان يدخل جنة نعيم,سورة المعارج,0
70,39,كلا انا خلقنٰهم مما يعلمون,سورة المعارج,22
70,40,فلا اقسم برب المشٰرق والمغٰرب انا لقٰدرون,سورة المعارج,14
70,41,علىٰ ان نبدل خيرا منهم وما نحن بمسبوقين,سورة المعارج,29
70,42,فذرهم يخوضوا ويلعبوا حتىٰ يلٰقوا يومهم الذي يوعدون,سورة المعارج,18
70,43,يوم يخرجون من الاجداث سراعا كانهم الىٰ نصب يوفضون,سورة المعارج,56
70,44,خٰشعة ابصٰرهم ترهقهم ذلة ذٰلك اليوم الذي كانوا يوعدون,سورة المعارج,27
71,0,سورة نوح,سورة نوح,6
71,0,بسم الله الرحمٰن الرحيم,سورة نوح,10
71,1,انا ارسلنا نوحا الىٰ قومه ان انذر قومك من قبل ان ياتيهم عذاب اليم,سورة نوح,37
71,2,قال يٰقوم اني لكم نذير مبين,سورة نوح,12
71,3,ان اعبدوا الله واتقوه واطيعون,سورة نوح,3
71,4,يغفر لكم من ذنوبكم ويؤخركم الىٰ اجل مسمى ان اجل الله اذا جاء لا يؤخر لو كنتم تعلمون,سورة نوح,17
71,5,قال رب اني دعوت قومي ليلا ونهارا,سورة نوح,12
71,6,فلم يزدهم دعاءي الا فرارا,سورة نوح,31
71,7,واني كلما دعوتهم لتغفر لهم جعلوا اصٰبعهم في ءاذانهم واستغشوا ثيابهم واصروا واستكبروا استكبارا,سورة نوح,0
71,8,ثم اني دعوتهم جهارا,سورة نوح,12
71,9,ثم اني اعلنت لهم واسررت لهم اسرارا,سورة نوح,12
71,10,فقلت استغفروا ربكم انه كان غفارا,سورة نوح,36
71,11,يرسل السماء عليكم مدرارا,سورة نوح,0
71,12,ويمددكم باموٰل وبنين ويجعل لكم جنٰت ويجعل لكم انهٰرا,سورة نوح,36
71,13,ما لكم لا ترجون لله وقارا,سورة نوح,43
71,14,وقد خلقكم اطوارا,سورة نوح,0
71,15,الم تروا كيف خلق الله سبع سمٰوٰت طباقا,سورة نوح,55
71,16,وجعل القمر فيهن نورا وجعل الشمس سراجا,سورة نوح,0
71,17,والله انبتكم من الارض نباتا,سورة نوح,59
71,18,ثم يعيدكم فيها ويخرجكم اخراجا,سورة نوح,38
71,19,والله جعل لكم الارض بساطا,سورة نوح,64
71,20,لتسلكوا منها سبلا فجاجا,سورة نوح,64
71,21,قال نوح رب انهم عصوني واتبعوا من لم يزده ماله وولده الا خسارا,سورة نوح,25
71,22,ومكروا مكرا كبارا,سورة نوح,0
71,23,وقالوا لا تذرن ءالهتكم ولا تذرن ودا ولا سواعا ولا يغوث ويعوق ونسرا,سورة نوح,44
71,24,وقد اضلوا كثيرا ولا تزد الظٰلمين الا ضلٰلا,سورة نوح,44
71,25,مما خطيٰتهم اغرقوا فادخلوا نارا فلم يجدوا لهم من دون الله انصارا,سورة نوح,59
71,26,وقال نوح رب لا تذر على الارض من الكٰفرين ديارا,سورة نوح,7
71,27,انك ان تذرهم يضلوا عبادك ولا يلدوا الا فاجرا كفارا,سورة نوح,31
71,28,رب اغفر لي ولوٰلدي ولمن دخل بيتي مؤمنا وللمؤمنين والمؤمنٰت ولا تزد الظٰلمين الا تبارا,سورة نوح,0
72,0,سورة الجن,سورة الجن,6
72,0,بسم الله الرحمٰن الرحيم,سورة الجن,10
72,1,قل اوحي الي انه استمع نفر من الجن فقالوا انا سمعنا قرءانا عجبا,سورة الجن,37
72,2,يهدي الى الرشد فامنا به ولن نشرك بربنا احدا,سورة الجن,41
72,3,وانه تعٰلىٰ جد ربنا ما اتخذ صٰحبة ولا ولدا,سورة الجن,65
72,4,وانه كان يقول سفيهنا على الله شططا,سورة الجن,65
72,5,وانا ظننا ان لن تقول الانس والجن على الله كذبا,سورة الجن,53
72,6,وانه كان رجال من الانس يعوذون برجال من الجن فزادوهم رهقا,سورة الجن,65
72,7,وانهم ظنوا كما ظننتم ان لن يبعث الله احدا,سورة الجن,0
72,8,وانا لمسنا السماء فوجدنٰها ملئت حرسا شديدا وشهبا,سورة الجن,23
72,9,وانا كنا نقعد منها مقٰعد للسمع فمن يستمع الان يجد له شهابا رصدا,سورة الجن,64
72,10,وانا لا ندري اشر اريد بمن في الارض ام اراد بهم ربهم رشدا,سورة الجن,60
72,11,وانا منا الصٰلحون ومنا دون ذٰلك كنا طرائق قددا,سورة الجن,21
72,12,وانا ظننا ان لن نعجز الله في الارض ولن نعجزه هربا,سورة الجن,8
72,13,وانا لما سمعنا الهدىٰ ءامنا به فمن يؤمن بربه فلا يخاف بخسا ولا رهقا,سورة الجن,41
72,14,وانا منا المسلمون ومنا القٰسطون فمن اسلم فاولٰئك تحروا رشدا,سورة الجن,32
72,15,واما القٰسطون فكانوا لجهنم حطبا,سورة الجن,0
72,16,والو استقٰموا على الطريقة لاسقينٰهم ماء غدقا,سورة الجن,9
72,17,لنفتنهم فيه ومن يعرض عن ذكر ربه يسلكه عذابا صعدا,سورة الجن,0
72,18,وان المسٰجد لله فلا تدعوا مع الله احدا,سورة الجن,14
72,19,وانه لما قام عبد الله يدعوه كادوا يكونون عليه لبدا,سورة الجن,65
72,20,قل انما ادعوا ربي ولا اشرك به احدا,سورة الجن,17
72,21,قل اني لا املك لكم ضرا ولا رشدا,سورة الجن,12
72,22,قل اني لن يجيرني من الله احد ولن اجد من دونه ملتحدا,سورة الجن,12
72,23,الا بلٰغا من الله ورسٰلٰته ومن يعص الله ورسوله فان له نار جهنم خٰلدين فيها ابدا,سورة الجن,3
72,24,حتىٰ اذا راوا ما يوعدون فسيعلمون من اضعف ناصرا واقل عددا,سورة الجن,11
72,25,قل ان ادري اقريب ما توعدون ام يجعل له ربي امدا,سورة الجن,60
72,26,عٰلم الغيب فلا يظهر علىٰ غيبه احدا,سورة الجن,47
72,27,الا من ارتضىٰ من رسول فانه يسلك من بين يديه ومن خلفه رصدا,سورة الجن,59
72,28,ليعلم ان قد ابلغوا رسٰلٰت ربهم واحاط بما لديهم واحصىٰ كل شيء عددا,سورة الجن,27
73,0,سورة المزمل,سورة المزمل,6
73,0,بسم الله الرحمٰن الرحيم,سورة المزمل,10
73,1,يٰايها المزمل,سورة المزمل,62
73,2,قم اليل الا قليلا,سورة المزمل,31
73,3,نصفه او انقص منه قليلا,سورة المزمل,30
73,4,او زد عليه ورتل القرءان ترتيلا,سورة المزمل,30
73,5,انا سنلقي عليك قولا ثقيلا,سورة المزمل,37
73,6,ان ناشئة اليل هي اشد وطا واقوم قيلا,سورة المزمل,0
73,7,ان لك في النهار سبحا طويلا,سورة المزمل,21
73,8,واذكر اسم ربك وتبتل اليه تبتيلا,سورة المزمل,4
73,9,رب المشرق والمغرب لا الٰه الا هو فاتخذه وكيلا,سورة المزمل,31
73,10,واصبر علىٰ ما يقولون واهجرهم هجرا جميلا,سورة المزمل,0
73,11,وذرني والمكذبين اولي النعمة ومهلهم قليلا,سورة المزمل,0
73,12,ان لدينا انكالا وجحيما,سورة المزمل,19
73,13,وطعاما ذا غصة وعذابا اليما,سورة المزمل,20
73,14,يوم ترجف الارض والجبال وكانت الجبال كثيبا مهيلا,سورة المزمل,56
73,15,انا ارسلنا اليكم رسولا شٰهدا عليكم كما ارسلنا الىٰ فرعون رسولا,سورة المزمل,37
73,16,فعصىٰ فرعون الرسول فاخذنٰه اخذا وبيلا,سورة المزمل,42
73,17,فكيف تتقون ان كفرتم يوما يجعل الولدٰن شيبا,سورة المزمل,0
73,18,السماء منفطر به كان وعده مفعولا,سورة المزمل,41
73,19,ان هٰذه تذكرة فمن شاء اتخذ الىٰ ربه سبيلا,سورة المزمل,19
73,20,ان ربك يعلم انك تقوم ادنىٰ من ثلثي اليل ونصفه وثلثه وطائفة من الذين معك والله يقدر اليل والنهار علم ان لن تحصوه فتاب عليكم فاقرءوا ما تيسر من القرءان علم ان سيكون منكم مرضىٰ وءاخرون يضربون في الارض يبتغون من فضل الله وءاخرون يقٰتلون في سبيل الله فاقرءوا ما تيسر منه واقيموا الصلوٰة وءاتوا الزكوٰة واقرضوا الله قرضا حسنا وما تقدموا لانفسكم من خير تجدوه عند الله هو خيرا واعظم اجرا واستغفروا الله ان الله غفور رحيم,سورة المزمل,3
74,0,سورة المدثر,سورة المدثر,6
74,0,بسم الله الرحمٰن الرحيم,سورة المدثر,10
74,1,يٰايها المدثر,سورة المدثر,62
74,2,قم فانذر,سورة المدثر,0
74,3,وربك فكبر,سورة المدثر,0
74,4,وثيابك فطهر,سورة المدثر,0
74,5,والرجز فاهجر,سورة المدثر,0
74,6,ولا تمنن تستكثر,سورة المدثر,44
74,7,ولربك فاصبر,سورة المدثر,0
74,8,فاذا نقر في الناقور,سورة المدثر,48
74,9,فذٰلك يومئذ يوم عسير,سورة المدثر,56
74,10,على الكٰفرين غير يسير,سورة المدثر,7
74,11,ذرني ومن خلقت وحيدا,سورة المدثر,0
74,12,وجعلت له مالا ممدودا,سورة المدثر,0
74,13,وبنين شهودا,سورة المدثر,0
74,14,ومهدت له تمهيدا,سورة المدثر,0
74,15,ثم يطمع ان ازيد,سورة المدثر,69
74,16,كلا انه كان لايٰتنا عنيدا,سورة المدثر,22
74,17,سارهقه صعودا,سورة المدثر,0
74,18,انه فكر وقدر,سورة المدثر,36
74,19,فقتل كيف قدر,سورة المدثر,51
74,20,ثم قتل كيف قدر,سورة المدثر,69
74,21,ثم نظر,سورة المدثر,69
74,22,ثم عبس وبسر,سورة المدثر,69
74,23,ثم ادبر واستكبر,سورة المدثر,69
74,24,فقال ان هٰذا الا سحر يؤثر,سورة المدثر,20
74,25,ان هٰذا الا قول البشر,سورة المدثر,20
74,26,ساصليه سقر,سورة المدثر,0
74,27,وما ادرىٰك ما سقر,سورة المدثر,29
74,28,لا تبقي ولا تذر,سورة المدثر,44
74,29,لواحة للبشر,سورة المدثر,0
74,30,عليها تسعة عشر,سورة المدثر,0
74,31,وما جعلنا اصحٰب النار الا ملٰئكة وما جعلنا عدتهم الا فتنة للذين كفروا ليستيقن الذين اوتوا الكتٰب ويزداد الذين ءامنوا ايمٰنا ولا يرتاب الذين اوتوا الكتٰب والمؤمنون وليقول الذين في قلوبهم مرض والكٰفرون ماذا اراد الله بهٰذا مثلا كذٰلك يضل الله من يشاء ويهدي من يشاء وما يعلم جنود ربك الا هو وما هي الا ذكرىٰ للبشر,سورة المدثر,31
74,32,كلا والقمر,سورة المدثر,22
74,33,واليل اذ ادبر,سورة المدثر,0
74,34,والصبح اذا اسفر,سورة المدثر,11
74,35,انها لاحدى الكبر,سورة المدثر,0
74,36,نذيرا للبشر,سورة المدثر,0
74,37,لمن شاء منكم ان يتقدم او يتاخر,سورة المدثر,19
74,38,كل نفس بما كسبت رهينة,سورة المدثر,27
74,39,الا اصحٰب اليمين,سورة المدثر,52
74,40,في جنٰت يتساءلون,سورة المدثر,13
74,41,عن المجرمين,سورة المدثر,0
74,42,ما سلككم في سقر,سورة المدثر,8
74,43,قالوا لم نك من المصلين,سورة المدثر,59
74,44,ولم نك نطعم المسكين,سورة المدثر,0
74,45,وكنا نخوض مع الخائضين,سورة المدثر,0
74,46,وكنا نكذب بيوم الدين,سورة المدثر,0
74,47,حتىٰ اتىٰنا اليقين,سورة المدثر,18
74,48,فما تنفعهم شفٰعة الشٰفعين,سورة المدثر,0
74,49,فما لهم عن التذكرة معرضين,سورة المدثر,0
74,50,كانهم حمر مستنفرة,سورة المدثر,0
74,51,فرت من قسورة,سورة المدثر,59
74,52,بل يريد كل امري منهم ان يؤتىٰ صحفا منشرة,سورة المدثر,9
74,53,كلا بل لا يخافون الاخرة,سورة المدثر,22
74,54,كلا انه تذكرة,سورة المدثر,22
74,55,فمن شاء ذكره,سورة المدثر,19
74,56,وما يذكرون الا ان يشاء الله هو اهل التقوىٰ واهل المغفرة,سورة المدثر,31
75,0,سورة القيامة,سورة القيامة,6
75,0,بسم الله الرحمٰن الرحيم,سورة القيامة,10
75,1,لا اقسم بيوم القيٰمة,سورة القيامة,40
75,2,ولا اقسم بالنفس اللوامة,سورة القيامة,44
75,3,ايحسب الانسٰن الن نجمع عظامه,سورة القيامة,0
75,4,بلىٰ قٰدرين علىٰ ان نسوي بنانه,سورة القيامة,67
75,5,بل يريد الانسٰن ليفجر امامه,سورة القيامة,9
75,6,يسل ايان يوم القيٰمة,سورة القيامة,40
75,7,فاذا برق البصر,سورة القيامة,48
75,8,وخسف القمر,سورة القيامة,0
75,9,وجمع الشمس والقمر,سورة القيامة,0
75,10,يقول الانسٰن يومئذ اين المفر,سورة القيامة,34
75,11,كلا لا وزر,سورة القيامة,22
75,12,الىٰ ربك يومئذ المستقر,سورة القيامة,34
75,13,ينبؤا الانسٰن يومئذ بما قدم واخر,سورة القيامة,34
75,14,بل الانسٰن علىٰ نفسه بصيرة,سورة القيامة,9
75,15,ولو القىٰ معاذيره,سورة القيامة,18
75,16,لا تحرك به لسانك لتعجل به,سورة القيامة,41
75,17,ان علينا جمعه وقرءانه,سورة القيامة,0
75,18,فاذا قرانٰه فاتبع قرءانه,سورة القيامة,48
75,19,ثم ان علينا بيانه,سورة القيامة,69
75,20,كلا بل تحبون العاجلة,سورة القيامة,22
75,21,وتذرون الاخرة,سورة القيامة,0
75,22,وجوه يومئذ ناضرة,سورة القيامة,33
75,23,الىٰ ربها ناظرة,سورة القيامة,0
75,24,ووجوه يومئذ باسرة,سورة القيامة,34
75,25,تظن ان يفعل بها فاقرة,سورة القيامة,0
75,26,كلا اذا بلغت التراقي,سورة القيامة,22
75,27,وقيل من راق,سورة القيامة,59
75,28,وظن انه الفراق,سورة القيامة,36
75,29,والتفت الساق بالساق,سورة القيامة,0
75,30,الىٰ ربك يومئذ المساق,سورة القيامة,34
75,31,فلا صدق ولا صلىٰ,سورة القيامة,44
75,32,ولٰكن كذب وتولىٰ,سورة القيامة,46
75,33,ثم ذهب الىٰ اهله يتمطىٰ,سورة القيامة,69
75,34,اولىٰ لك فاولىٰ,سورة القيامة,21
75,35,ثم اولىٰ لك فاولىٰ,سورة القيامة,69
75,36,ايحسب الانسٰن ان يترك سدى,سورة القيامة,19
75,37,الم يك نطفة من مني يمنىٰ,سورة القيامة,55
75,38,ثم كان علقة فخلق فسوىٰ,سورة القيامة,69
75,39,فجعل منه الزوجين الذكر والانثىٰ,سورة القيامة,0
75,40,اليس ذٰلك بقٰدر علىٰ ان يحي الموتىٰ,سورة القيامة,21
76,0,سورة الانسان,سورة الانسان,6
76,0,بسم الله الرحمٰن الرحيم,سورة الانسان,10
76,1,هل اتىٰ على الانسٰن حين من الدهر لم يكن شيا مذكورا,سورة الانسان,59
76,2,انا خلقنا الانسٰن من نطفة امشاج نبتليه فجعلنٰه سميعا بصيرا,سورة الانسان,37
76,3,انا هدينٰه السبيل اما شاكرا واما كفورا,سورة الانسان,37
76,4,انا اعتدنا للكٰفرين سلٰسلا واغلٰلا وسعيرا,سورة الانسان,7
76,5,ان الابرار يشربون من كاس كان مزاجها كافورا,سورة الانسان,68
76,6,عينا يشرب بها عباد الله يفجرونها تفجيرا,سورة الانسان,0
76,7,يوفون بالنذر ويخافون يوما كان شره مستطيرا,سورة الانسان,0
76,8,ويطعمون الطعام علىٰ حبه مسكينا ويتيما واسيرا,سورة الانسان,67
76,9,انما نطعمكم لوجه الله لا نريد منكم جزاء ولا شكورا,سورة الانسان,17
76,10,انا نخاف من ربنا يوما عبوسا قمطريرا,سورة الانسان,37
76,11,فوقىٰهم الله شر ذٰلك اليوم ولقىٰهم نضرة وسرورا,سورة الانسان,9
76,12,وجزىٰهم بما صبروا جنة وحريرا,سورة الانسان,9
76,13,متكين فيها على الارائك لا يرون فيها شمسا ولا زمهريرا,سورة الانسان,38
76,14,ودانية عليهم ظلٰلها وذللت قطوفها تذليلا,سورة الانسان,39
76,15,ويطاف عليهم بانية من فضة واكواب كانت قواريرا,سورة الانسان,59
76,16,قواريرا من فضة قدروها تقديرا,سورة الانسان,59
76,17,ويسقون فيها كاسا كان مزاجها زنجبيلا,سورة الانسان,38
76,18,عينا فيها تسمىٰ سلسبيلا,سورة الانسان,38
76,19,ويطوف عليهم ولدٰن مخلدون اذا رايتهم حسبتهم لؤلؤا منثورا,سورة الانسان,11
76,20,واذا رايت ثم رايت نعيما وملكا كبيرا,سورة الانسان,54
76,21,عٰليهم ثياب سندس خضر واستبرق وحلوا اساور من فضة وسقىٰهم ربهم شرابا طهورا,سورة الانسان,0
76,22,ان هٰذا كان لكم جزاء وكان سعيكم مشكورا,سورة الانسان,20
76,23,انا نحن نزلنا عليك القرءان تنزيلا,سورة الانسان,37
76,24,فاصبر لحكم ربك ولا تطع منهم ءاثما او كفورا,سورة الانسان,30
76,25,واذكر اسم ربك بكرة واصيلا,سورة الانسان,4
76,26,ومن اليل فاسجد له وسبحه ليلا طويلا,سورة الانسان,0
76,27,ان هٰؤلاء يحبون العاجلة ويذرون وراءهم يوما ثقيلا,سورة الانسان,39
76,28,نحن خلقنٰهم وشددنا اسرهم واذا شئنا بدلنا امثٰلهم تبديلا,سورة الانسان,54
76,29,ان هٰذه تذكرة فمن شاء اتخذ الىٰ ربه سبيلا,سورة الانسان,19
76,30,وما تشاءون الا ان يشاء الله ان الله كان عليما حكيما,سورة الانسان,31
76,31,يدخل من يشاء في رحمته والظٰلمين اعد لهم عذابا اليما,سورة الانسان,59
77,0,سورة المرسلات,سورة المرسلات,6
77,0,بسم الله الرحمٰن الرحيم,سورة المرسلات,10
77,1,والمرسلٰت عرفا,سورة المرسلات,0
77,2,فالعٰصفٰت عصفا,سورة المرسلات,0
77,3,والنٰشرٰت نشرا,سورة المرسلات,0
77,4,فالفٰرقٰت فرقا,سورة المرسلات,0
77,5,فالملقيٰت ذكرا,سورة المرسلات,0
77,6,عذرا او نذرا,سورة المرسلات,30
77,7,انما توعدون لوٰقع,سورة المرسلات,17
77,8,فاذا النجوم طمست,سورة المرسلات,48
77,9,واذا السماء فرجت,سورة المرسلات,54
77,10,واذا الجبال نسفت,سورة المرسلات,54
77,11,واذا الرسل اقتت,سورة المرسلات,54
77,12,لاي يوم اجلت,سورة المرسلات,56
77,13,ليوم الفصل,سورة المرسلات,0
77,14,وما ادرىٰك ما يوم الفصل,سورة المرسلات,29
77,15,ويل يومئذ للمكذبين,سورة المرسلات,34
77,16,الم نهلك الاولين,سورة المرسلات,55
77,17,ثم نتبعهم الاخرين,سورة المرسلات,69
77,18,كذٰلك نفعل بالمجرمين,سورة المرسلات,21
77,19,ويل يومئذ للمكذبين,سورة المرسلات,34
77,20,الم نخلقكم من ماء مهين,سورة المرسلات,55
77,21,فجعلنٰه في قرار مكين,سورة المرسلات,0
77,22,الىٰ قدر معلوم,سورة المرسلات,24
77,23,فقدرنا فنعم القٰدرون,سورة المرسلات,0
77,24,ويل يومئذ للمكذبين,سورة المرسلات,34
77,25,الم نجعل الارض كفاتا,سورة المرسلات,55
77,26,احياء واموٰتا,سورة المرسلات,0
77,27,وجعلنا فيها روٰسي شٰمخٰت واسقينٰكم ماء فراتا,سورة المرسلات,45
77,28,ويل يومئذ للمكذبين,سورة المرسلات,34
77,29,انطلقوا الىٰ ما كنتم به تكذبون,سورة المرسلات,41
77,30,انطلقوا الىٰ ظل ذي ثلٰث شعب,سورة المرسلات,0
77,31,لا ظليل ولا يغني من اللهب,سورة المرسلات,44
77,32,انها ترمي بشرر كالقصر,سورة المرسلات,0
77,33,كانه جمٰلت صفر,سورة المرسلات,0
77,34,ويل يومئذ للمكذبين,سورة المرسلات,34
77,35,هٰذا يوم لا ينطقون,سورة المرسلات,56
77,36,ولا يؤذن لهم فيعتذرون,سورة المرسلات,44
77,37,ويل يومئذ للمكذبين,سورة المرسلات,34
77,38,هٰذا يوم الفصل جمعنٰكم والاولين,سورة المرسلات,45
77,39,فان كان لكم كيد فكيدون,سورة المرسلات,0
77,40,ويل يومئذ للمكذبين,سورة المرسلات,34
77,41,ان المتقين في ظلٰل وعيون,سورة المرسلات,13
77,42,وفوٰكه مما يشتهون,سورة المرسلات,0
77,43,كلوا واشربوا هنيا بما كنتم تعملون,سورة المرسلات,1
77,44,انا كذٰلك نجزي المحسنين,سورة المرسلات,37
77,45,ويل يومئذ للمكذبين,سورة المرسلات,34
77,46,كلوا وتمتعوا قليلا انكم مجرمون,سورة المرسلات,0
77,47,ويل يومئذ للمكذبين,سورة المرسلات,34
77,48,واذا قيل لهم اركعوا لا يركعون,سورة المرسلات,54
77,49,ويل يومئذ للمكذبين,سورة المرسلات,34
77,50,فباي حديث بعده يؤمنون,سورة المرسلات,0
78,0,سورة النبا,سورة النبا,6
78,0,بسم الله الرحمٰن الرحيم,سورة النبا,10
78,1,عم يتساءلون,سورة النبا,67
78,2,عن النبا العظيم,سورة النبا,0
78,3,الذي هم فيه مختلفون,سورة النبا,9
78,4,كلا سيعلمون,سورة النبا,22
78,5,ثم كلا سيعلمون,سورة النبا,22
78,6,الم نجعل الارض مهٰدا,سورة النبا,55
78,7,والجبال اوتادا,سورة النبا,0
78,8,وخلقنٰكم ازوٰجا,سورة النبا,45
78,9,وجعلنا نومكم سباتا,سورة النبا,0
78,10,وجعلنا اليل لباسا,سورة النبا,0
78,11,وجعلنا النهار معاشا,سورة النبا,0
78,12,وبنينا فوقكم سبعا شدادا,سورة النبا,0
78,13,وجعلنا سراجا وهاجا,سورة النبا,0
78,14,وانزلنا من المعصرٰت ماء ثجاجا,سورة النبا,59
78,15,لنخرج به حبا ونباتا,سورة النبا,41
78,16,وجنٰت الفافا,سورة النبا,0
78,17,ان يوم الفصل كان ميقٰتا,سورة النبا,56
78,18,يوم ينفخ في الصور فتاتون افواجا,سورة النبا,56
78,19,وفتحت السماء فكانت ابوٰبا,سورة النبا,0
78,20,وسيرت الجبال فكانت سرابا,سورة النبا,0
78,21,ان جهنم كانت مرصادا,سورة النبا,0
78,22,للطٰغين مابا,سورة النبا,0
78,23,لٰبثين فيها احقابا,سورة النبا,38
78,24,لا يذوقون فيها بردا ولا شرابا,سورة النبا,38
78,25,الا حميما وغساقا,سورة النبا,31
78,26,جزاء وفاقا,سورة النبا,0
78,27,انهم كانوا لا يرجون حسابا,سورة النبا,25
78,28,وكذبوا بايٰتنا كذابا,سورة النبا,28
78,29,وكل شيء احصينٰه كتٰبا,سورة النبا,0
78,30,فذوقوا فلن نزيدكم الا عذابا,سورة النبا,31
78,31,ان للمتقين مفازا,سورة النبا,19
78,32,حدائق واعنٰبا,سورة النبا,0
78,33,وكواعب اترابا,سورة النبا,0
78,34,وكاسا دهاقا,سورة النبا,0
78,35,لا يسمعون فيها لغوا ولا كذٰبا,سورة النبا,38
78,36,جزاء من ربك عطاء حسابا,سورة النبا,4
78,37,رب السمٰوٰت والارض وما بينهما الرحمٰن لا يملكون منه خطابا,سورة النبا,66
78,38,يوم يقوم الروح والملٰئكة صفا لا يتكلمون الا من اذن له الرحمٰن وقال صوابا,سورة النبا,31
78,39,ذٰلك اليوم الحق فمن شاء اتخذ الىٰ ربه مابا,سورة النبا,19
78,40,انا انذرنٰكم عذابا قريبا يوم ينظر المرء ما قدمت يداه ويقول الكافر يٰليتني كنت ترٰبا,سورة النبا,37
79,0,سورة النازعات,سورة النازعات,6
79,0,بسم الله الرحمٰن الرحيم,سورة النازعات,10
79,1,والنٰزعٰت غرقا,سورة النازعات,0
79,2,والنٰشطٰت نشطا,سورة النازعات,0
79,3,والسٰبحٰت سبحا,سورة النازعات,0
79,4,فالسٰبقٰت سبقا,سورة النازعات,0
79,5,فالمدبرٰت امرا,سورة النازعات,0
79,6,يوم ترجف الراجفة,سورة النازعات,56
79,7,تتبعها الرادفة,سورة النازعات,0
79,8,قلوب يومئذ واجفة,سورة النازعات,34
79,9,ابصٰرها خٰشعة,سورة النازعات,0
79,10,يقولون اءنا لمردودون في الحافرة,سورة النازعات,0
79,11,اءذا كنا عظٰما نخرة,سورة النازعات,0
79,12,قالوا تلك اذا كرة خاسرة,سورة النازعات,11
79,13,فانما هي زجرة وٰحدة,سورة النازعات,39
79,14,فاذا هم بالساهرة,سورة النازعات,48
79,15,هل اتىٰك حديث موسىٰ,سورة النازعات,0
79,16,اذ نادىٰه ربه بالواد المقدس طوى,سورة النازعات,0
79,17,اذهب الىٰ فرعون انه طغىٰ,سورة النازعات,42
79,18,فقل هل لك الىٰ ان تزكىٰ,سورة النازعات,21
79,19,واهديك الىٰ ربك فتخشىٰ,سورة النازعات,4
79,20,فارىٰه الاية الكبرىٰ,سورة النازعات,0
79,21,فكذب وعصىٰ,سورة النازعات,0
79,22,ثم ادبر يسعىٰ,سورة النازعات,69
79,23,فحشر فنادىٰ,سورة النازعات,0
79,24,فقال انا ربكم الاعلىٰ,سورة النازعات,37
79,25,فاخذه الله نكال الاخرة والاولىٰ,سورة النازعات,3
79,26,ان في ذٰلك لعبرة لمن يخشىٰ,سورة النازعات,19
79,27,ءانتم اشد خلقا ام السماء بنىٰها,سورة النازعات,60
79,28,رفع سمكها فسوىٰها,سورة النازعات,23
79,29,واغطش ليلها واخرج ضحىٰها,سورة النازعات,23
79,30,والارض بعد ذٰلك دحىٰها,سورة النازعات,23
79,31,اخرج منها ماءها ومرعىٰها,سورة النازعات,64
79,32,والجبال ارسىٰها,سورة النازعات,23
79,33,متٰعا لكم ولانعٰمكم,سورة النازعات,64
79,34,فاذا جاءت الطامة الكبرىٰ,سورة النازعات,48
79,35,يوم يتذكر الانسٰن ما سعىٰ,سورة النازعات,56
79,36,وبرزت الجحيم لمن يرىٰ,سورة النازعات,19
79,37,فاما من طغىٰ,سورة النازعات,59
79,38,وءاثر الحيوٰة الدنيا,سورة النازعات,0
79,39,فان الجحيم هي الماوىٰ,سورة النازعات,45
79,40,واما من خاف مقام ربه ونهى النفس عن الهوىٰ,سورة النازعات,59
79,41,فان الجنة هي الماوىٰ,سورة النازعات,45
79,42,يسلونك عن الساعة ايان مرسىٰها,سورة النازعات,23
79,43,فيم انت من ذكرىٰها,سورة النازعات,23
79,44,الىٰ ربك منتهىٰها,سورة النازعات,23
79,45,انما انت منذر من يخشىٰها,سورة النازعات,23
79,46,كانهم يوم يرونها لم يلبثوا الا عشية او ضحىٰها,سورة النازعات,23
80,0,سورة عبس,سورة عبس,6
80,0,بسم الله الرحمٰن الرحيم,سورة عبس,10
80,1,عبس وتولىٰ,سورة عبس,0
80,2,ان جاءه الاعمىٰ,سورة عبس,19
80,3,وما يدريك لعله يزكىٰ,سورة عبس,29
80,4,او يذكر فتنفعه الذكرىٰ,سورة عبس,30
80,5,اما من استغنىٰ,سورة عبس,59
80,6,فانت له تصدىٰ,سورة عبس,0
80,7,وما عليك الا يزكىٰ,سورة عبس,31
80,8,واما من جاءك يسعىٰ,سورة عبس,59
80,9,وهو يخشىٰ,سورة عبس,49
80,10,فانت عنه تلهىٰ,سورة عبس,15
80,11,كلا انها تذكرة,سورة عبس,22
80,12,فمن شاء ذكره,سورة عبس,19
80,13,في صحف مكرمة,سورة عبس,8
80,14,مرفوعة مطهرة,سورة عبس,0
80,15,بايدي سفرة,سورة عبس,0
80,16,كرام بررة,سورة عبس,0
80,17,قتل الانسٰن ما اكفره,سورة عبس,0
80,18,من اي شيء خلقه,سورة عبس,59
80,19,من نطفة خلقه فقدره,سورة عبس,59
80,20,ثم السبيل يسره,سورة عبس,69
80,21,ثم اماته فاقبره,سورة عبس,69
80,22,ثم اذا شاء انشره,سورة عبس,11
80,23,كلا لما يقض ما امره,سورة عبس,22
80,24,فلينظر الانسٰن الىٰ طعامه,سورة عبس,0
80,25,انا صببنا الماء صبا,سورة عبس,37
80,26,ثم شققنا الارض شقا,سورة عبس,69
80,27,فانبتنا فيها حبا,سورة عبس,38
80,28,وعنبا وقضبا,سورة عبس,0
80,29,وزيتونا ونخلا,سورة عبس,0
80,30,وحدائق غلبا,سورة عبس,0
80,31,وفٰكهة وابا,سورة عبس,64
80,32,متٰعا لكم ولانعٰمكم,سورة عبس,64
80,33,فاذا جاءت الصاخة,سورة عبس,48
80,34,يوم يفر المرء من اخيه,سورة عبس,56
80,35,وامه وابيه,سورة عبس,0
80,36,وصٰحبته وبنيه,سورة عبس,0
80,37,لكل امري منهم يومئذ شان يغنيه,سورة عبس,34
80,38,وجوه يومئذ مسفرة,سورة عبس,33
80,39,ضاحكة مستبشرة,سورة عبس,0
80,40,ووجوه يومئذ عليها غبرة,سورة عبس,34
80,41,ترهقها قترة,سورة عبس,0
80,42,اولٰئك هم الكفرة الفجرة,سورة عبس,63
81,0,سورة التكوير,سورة التكوير,6
81,0,بسم الله الرحمٰن الرحيم,سورة التكوير,10
81,1,اذا الشمس كورت,سورة التكوير,11
81,2,واذا النجوم انكدرت,سورة التكوير,54
81,3,واذا الجبال سيرت,سورة التكوير,54
81,4,واذا العشار عطلت,سورة التكوير,54
81,5,واذا الوحوش حشرت,سورة التكوير,54
81,6,واذا البحار سجرت,سورة التكوير,54
81,7,واذا النفوس زوجت,سورة التكوير,54
81,8,واذا الموءدة سئلت,سورة التكوير,54
81,9,باي ذنب قتلت,سورة التكوير,28
81,10,واذا الصحف نشرت,سورة التكوير,54
81,11,واذا السماء كشطت,سورة التكوير,54
81,12,واذا الجحيم سعرت,سورة التكوير,54
81,13,واذا الجنة ازلفت,سورة التكوير,54
81,14,علمت نفس ما احضرت,سورة التكوير,0
81,15,فلا اقسم بالخنس,سورة التكوير,14
81,16,الجوار الكنس,سورة التكوير,0
81,17,واليل اذا عسعس,سورة التكوير,11
81,18,والصبح اذا تنفس,سورة التكوير,11
81,19,انه لقول رسول كريم,سورة التكوير,36
81,20,ذي قوة عند ذي العرش مكين,سورة التكوير,0
81,21,مطاع ثم امين,سورة التكوير,69
81,22,وما صاحبكم بمجنون,سورة التكوير,29
81,23,ولقد رءاه بالافق المبين,سورة التكوير,0
81,24,وما هو على الغيب بضنين,سورة التكوير,47
81,25,وما هو بقول شيطٰن رجيم,سورة التكوير,29
81,26,فاين تذهبون,سورة التكوير,0
81,27,ان هو الا ذكر للعٰلمين,سورة التكوير,31
81,28,لمن شاء منكم ان يستقيم,سورة التكوير,19
81,29,وما تشاءون الا ان يشاء الله رب العٰلمين,سورة التكوير,16
82,0,سورة الانفطار,سورة الانفطار,6
82,0,بسم الله الرحمٰن الرحيم,سورة الانفطار,10
82,1,اذا السماء انفطرت,سورة الانفطار,11
82,2,واذا الكواكب انتثرت,سورة الانفطار,54
82,3,واذا البحار فجرت,سورة الانفطار,54
82,4,واذا القبور بعثرت,سورة الانفطار,54
82,5,علمت نفس ما قدمت واخرت,سورة الانفطار,0
82,6,يٰايها الانسٰن ما غرك بربك الكريم,سورة الانفطار,62
82,7,الذي خلقك فسوىٰك فعدلك,سورة الانفطار,0
82,8,في اي صورة ما شاء ركبك,سورة الانفطار,19
82,9,كلا بل تكذبون بالدين,سورة الانفطار,22
82,10,وان عليكم لحٰفظين,سورة الانفطار,0
82,11,كراما كٰتبين,سورة الانفطار,0
82,12,يعلمون ما تفعلون,سورة الانفطار,0
82,13,ان الابرار لفي نعيم,سورة الانفطار,19
82,14,وان الفجار لفي جحيم,سورة الانفطار,0
82,15,يصلونها يوم الدين,سورة الانفطار,56
82,16,وما هم عنها بغائبين,سورة الانفطار,9
82,17,وما ادرىٰك ما يوم الدين,سورة الانفطار,56
82,18,ثم ما ادرىٰك ما يوم الدين,سورة الانفطار,56
82,19,يوم لا تملك نفس لنفس شيا والامر يومئذ لله,سورة الانفطار,56
83,0,سورة المطففين,سورة المطففين,6
83,0,بسم الله الرحمٰن الرحيم,سورة المطففين,10
83,1,ويل للمطففين,سورة المطففين,34
83,2,الذين اذا اكتالوا على الناس يستوفون,سورة المطففين,11
83,3,واذا كالوهم او وزنوهم يخسرون,سورة المطففين,54
83,4,الا يظن اولٰئك انهم مبعوثون,سورة المطففين,63
83,5,ليوم عظيم,سورة المطففين,0
83,6,يوم يقوم الناس لرب العٰلمين,سورة المطففين,16
83,7,كلا ان كتٰب الفجار لفي سجين,سورة المطففين,22
83,8,وما ادرىٰك ما سجين,سورة المطففين,29
83,9,كتٰب مرقوم,سورة المطففين,0
83,10,ويل يومئذ للمكذبين,سورة المطففين,34
83,11,الذين يكذبون بيوم الدين,سورة المطففين,0
83,12,وما يكذب به الا كل معتد اثيم,سورة المطففين,41
83,13,اذا تتلىٰ عليه ءايٰتنا قال اسٰطير الاولين,سورة المطففين,11
83,14,كلا بل ران علىٰ قلوبهم ما كانوا يكسبون,سورة المطففين,22
83,15,كلا انهم عن ربهم يومئذ لمحجوبون,سورة المطففين,22
83,16,ثم انهم لصالوا الجحيم,سورة المطففين,25
83,17,ثم يقال هٰذا الذي كنتم به تكذبون,سورة المطففين,41
83,18,كلا ان كتٰب الابرار لفي عليين,سورة المطففين,22
83,19,وما ادرىٰك ما عليون,سورة المطففين,29
83,20,كتٰب مرقوم,سورة المطففين,0
83,21,يشهده المقربون,سورة المطففين,0
83,22,ان الابرار لفي نعيم,سورة المطففين,19
83,23,على الارائك ينظرون,سورة المطففين,67
83,24,تعرف في وجوههم نضرة النعيم,سورة المطففين,0
83,25,يسقون من رحيق مختوم,سورة المطففين,59
83,26,ختٰمه مسك وفي ذٰلك فليتنافس المتنٰفسون,سورة المطففين,21
83,27,ومزاجه من تسنيم,سورة المطففين,59
83,28,عينا يشرب بها المقربون,سورة المطففين,0
83,29,ان الذين اجرموا كانوا من الذين ءامنوا يضحكون,سورة المطففين,62
83,30,واذا مروا بهم يتغامزون,سورة المطففين,54
83,31,واذا انقلبوا الىٰ اهلهم انقلبوا فكهين,سورة المطففين,54
83,32,واذا راوهم قالوا ان هٰؤلاء لضالون,سورة المطففين,54
83,33,وما ارسلوا عليهم حٰفظين,سورة المطففين,29
83,34,فاليوم الذين ءامنوا من الكفار يضحكون,سورة المطففين,62
83,35,على الارائك ينظرون,سورة المطففين,67
83,36,هل ثوب الكفار ما كانوا يفعلون,سورة المطففين,27
84,0,سورة الانشقاق,سورة الانشقاق,6
84,0,بسم الله الرحمٰن الرحيم,سورة الانشقاق,10
84,1,اذا السماء انشقت,سورة الانشقاق,11
84,2,واذنت لربها وحقت,سورة الانشقاق,0
84,3,واذا الارض مدت,سورة الانشقاق,54
84,4,والقت ما فيها وتخلت,سورة الانشقاق,38
84,5,واذنت لربها وحقت,سورة الانشقاق,0
84,6,يٰايها الانسٰن انك كادح الىٰ ربك كدحا فملٰقيه,سورة الانشقاق,4
84,7,فاما من اوتي كتٰبه بيمينه,سورة الانشقاق,41
84,8,فسوف يحاسب حسابا يسيرا,سورة الانشقاق,0
84,9,وينقلب الىٰ اهله مسرورا,سورة الانشقاق,0
84,10,واما من اوتي كتٰبه وراء ظهره,سورة الانشقاق,41
84,11,فسوف يدعوا ثبورا,سورة الانشقاق,0
84,12,ويصلىٰ سعيرا,سورة الانشقاق,0
84,13,انه كان في اهله مسرورا,سورة الانشقاق,36
84,14,انه ظن ان لن يحور,سورة الانشقاق,36
84,15,بلىٰ ان ربه كان به بصيرا,سورة الانشقاق,41
84,16,فلا اقسم بالشفق,سورة الانشقاق,14
84,17,واليل وما وسق,سورة الانشقاق,29
84,18,والقمر اذا اتسق,سورة الانشقاق,11
84,19,لتركبن طبقا عن طبق,سورة الانشقاق,0
84,20,فما لهم لا يؤمنون,سورة الانشقاق,43
84,21,واذا قرئ عليهم القرءان لا يسجدون,سورة الانشقاق,54
84,22,بل الذين كفروا يكذبون,سورة الانشقاق,9
84,23,والله اعلم بما يوعون,سورة الانشقاق,27
84,24,فبشرهم بعذاب اليم,سورة الانشقاق,0
84,25,الا الذين ءامنوا وعملوا الصٰلحٰت لهم اجر غير ممنون,سورة الانشقاق,2
85,0,سورة البروج,سورة البروج,6
85,0,بسم الله الرحمٰن الرحيم,سورة البروج,10
85,1,والسماء ذات البروج,سورة البروج,0
85,2,واليوم الموعود,سورة البروج,0
85,3,وشاهد ومشهود,سورة البروج,0
85,4,قتل اصحٰب الاخدود,سورة البروج,52
85,5,النار ذات الوقود,سورة البروج,0
85,6,اذ هم عليها قعود,سورة البروج,9
85,7,وهم علىٰ ما يفعلون بالمؤمنين شهود,سورة البروج,67
85,8,وما نقموا منهم الا ان يؤمنوا بالله العزيز الحميد,سورة البروج,31
85,9,الذي له ملك السمٰوٰت والارض والله علىٰ كل شيء شهيد,سورة البروج,66
85,10,ان الذين فتنوا المؤمنين والمؤمنٰت ثم لم يتوبوا فلهم عذاب جهنم ولهم عذاب الحريق,سورة البروج,43
85,11,ان الذين ءامنوا وعملوا الصٰلحٰت لهم جنٰت تجري من تحتها الانهٰر ذٰلك الفوز الكبير,سورة البروج,2
85,12,ان بطش ربك لشديد,سورة البروج,4
85,13,انه هو يبدئ ويعيد,سورة البروج,36
85,14,وهو الغفور الودود,سورة البروج,49
85,15,ذو العرش المجيد,سورة البروج,0
85,16,فعال لما يريد,سورة البروج,0
85,17,هل اتىٰك حديث الجنود,سورة البروج,0
85,18,فرعون وثمود,سورة البروج,42
85,19,بل الذين كفروا في تكذيب,سورة البروج,9
85,20,والله من ورائهم محيط,سورة البروج,59
85,21,بل هو قرءان مجيد,سورة البروج,9
85,22,في لوح محفوظ,سورة البروج,8
86,0,سورة الطارق,سورة الطارق,6
86,0,بسم الله الرحمٰن الرحيم,سورة الطارق,10
86,1,والسماء والطارق,سورة الطارق,0
86,2,وما ادرىٰك ما الطارق,سورة الطارق,29
86,3,النجم الثاقب,سورة الطارق,0
86,4,ان كل نفس لما عليها حافظ,سورة الطارق,0
86,5,فلينظر الانسٰن مم خلق,سورة الطارق,5
86,6,خلق من ماء دافق,سورة الطارق,5
86,7,يخرج من بين الصلب والترائب,سورة الطارق,59
86,8,انه علىٰ رجعه لقادر,سورة الطارق,36
86,9,يوم تبلى السرائر,سورة الطارق,56
86,10,فما له من قوة ولا ناصر,سورة الطارق,44
86,11,والسماء ذات الرجع,سورة الطارق,0
86,12,والارض ذات الصدع,سورة الطارق,66
86,13,انه لقول فصل,سورة الطارق,36
86,14,وما هو بالهزل,سورة الطارق,29
86,15,انهم يكيدون كيدا,سورة الطارق,25
86,16,واكيد كيدا,سورة الطارق,0
86,17,فمهل الكٰفرين امهلهم رويدا,سورة الطارق,7
87,0,سورة الاعلىٰ,سورة الاعلىٰ,6
87,0,بسم الله الرحمٰن الرحيم,سورة الاعلىٰ,10
87,1,سبح اسم ربك الاعلى,سورة الاعلىٰ,4
87,2,الذي خلق فسوىٰ,سورة الاعلىٰ,5
87,3,والذي قدر فهدىٰ,سورة الاعلىٰ,0
87,4,والذي اخرج المرعىٰ,سورة الاعلىٰ,0
87,5,فجعله غثاء احوىٰ,سورة الاعلىٰ,0
87,6,سنقرئك فلا تنسىٰ,سورة الاعلىٰ,14
87,7,الا ما شاء الله انه يعلم الجهر وما يخفىٰ,سورة الاعلىٰ,29
87,8,ونيسرك لليسرىٰ,سورة الاعلىٰ,0
87,9,فذكر ان نفعت الذكرىٰ,سورة الاعلىٰ,19
87,10,سيذكر من يخشىٰ,سورة الاعلىٰ,59
87,11,ويتجنبها الاشقى,سورة الاعلىٰ,0
87,12,الذي يصلى النار الكبرىٰ,سورة الاعلىٰ,0
87,13,ثم لا يموت فيها ولا يحيىٰ,سورة الاعلىٰ,38
87,14,قد افلح من تزكىٰ,سورة الاعلىٰ,59
87,15,وذكر اسم ربه فصلىٰ,سورة الاعلىٰ,0
87,16,بل تؤثرون الحيوٰة الدنيا,سورة الاعلىٰ,9
87,17,والاخرة خير وابقىٰ,سورة الاعلىٰ,17
87,18,ان هٰذا لفي الصحف الاولىٰ,سورة الاعلىٰ,20
87,19,صحف ابرٰهيم وموسىٰ,سورة الاعلىٰ,58
88,0,سورة الغاشية,سورة الغاشية,6
88,0,بسم الله الرحمٰن الرحيم,سورة الغاشية,10
88,1,هل اتىٰك حديث الغٰشية,سورة الغاشية,0
88,2,وجوه يومئذ خٰشعة,سورة الغاشية,33
88,3,عاملة ناصبة,سورة الغاشية,0
88,4,تصلىٰ نارا حامية,سورة الغاشية,0
88,5,تسقىٰ من عين ءانية,سورة الغاشية,59
88,6,ليس لهم طعام الا من ضريع,سورة الغاشية,31
88,7,لا يسمن ولا يغني من جوع,سورة الغاشية,44
88,8,وجوه يومئذ ناعمة,سورة الغاشية,33
88,9,لسعيها راضية,سورة الغاشية,0
88,10,في جنة عالية,سورة الغاشية,8
88,11,لا تسمع فيها لٰغية,سورة الغاشية,38
88,12,فيها عين جارية,سورة الغاشية,38
88,13,فيها سرر مرفوعة,سورة الغاشية,38
88,14,واكواب موضوعة,سورة الغاشية,0
88,15,ونمارق مصفوفة,سورة الغاشية,0
88,16,وزرابي مبثوثة,سورة الغاشية,0
88,17,افلا ينظرون الى الابل كيف خلقت,سورة الغاشية,50
88,18,والى السماء كيف رفعت,سورة الغاشية,51
88,19,والى الجبال كيف نصبت,سورة الغاشية,51
88,20,والى الارض كيف سطحت,سورة الغاشية,51
88,21,فذكر انما انت مذكر,سورة الغاشية,17
88,22,لست عليهم بمصيطر,سورة الغاشية,0
88,23,الا من تولىٰ وكفر,سورة الغاشية,31
88,24,فيعذبه الله العذاب الاكبر,سورة الغاشية,18
88,25,ان الينا ايابهم,سورة الغاشية,19
88,26,ثم ان علينا حسابهم,سورة الغاشية,69
89,0,سورة الفجر,سورة الفجر,6
89,0,بسم الله الرحمٰن الرحيم,سورة الفجر,10
89,1,والفجر,سورة الفجر,0
89,2,وليال عشر,سورة الفجر,0
89,3,والشفع والوتر,سورة الفجر,0
89,4,واليل اذا يسر,سورة الفجر,11
89,5,هل في ذٰلك قسم لذي حجر,سورة الفجر,21
89,6,الم تر كيف فعل ربك بعاد,سورة الفجر,55
89,7,ارم ذات العماد,سورة الفجر,0
89,8,التي لم يخلق مثلها في البلٰد,سورة الفجر,0
89,9,وثمود الذين جابوا الصخر بالواد,سورة الفجر,0
89,10,وفرعون ذي الاوتاد,سورة الفجر,0
89,11,الذين طغوا في البلٰد,سورة الفجر,8
89,12,فاكثروا فيها الفساد,سورة الفجر,38
89,13,فصب عليهم ربك سوط عذاب,سورة الفجر,4
89,14,ان ربك لبالمرصاد,سورة الفجر,4
89,15,فاما الانسٰن اذا ما ابتلىٰه ربه فاكرمه ونعمه فيقول ربي اكرمن,سورة الفجر,11
89,16,واما اذا ما ابتلىٰه فقدر عليه رزقه فيقول ربي اهٰنن,سورة الفجر,11
89,17,كلا بل لا تكرمون اليتيم,سورة الفجر,22
89,18,ولا تحٰضون علىٰ طعام المسكين,سورة الفجر,44
89,19,وتاكلون التراث اكلا لما,سورة الفجر,0
89,20,وتحبون المال حبا جما,سورة الفجر,0
89,21,كلا اذا دكت الارض دكا دكا,سورة الفجر,22
89,22,وجاء ربك والملك صفا صفا,سورة الفجر,4
89,23,وجايء يومئذ بجهنم يومئذ يتذكر الانسٰن وانىٰ له الذكرىٰ,سورة الفجر,34
89,24,يقول يٰليتني قدمت لحياتي,سورة الفجر,0
89,25,فيومئذ لا يعذب عذابه احد,سورة الفجر,43
89,26,ولا يوثق وثاقه احد,سورة الفجر,44
89,27,يٰايتها النفس المطمئنة,سورة الفجر,0
89,28,ارجعي الىٰ ربك راضية مرضية,سورة الفجر,4
89,29,فادخلي في عبٰدي,سورة الفجر,0
89,30,وادخلي جنتي,سورة الفجر,0
90,0,سورة البلد,سورة البلد,6
90,0,بسم الله الرحمٰن الرحيم,سورة البلد,10
90,1,لا اقسم بهٰذا البلد,سورة البلد,41
90,2,وانت حل بهٰذا البلد,سورة البلد,41
90,3,ووالد وما ولد,سورة البلد,29
90,4,لقد خلقنا الانسٰن في كبد,سورة البلد,0
90,5,ايحسب ان لن يقدر عليه احد,سورة البلد,19
90,6,يقول اهلكت مالا لبدا,سورة البلد,0
90,7,ايحسب ان لم يره احد,سورة البلد,19
90,8,الم نجعل له عينين,سورة البلد,55
90,9,ولسانا وشفتين,سورة البلد,0
90,10,وهدينٰه النجدين,سورة البلد,0
90,11,فلا اقتحم العقبة,سورة البلد,14
90,12,وما ادرىٰك ما العقبة,سورة البلد,29
90,13,فك رقبة,سورة البلد,0
90,14,او اطعٰم في يوم ذي مسغبة,سورة البلد,56
90,15,يتيما ذا مقربة,سورة البلد,20
90,16,او مسكينا ذا متربة,سورة البلد,30
90,17,ثم كان من الذين ءامنوا وتواصوا بالصبر وتواصوا بالمرحمة,سورة البلد,62
90,18,اولٰئك اصحٰب الميمنة,سورة البلد,63
90,19,والذين كفروا بايٰتنا هم اصحٰب المشمة,سورة البلد,28
90,20,عليهم نار مؤصدة,سورة البلد,0
91,0,سورة الشمس,سورة الشمس,6
91,0,بسم الله الرحمٰن الرحيم,سورة الشمس,10
91,1,والشمس وضحىٰها,سورة الشمس,23
91,2,والقمر اذا تلىٰها,سورة الشمس,23
91,3,والنهار اذا جلىٰها,سورة الشمس,23
91,4,واليل اذا يغشىٰها,سورة الشمس,11
91,5,والسماء وما بنىٰها,سورة الشمس,23
91,6,والارض وما طحىٰها,سورة الشمس,23
91,7,ونفس وما سوىٰها,سورة الشمس,23
91,8,فالهمها فجورها وتقوىٰها,سورة الشمس,23
91,9,قد افلح من زكىٰها,سورة الشمس,23
91,10,وقد خاب من دسىٰها,سورة الشمس,23
91,11,كذبت ثمود بطغوىٰها,سورة الشمس,23
91,12,اذ انبعث اشقىٰها,سورة الشمس,23
91,13,فقال لهم رسول الله ناقة الله وسقيٰها,سورة الشمس,23
91,14,فكذبوه فعقروها فدمدم عليهم ربهم بذنبهم فسوىٰها,سورة الشمس,23
91,15,ولا يخاف عقبٰها,سورة الشمس,23
92,0,سورة الليل,سورة الليل,6
92,0,بسم الله الرحمٰن الرحيم,سورة الليل,10
92,1,واليل اذا يغشىٰ,سورة الليل,11
92,2,والنهار اذا تجلىٰ,سورة الليل,11
92,3,وما خلق الذكر والانثىٰ,سورة الليل,5
92,4,ان سعيكم لشتىٰ,سورة الليل,19
92,5,فاما من اعطىٰ واتقىٰ,سورة الليل,59
92,6,وصدق بالحسنىٰ,سورة الليل,0
92,7,فسنيسره لليسرىٰ,سورة الليل,0
92,8,واما من بخل واستغنىٰ,سورة الليل,59
92,9,وكذب بالحسنىٰ,سورة الليل,0
92,10,فسنيسره للعسرىٰ,سورة الليل,0
92,11,وما يغني عنه ماله اذا تردىٰ,سورة الليل,11
92,12,ان علينا للهدىٰ,سورة الليل,19
92,13,وان لنا للاخرة والاولىٰ,سورة الليل,0
92,14,فانذرتكم نارا تلظىٰ,سورة الليل,0
92,15,لا يصلىٰها الا الاشقى,سورة الليل,23
92,16,الذي كذب وتولىٰ,سورة الليل,53
92,17,وسيجنبها الاتقى,سورة الليل,0
92,18,الذي يؤتي ماله يتزكىٰ,سورة الليل,0
92,19,وما لاحد عنده من نعمة تجزىٰ,سورة الليل,29
92,20,الا ابتغاء وجه ربه الاعلىٰ,سورة الليل,31
92,21,ولسوف يرضىٰ,سورة الليل,0
93,0,سورة الضحىٰ,سورة الضحىٰ,6
93,0,بسم الله الرحمٰن الرحيم,سورة الضحىٰ,10
93,1,والضحىٰ,سورة الضحىٰ,0
93,2,واليل اذا سجىٰ,سورة الضحىٰ,11
93,3,ما ودعك ربك وما قلىٰ,سورة الضحىٰ,29
93,4,وللاخرة خير لك من الاولىٰ,سورة الضحىٰ,21
93,5,ولسوف يعطيك ربك فترضىٰ,سورة الضحىٰ,4
93,6,الم يجدك يتيما فاوىٰ,سورة الضحىٰ,55
93,7,ووجدك ضالا فهدىٰ,سورة الضحىٰ,0
93,8,ووجدك عائلا فاغنىٰ,سورة الضحىٰ,0
93,9,فاما اليتيم فلا تقهر,سورة الضحىٰ,14
93,10,واما السائل فلا تنهر,سورة الضحىٰ,14
93,11,واما بنعمة ربك فحدث,سورة الضحىٰ,4
94,0,سورة الشرح,سورة الشرح,6
94,0,بسم الله الرحمٰن الرحيم,سورة الشرح,10
94,1,الم نشرح لك صدرك,سورة الشرح,55
94,2,ووضعنا عنك وزرك,سورة الشرح,0
94,3,الذي انقض ظهرك,سورة الشرح,0
94,4,ورفعنا لك ذكرك,سورة الشرح,21
94,5,فان مع العسر يسرا,سورة الشرح,0
94,6,ان مع العسر يسرا,سورة الشرح,19
94,7,فاذا فرغت فانصب,سورة الشرح,48
94,8,والىٰ ربك فارغب,سورة الشرح,4
95,0,سورة التين,سورة التين,6
95,1,بسم الله الرحمٰن الرحيموالتين والزيتون,سورة التين,0
95,2,وطور سينين,سورة التين,0
95,3,وهٰذا البلد الامين,سورة التين,20
95,4,لقد خلقنا الانسٰن في احسن تقويم,سورة التين,0
95,5,ثم رددنٰه اسفل سٰفلين,سورة التين,69
95,6,الا الذين ءامنوا وعملوا الصٰلحٰت فلهم اجر غير ممنون,سورة التين,2
95,7,فما يكذبك بعد بالدين,سورة التين,0
95,8,اليس الله باحكم الحٰكمين,سورة التين,3
96,0,سورة العلق,سورة العلق,6
96,0,بسم الله الرحمٰن الرحيم,سورة العلق,10
96,1,اقرا باسم ربك الذي خلق,سورة العلق,5
96,2,خلق الانسٰن من علق,سورة العلق,5
96,3,اقرا وربك الاكرم,سورة العلق,0
96,4,الذي علم بالقلم,سورة العلق,15
96,5,علم الانسٰن ما لم يعلم,سورة العلق,15
96,6,كلا ان الانسٰن ليطغىٰ,سورة العلق,22
96,7,ان رءاه استغنىٰ,سورة العلق,19
96,8,ان الىٰ ربك الرجعىٰ,سورة العلق,4
96,9,ارءيت الذي ينهىٰ,سورة العلق,0
96,10,عبدا اذا صلىٰ,سورة العلق,11
96,11,ارءيت ان كان على الهدىٰ,سورة العلق,53
96,12,او امر بالتقوىٰ,سورة العلق,30
96,13,ارءيت ان كذب وتولىٰ,سورة العلق,53
96,14,الم يعلم بان الله يرىٰ,سورة العلق,55
96,15,كلا لئن لم ينته لنسفعا بالناصية,سورة العلق,22
96,16,ناصية كٰذبة خاطئة,سورة العلق,0
96,17,فليدع ناديه,سورة العلق,0
96,18,سندع الزبانية,سورة العلق,0
96,19,كلا لا تطعه واسجد واقترب,سورة العلق,22
97,0,سورة القدر,سورة القدر,6
97,1,بسم الله الرحمٰن الرحيمانا انزلنٰه في ليلة القدر,سورة القدر,8
97,2,وما ادرىٰك ما ليلة القدر,سورة القدر,29
97,3,ليلة القدر خير من الف شهر,سورة القدر,59
97,4,تنزل الملٰئكة والروح فيها باذن ربهم من كل امر,سورة القدر,38
97,5,سلٰم هي حتىٰ مطلع الفجر,سورة القدر,18
98,0,سورة البينة,سورة البينة,6
98,0,بسم الله الرحمٰن الرحيم,سورة البينة,10
98,1,لم يكن الذين كفروا من اهل الكتٰب والمشركين منفكين حتىٰ تاتيهم البينة,سورة البينة,59
98,2,رسول من الله يتلوا صحفا مطهرة,سورة البينة,59
98,3,فيها كتب قيمة,سورة البينة,38
98,4,وما تفرق الذين اوتوا الكتٰب الا من بعد ما جاءتهم البينة,سورة البينة,31
98,5,وما امروا الا ليعبدوا الله مخلصين له الدين حنفاء ويقيموا الصلوٰة ويؤتوا الزكوٰة وذٰلك دين القيمة,سورة البينة,31
98,6,ان الذين كفروا من اهل الكتٰب والمشركين في نار جهنم خٰلدين فيها اولٰئك هم شر البرية,سورة البينة,63
98,7,ان الذين ءامنوا وعملوا الصٰلحٰت اولٰئك هم خير البرية,سورة البينة,2
98,8,جزاؤهم عند ربهم جنٰت عدن تجري من تحتها الانهٰر خٰلدين فيها ابدا رضي الله عنهم ورضوا عنه ذٰلك لمن خشي ربه,سورة البينة,13
99,0,سورة الزلزلة,سورة الزلزلة,6
99,0,بسم الله الرحمٰن الرحيم,سورة الزلزلة,10
99,1,اذا زلزلت الارض زلزالها,سورة الزلزلة,11
99,2,واخرجت الارض اثقالها,سورة الزلزلة,0
99,3,وقال الانسٰن ما لها,سورة الزلزلة,39
99,4,يومئذ تحدث اخبارها,سورة الزلزلة,34
99,5,بان ربك اوحىٰ لها,سورة الزلزلة,39
99,6,يومئذ يصدر الناس اشتاتا ليروا اعمٰلهم,سورة الزلزلة,34
99,7,فمن يعمل مثقال ذرة خيرا يره,سورة الزلزلة,0
99,8,ومن يعمل مثقال ذرة شرا يره,سورة الزلزلة,0
100,0,سورة العاديات,سورة العاديات,6
100,0,بسم الله الرحمٰن الرحيم,سورة العاديات,10
100,1,والعٰديٰت ضبحا,سورة العاديات,0
100,2,فالموريٰت قدحا,سورة العاديات,0
100,3,فالمغيرٰت صبحا,سورة العاديات,0
100,4,فاثرن به نقعا,سورة العاديات,41
100,5,فوسطن به جمعا,سورة العاديات,41
100,6,ان الانسٰن لربه لكنود,سورة العاديات,19
100,7,وانه علىٰ ذٰلك لشهيد,سورة العاديات,65
100,8,وانه لحب الخير لشديد,سورة العاديات,65
100,9,افلا يعلم اذا بعثر ما في القبور,سورة العاديات,11
100,10,وحصل ما في الصدور,سورة العاديات,8
100,11,ان ربهم بهم يومئذ لخبير,سورة العاديات,34
101,0,سورة القارعة,سورة القارعة,6
101,0,بسم الله الرحمٰن الرحيم,سورة القارعة,10
101,1,القارعة,سورة القارعة,0
101,2,ما القارعة,سورة القارعة,0
101,3,وما ادرىٰك ما القارعة,سورة القارعة,29
101,4,يوم يكون الناس كالفراش المبثوث,سورة القارعة,56
101,5,وتكون الجبال كالعهن المنفوش,سورة القارعة,0
101,6,فاما من ثقلت موٰزينه,سورة القارعة,59
101,7,فهو في عيشة راضية,سورة القارعة,0
101,8,واما من خفت موٰزينه,سورة القارعة,59
101,9,فامه هاوية,سورة القارعة,0
101,10,وما ادرىٰك ما هيه,سورة القارعة,29
101,11,نار حامية,سورة القارعة,0
102,0,سورة التكاثر,سورة التكاثر,6
102,0,بسم الله الرحمٰن الرحيم,سورة التكاثر,10
102,1,الهىٰكم التكاثر,سورة التكاثر,45
102,2,حتىٰ زرتم المقابر,سورة التكاثر,18
102,3,كلا سوف تعلمون,سورة التكاثر,22
102,4,ثم كلا سوف تعلمون,سورة التكاثر,22
102,5,كلا لو تعلمون علم اليقين,سورة التكاثر,22
102,6,لترون الجحيم,سورة التكاثر,0
102,7,ثم لترونها عين اليقين,سورة التكاثر,69
102,8,ثم لتسلن يومئذ عن النعيم,سورة التكاثر,34
103,0,سورة العصر,سورة العصر,6
103,0,بسم الله الرحمٰن الرحيم,سورة العصر,10
103,1,والعصر,سورة العصر,0
103,2,ان الانسٰن لفي خسر,سورة العصر,19
103,3,الا الذين ءامنوا وعملوا الصٰلحٰت وتواصوا بالحق وتواصوا بالصبر,سورة العصر,2
104,0,سورة الهمزة,سورة الهمزة,6
104,0,بسم الله الرحمٰن الرحيم,سورة الهمزة,10
104,1,ويل لكل همزة لمزة,سورة الهمزة,34
104,2,الذي جمع مالا وعدده,سورة الهمزة,0
104,3,يحسب ان ماله اخلده,سورة الهمزة,19
104,4,كلا لينبذن في الحطمة,سورة الهمزة,22
104,5,وما ادرىٰك ما الحطمة,سورة الهمزة,29
104,6,نار الله الموقدة,سورة الهمزة,3
104,7,التي تطلع على الافدة,سورة الهمزة,67
104,8,انها عليهم مؤصدة,سورة الهمزة,0
104,9,في عمد ممددة,سورة الهمزة,8
105,0,سورة الفيل,سورة الفيل,6
105,0,بسم الله الرحمٰن الرحيم,سورة الفيل,10
105,1,الم تر كيف فعل ربك باصحٰب الفيل,سورة الفيل,55
105,2,الم يجعل كيدهم في تضليل,سورة الفيل,55
105,3,وارسل عليهم طيرا ابابيل,سورة الفيل,0
105,4,ترميهم بحجارة من سجيل,سورة الفيل,59
105,5,فجعلهم كعصف ماكول,سورة الفيل,0
106,0,سورة قريش,سورة قريش,6
106,0,بسم الله الرحمٰن الرحيم,سورة قريش,10
106,1,لايلٰف قريش,سورة قريش,0
106,2,الٰفهم رحلة الشتاء والصيف,سورة قريش,0
106,3,فليعبدوا رب هٰذا البيت,سورة قريش,20
106,4,الذي اطعمهم من جوع وءامنهم من خوف,سورة قريش,59
107,0,سورة الماعون,سورة الماعون,6
107,0,بسم الله الرحمٰن الرحيم,سورة الماعون,10
107,1,ارءيت الذي يكذب بالدين,سورة الماعون,0
107,2,فذٰلك الذي يدع اليتيم,سورة الماعون,21
107,3,ولا يحض علىٰ طعام المسكين,سورة الماعون,44
107,4,فويل للمصلين,سورة الماعون,0
107,5,الذين هم عن صلاتهم ساهون,سورة الماعون,9
107,6,الذين هم يراءون,سورة الماعون,9
107,7,ويمنعون الماعون,سورة الماعون,0
108,0,سورة الكوثر,سورة الكوثر,6
108,0,بسم الله الرحمٰن الرحيم,سورة الكوثر,10
108,1,انا اعطينٰك الكوثر,سورة الكوثر,37
108,2,فصل لربك وانحر,سورة الكوثر,0
108,3,ان شانئك هو الابتر,سورة الكوثر,0
109,0,سورة الكافرون,سورة الكافرون,6
109,0,بسم الله الرحمٰن الرحيم,سورة الكافرون,10
109,1,قل يٰايها الكٰفرون,سورة الكافرون,7
109,2,لا اعبد ما تعبدون,سورة الكافرون,43
109,3,ولا انتم عٰبدون ما اعبد,سورة الكافرون,44
109,4,ولا انا عابد ما عبدتم,سورة الكافرون,37
109,5,ولا انتم عٰبدون ما اعبد,سورة الكافرون,44
109,6,لكم دينكم ولي دين,سورة الكافرون,0
110,0,سورة النصر,سورة النصر,6
110,0,بسم الله الرحمٰن الرحيم,سورة النصر,10
110,1,اذا جاء نصر الله والفتح,سورة النصر,11
110,2,ورايت الناس يدخلون في دين الله افواجا,سورة النصر,8
110,3,فسبح بحمد ربك واستغفره انه كان توابا,سورة النصر,36
111,0,سورة المسد,سورة المسد,6
111,0,بسم الله الرحمٰن الرحيم,سورة المسد,10
111,1,تبت يدا ابي لهب وتب,سورة المسد,0
111,2,ما اغنىٰ عنه ماله وما كسب,سورة المسد,15
111,3,سيصلىٰ نارا ذات لهب,سورة المسد,0
111,4,وامراته حمالة الحطب,سورة المسد,0
111,5,في جيدها حبل من مسد,سورة المسد,8
112,0,سورة الاخلاص,سورة الاخلاص,6
112,0,بسم الله الرحمٰن الرحيم,سورة الاخلاص,10
112,1,قل هو الله احد,سورة الاخلاص,17
112,2,الله الصمد,سورة الاخلاص,3
112,3,لم يلد ولم يولد,سورة الاخلاص,0
112,4,ولم يكن له كفوا احد,سورة الاخلاص,0
113,0,سورة الفلق,سورة الفلق,6
113,0,بسم الله الرحمٰن الرحيم,سورة الفلق,10
113,1,قل اعوذ برب الفلق,سورة الفلق,0
113,2,من شر ما خلق,سورة الفلق,5
113,3,ومن شر غاسق اذا وقب,سورة الفلق,11
113,4,ومن شر النفٰثٰت في العقد,سورة الفلق,8
113,5,ومن شر حاسد اذا حسد,سورة الفلق,11
114,0,سورة الناس,سورة الناس,6
114,0,بسم الله الرحمٰن الرحيم,سورة الناس,10
114,1,قل اعوذ برب الناس,سورة الناس,0
114,2,ملك الناس,سورة الناس,0
114,3,الٰه الناس,سورة الناس,17
114,4,من شر الوسواس الخناس,سورة الناس,59
114,5,الذي يوسوس في صدور الناس,سورة الناس,8
114,6,من الجنة والناس,سورة الناس,59
